tenantName;operatorId;factoryCount;factories;group;note
pal;5;1;Default;Default;
pal;6;1;Default;Default;
pal;9;1;Default;Default;
pal;23;1;Default;Default;
pal;24;1;Default;Default;
pal;25;1;Default;Default;
pal;27;1;Default;Default;
pal;36;1;Default;Default;
pal;45;1;Default;Default;
pal;47;1;Default;Default;
pal;49;1;Default;Default;
pal;51;1;Default;Default;
pal;52;1;Default;Default;
pal;53;1;Default;Default;
pal;59;1;Default;Default;
pal;61;1;Default;Default;
pal;64;1;Default;Default;
pal;67;1;Default;Default;
pal;69;1;Default;Default;
pal;71;1;Default;Default;
pal;74;1;Default;Default;
pal;77;1;Default;Default;
pal;79;1;Default;Default;
pal;80;1;Default;Default;
pal;81;1;Default;Default;
pal;82;1;Default;Default;
pal;83;1;Default;Default;
pal;84;1;Default;Default;
pal;85;1;Default;Default;
pal;86;1;Default;Default;
menexopoulos;1;1;Menexopoulos;Menexopoulos;
menexopoulos;2;1;Menexopoulos;Menexopoulos;
menexopoulos;4;1;Menexopoulos;Menexopoulos;
menexopoulos;5;1;Menexopoulos;Menexopoulos;
menexopoulos;6;1;Menexopoulos;Menexopoulos;
menexopoulos;8;1;Menexopoulos;Menexopoulos;
jpr;1;1;Default;Default;
jpr;2;1;Default;Default;
fredericrobinson;1;1;Default;Default;
fredericrobinson;3;1;Default;Default;
fredericrobinson;5;1;Default;Default;
fredericrobinson;6;1;Default;Default;
fredericrobinson;7;1;Default;Default;
fredericrobinson;8;1;Default;Default;
fredericrobinson;9;1;Default;Default;
fredericrobinson;10;1;Default;Default;
fredericrobinson;13;1;Default;Default;
fredericrobinson;14;1;Default;Default;
fredericrobinson;15;1;Default;Default;
fredericrobinson;16;1;Default;Default;
fredericrobinson;17;1;Default;Default;
bonnasabla;1;1;SAINT JEAN DE LOSNE;SAINT JEAN DE LOSNE;
bonnasabla;2;1;SAINT JEAN DE LOSNE;SAINT JEAN DE LOSNE;
bonnasabla;3;1;SAINT JEAN DE LOSNE;SAINT JEAN DE LOSNE;
noblefoods;2;1;Default;Default;
noblefoods;3;1;Default;Default;
noblefoods;4;1;Default;Default;
noblefoods;5;1;Default;Default;
noblefoods;6;1;Default;Default;
noblefoods;7;1;Default;Default;
noblefoods;8;1;Default;Default;
noblefoods;9;1;Default;Default;
noblefoods;10;1;Default;Default;
noblefoods;11;1;Default;Default;
noblefoods;12;1;Default;Default;
noblefoods;13;1;Default;Default;
noblefoods;14;1;Default;Default;
noblefoods;15;1;Default;Default;
noblefoods;16;1;Default;Default;
noblefoods;17;1;Default;Default;
noblefoods;18;1;Default;Default;
noblefoods;19;1;Default;Default;
noblefoods;20;1;Default;Default;
noblefoods;21;1;Default;Default;
noblefoods;22;1;Default;Default;
noblefoods;23;1;Default;Default;
noblefoods;24;1;Default;Default;
noblefoods;25;1;Default;Default;
noblefoods;26;1;Default;Default;
noblefoods;27;1;Default;Default;
noblefoods;28;1;Default;Default;
noblefoods;29;1;Default;Default;
noblefoods;30;1;Default;Default;
noblefoods;31;1;Default;Default;
noblefoods;32;1;Default;Default;
noblefoods;33;1;Default;Default;
noblefoods;34;1;Default;Default;
noblefoods;35;1;Default;Default;
noblefoods;36;1;Default;Default;
noblefoods;37;1;Default;Default;
noblefoods;38;1;Default;Default;
noblefoods;39;1;Default;Default;
varska;1;1;Värska tehas;Värska tehas;
varska;2;1;Värska tehas;Värska tehas;
varska;3;1;Värska tehas;Värska tehas;
varska;4;1;Värska tehas;Värska tehas;
lactalis;1;1;Rowville;Rowville;
lactalis;2;1;Rowville;Rowville;
lactalis;3;1;Rowville;Rowville;
lactalis;4;1;Rowville;Rowville;
lactalis;5;1;Rowville;Rowville;
lactalis;6;1;Rowville;Rowville;
lactalis;7;1;Rowville;Rowville;
lactalis;8;1;Rowville;Rowville;
lactalis;9;1;Rowville;Rowville;
lactalis;10;1;Rowville;Rowville;
lactalis;11;1;Rowville;Rowville;
lactalis;12;1;Rowville;Rowville;
lactalis;14;1;Rowville;Rowville;
lactalis;15;1;Rowville;Rowville;
lactalis;17;1;Rowville;Rowville;
lactalis;18;1;Rowville;Rowville;
lactalis;19;1;Rowville;Rowville;
lactalis;20;1;Rowville;Rowville;
lactalis;21;1;Rowville;Rowville;
lactalis;22;1;Rowville;Rowville;
lactalis;24;1;Rowville;Rowville;
lactalis;25;1;Rowville;Rowville;
lactalis;26;1;Rowville;Rowville;
lactalis;27;1;Clarence Gardens;Clarence Gardens;
lactalis;28;1;Clarence Gardens;Clarence Gardens;
lactalis;29;1;Clarence Gardens;Clarence Gardens;
lactalis;30;1;Clarence Gardens;Clarence Gardens;
lactalis;31;1;Clarence Gardens;Clarence Gardens;
lactalis;32;1;Clarence Gardens;Clarence Gardens;
lactalis;33;1;Clarence Gardens;Clarence Gardens;
lactalis;34;1;Clarence Gardens;Clarence Gardens;
lactalis;35;1;Clarence Gardens;Clarence Gardens;
lactalis;36;1;Rowville;Rowville;
lactalis;37;1;Rowville;Rowville;
lactalis;38;1;Rowville;Rowville;
lactalis;39;1;Rowville;Rowville;
lactalis;40;1;Rowville;Rowville;
lactalis;41;1;Rowville;Rowville;
lactalis;42;1;Rowville;Rowville;
lactalis;43;1;Rowville;Rowville;
lactalis;44;1;Rowville;Rowville;
lactalis;45;1;Rowville;Rowville;
lactalis;46;1;Rowville;Rowville;
lactalis;48;1;Rowville;Rowville;
lactalis;49;1;Rowville;Rowville;
lactalis;50;1;Rowville;Rowville;
lactalis;51;1;Rowville;Rowville;
lactalis;52;1;Rowville;Rowville;
lactalis;53;1;Rowville;Rowville;
lactalis;54;1;Rowville;Rowville;
lactalis;55;1;Rowville;Rowville;
lactalis;56;1;Rowville;Rowville;
lactalis;57;1;Rowville;Rowville;
lactalis;58;1;Rowville;Rowville;
lactalis;59;1;Jalna;Jalna;
lactalis;60;1;Jalna;Jalna;
lactalis;61;1;Jalna;Jalna;
lactalis;62;1;Nambour;Nambour;
lactalis;63;1;Nambour;Nambour;
lactalis;64;1;Nambour;Nambour;
lactalis;65;1;Nambour;Nambour;
lactalis;66;1;Nambour;Nambour;
lactalis;67;1;Nambour;Nambour;
lactalis;68;1;Nambour;Nambour;
lactalis;69;1;Nambour;Nambour;
lactalis;70;1;Nambour;Nambour;
lactalis;71;1;Nambour;Nambour;
lactalis;72;1;Nambour;Nambour;
lactalis;73;1;Nambour;Nambour;
lactalis;74;1;Nambour;Nambour;
lactalis;75;1;Nambour;Nambour;
lactalis;76;1;Nambour;Nambour;
lactalis;78;1;Bendigo;Bendigo;
lactalis;79;1;Bendigo;Bendigo;
lactalis;80;1;Bendigo;Bendigo;
lactalis;81;1;Bendigo;Bendigo;
lactalis;82;1;Bendigo;Bendigo;
lactalis;83;1;Bendigo;Bendigo;
lactalis;84;1;Bendigo;Bendigo;
lactalis;85;1;Bendigo;Bendigo;
lactalis;86;1;Bendigo;Bendigo;
lactalis;87;1;Bendigo;Bendigo;
lactalis;88;1;Bendigo;Bendigo;
lactalis;89;1;Bendigo;Bendigo;
lactalis;90;1;Bendigo;Bendigo;
lactalis;91;1;Bendigo;Bendigo;
lactalis;92;1;Lidcombe;Lidcombe;
lactalis;93;1;Nambour;Nambour;
lactalis;94;1;Nambour;Nambour;
lactalis;95;1;Bendigo;Bendigo;
lactalis;96;1;Rowville;Rowville;
valiovoru;1;1;Default;Default;
valiovoru;3;1;Default;Default;
valiovoru;5;1;Default;Default;
valiovoru;6;1;Default;Default;
valiovoru;8;1;Default;Default;
valiovoru;9;1;Default;Default;
valiovoru;10;1;Default;Default;
valiovoru;11;1;Default;Default;
valiovoru;12;1;Default;Default;
valiovoru;13;1;Default;Default;
valiovoru;14;1;Default;Default;
valiovoru;16;1;Default;Default;
valiovoru;17;1;Default;Default;
valiovoru;18;1;Default;Default;
valiovoru;19;1;Default;Default;
valiovoru;20;1;Default;Default;
valiovoru;21;1;Default;Default;
valiovoru;22;1;Default;Default;
valiovoru;23;1;Default;Default;
valiovoru;25;1;Default;Default;
valiovoru;27;1;Default;Default;
valiovoru;28;1;Default;Default;
valiovoru;31;1;Default;Default;
valiovoru;32;1;Default;Default;
valiovoru;33;1;Default;Default;
valiovoru;34;1;Default;Default;
valiovoru;35;1;Default;Default;
valiovoru;36;1;Default;Default;
valiovoru;37;1;Default;Default;
valiovoru;38;1;Default;Default;
valiovoru;39;1;Default;Default;
valiovoru;40;1;Default;Default;
valiovoru;41;1;Default;Default;
valiovoru;42;1;Default;Default;
valiovoru;43;1;Default;Default;
valiovoru;44;1;Default;Default;
valiovoru;45;1;Default;Default;
valiovoru;46;1;Default;Default;
valiovoru;47;1;Default;Default;
valiovoru;48;1;Default;Default;
valiovoru;49;1;Default;Default;
valiovoru;51;1;Default;Default;
valiovoru;52;1;Default;Default;
valiovoru;62;1;Default;Default;
valiovoru;66;1;Default;Default;
valiovoru;67;1;Default;Default;
valiovoru;68;1;Default;Default;
valiovoru;69;1;Default;Default;
valiovoru;70;1;Default;Default;
valiovoru;72;1;Default;Default;
valiovoru;75;1;Default;Default;
valiovoru;78;1;Default;Default;
valiovoru;81;1;Default;Default;
valiovoru;82;1;Default;Default;
valiovoru;83;1;Default;Default;
valiovoru;84;1;Default;Default;
valiovoru;85;1;Default;Default;
valiovoru;90;1;Default;Default;
valiovoru;91;1;Default;Default;
valiovoru;92;1;Default;Default;
valiovoru;93;1;Default;Default;
valiovoru;94;1;Default;Default;
valiovoru;96;1;Default;Default;
valiovoru;97;1;Default;Default;
teperberg;1;1;Teperberg;Teperberg;
teperberg;2;1;Teperberg;Teperberg;
teperberg;3;1;Teperberg;Teperberg;
teperberg;4;1;Teperberg;Teperberg;
coffeeisland;2;1;Patras;Patras;
coffeeisland;3;1;Patras;Patras;
coffeeisland;4;1;Patras;Patras;
coffeeisland;5;1;Patras;Patras;
coffeeisland;6;1;Patras;Patras;
coffeeisland;7;1;Patras;Patras;
coffeeisland;8;1;Patras;Patras;
coffeeisland;9;1;Patras;Patras;
coffeeisland;10;1;Patras;Patras;
coffeeisland;11;1;Patras;Patras;
coffeeisland;12;1;Patras;Patras;
coffeeisland;13;1;Patras;Patras;
coffeeisland;14;1;Patras;Patras;
agrofrut;1;1;Envasadora;Envasadora;
novatrade;1;1;Default;Default;
novatrade;3;1;Default;Default;
novatrade;4;1;Default;Default;
novatrade;5;1;Default;Default;
novatrade;6;1;Default;Default;
novatrade;7;1;Default;Default;
steelcurtainconsulting;1;4;Construction Materials Factory, Food and Beverage Factory, General Factory, Pharmaceuticals Factory;Construction Materials Factory, Food and Beverage Factory, General Factory, Pharmaceuticals Factory;multi-factory
steelcurtainconsulting;2;4;Construction Materials Factory, Food and Beverage Factory, General Factory, Pharmaceuticals Factory;Construction Materials Factory, Food and Beverage Factory, General Factory, Pharmaceuticals Factory;multi-factory
steelcurtainconsulting;5;4;Construction Materials Factory, Food and Beverage Factory, General Factory, Pharmaceuticals Factory;Construction Materials Factory, Food and Beverage Factory, General Factory, Pharmaceuticals Factory;multi-factory
steelcurtainconsulting;7;4;Construction Materials Factory, Food and Beverage Factory, General Factory, Pharmaceuticals Factory;Construction Materials Factory, Food and Beverage Factory, General Factory, Pharmaceuticals Factory;multi-factory
steelcurtainconsulting;9;4;Construction Materials Factory, Food and Beverage Factory, General Factory, Pharmaceuticals Factory;Construction Materials Factory, Food and Beverage Factory, General Factory, Pharmaceuticals Factory;multi-factory
steelcurtainconsulting;19;4;Construction Materials Factory, Food and Beverage Factory, General Factory, Pharmaceuticals Factory;Construction Materials Factory, Food and Beverage Factory, General Factory, Pharmaceuticals Factory;multi-factory
steelcurtainconsulting;22;4;Construction Materials Factory, Food and Beverage Factory, General Factory, Pharmaceuticals Factory;Construction Materials Factory, Food and Beverage Factory, General Factory, Pharmaceuticals Factory;multi-factory
steelcurtainconsulting;26;4;Construction Materials Factory, Food and Beverage Factory, General Factory, Pharmaceuticals Factory;Construction Materials Factory, Food and Beverage Factory, General Factory, Pharmaceuticals Factory;multi-factory
steelcurtainconsulting;44;4;Construction Materials Factory, Food and Beverage Factory, General Factory, Pharmaceuticals Factory;Construction Materials Factory, Food and Beverage Factory, General Factory, Pharmaceuticals Factory;multi-factory
pivka;1;1;Default;Default;
pivka;6;1;Default;Default;
pivka;7;1;Default;Default;
pivka;8;1;Default;Default;
pivka;9;1;Default;Default;
pivka;10;1;Default;Default;
pivka;12;1;Default;Default;
pivka;13;1;Default;Default;
pivka;14;1;Default;Default;
pivka;15;1;Default;Default;
pivka;16;1;Default;Default;
pivka;17;1;Default;Default;
pivka;18;1;Default;Default;
pivka;19;1;Default;Default;
pivka;21;1;Default;Default;
pivka;24;1;Default;Default;
pivka;25;1;Default;Default;
pivka;26;1;Default;Default;
pivka;27;1;Default;Default;
sklavenitis;1;1;Sklavenitis;Sklavenitis;
sklavenitis;2;1;Sklavenitis;Sklavenitis;
megaplastc;1;1;Megaplastc;Megaplastc;
megaplastc;2;1;Megaplastc;Megaplastc;
megaplastc;3;1;Megaplastc;Megaplastc;
megaplastc;4;1;Megaplastc;Megaplastc;
berner;2;2;H1, H2;H1, H2;multi-factory
berner;3;2;H1, H2;H1, H2;multi-factory
berner;4;2;H1, H2;H1, H2;multi-factory
berner;5;2;H1, H2;H1, H2;multi-factory
berner;6;2;H1, H2;H1, H2;multi-factory
berner;7;2;H1, H2;H1, H2;multi-factory
berner;8;2;H1, H2;H1, H2;multi-factory
berner;9;2;H1, H2;H1, H2;multi-factory
berner;10;2;H1, H2;H1, H2;multi-factory
berner;11;2;H1, H2;H1, H2;multi-factory
berner;12;2;H1, H2;H1, H2;multi-factory
berner;13;2;H1, H2;H1, H2;multi-factory
berner;14;2;H1, H2;H1, H2;multi-factory
berner;15;2;H1, H2;H1, H2;multi-factory
berner;16;2;H1, H2;H1, H2;multi-factory
berner;17;2;H1, H2;H1, H2;multi-factory
berner;18;2;H1, H2;H1, H2;multi-factory
berner;19;2;H1, H2;H1, H2;multi-factory
berner;20;2;H1, H2;H1, H2;multi-factory
berner;21;2;H1, H2;H1, H2;multi-factory
berner;22;2;H1, H2;H1, H2;multi-factory
berner;23;2;H1, H2;H1, H2;multi-factory
berner;24;2;H1, H2;H1, H2;multi-factory
cottagefarms;1;1;Cottagefarms;Cottagefarms;
cottagefarms;2;1;Cottagefarms;Cottagefarms;
cottagefarms;3;1;Cottagefarms;Cottagefarms;
snmm;1;1;Moulins du maghreb;Moulins du maghreb;
snmm;2;1;Moulins du maghreb;Moulins du maghreb;
snmm;3;1;Moulins du maghreb;Moulins du maghreb;
snmm;4;1;Moulins du maghreb;Moulins du maghreb;
snmm;5;1;Moulins du maghreb;Moulins du maghreb;
snmm;6;1;Moulins du maghreb;Moulins du maghreb;
snmm;7;1;Moulins du maghreb;Moulins du maghreb;
snmm;8;1;Moulins du maghreb;Moulins du maghreb;
snmm;9;1;Moulins du maghreb;Moulins du maghreb;
snmm;10;1;Moulins du maghreb;Moulins du maghreb;
snmm;11;1;Moulins du maghreb;Moulins du maghreb;
snmm;12;1;Moulins du maghreb;Moulins du maghreb;
snmm;13;1;Moulins du maghreb;Moulins du maghreb;
snmm;14;1;Moulins du maghreb;Moulins du maghreb;
snmm;15;1;Moulins du maghreb;Moulins du maghreb;
snmm;16;1;Moulins du maghreb;Moulins du maghreb;
snmm;17;1;Moulins du maghreb;Moulins du maghreb;
snmm;18;1;Moulins du maghreb;Moulins du maghreb;
snmm;19;1;Moulins du maghreb;Moulins du maghreb;
snmm;20;1;Moulins du maghreb;Moulins du maghreb;
snmm;21;1;Moulins du maghreb;Moulins du maghreb;
snmm;22;1;Moulins du maghreb;Moulins du maghreb;
snmm;23;1;Moulins du maghreb;Moulins du maghreb;
snmm;24;1;Moulins du maghreb;Moulins du maghreb;
snmm;25;1;Moulins du maghreb;Moulins du maghreb;
snmm;26;1;Moulins du maghreb;Moulins du maghreb;
snmm;27;1;Moulins du maghreb;Moulins du maghreb;
snmm;28;1;Moulins du maghreb;Moulins du maghreb;
snmm;29;1;Moulins du maghreb;Moulins du maghreb;
snmm;30;1;Moulins du maghreb;Moulins du maghreb;
snmm;31;1;Moulins du maghreb;Moulins du maghreb;
snmm;32;1;Moulins du maghreb;Moulins du maghreb;
snmm;34;1;Moulins du maghreb;Moulins du maghreb;
snmm;35;1;Moulins du maghreb;Moulins du maghreb;
snmm;36;1;Moulins du maghreb;Moulins du maghreb;
snmm;37;1;Moulins du maghreb;Moulins du maghreb;
snmm;38;1;Moulins du maghreb;Moulins du maghreb;
snmm;39;1;Moulins du maghreb;Moulins du maghreb;
snmm;40;1;Moulins du maghreb;Moulins du maghreb;
snmm;41;1;Moulins du maghreb;Moulins du maghreb;
snmm;42;1;Moulins du maghreb;Moulins du maghreb;
snmm;43;1;Moulins du maghreb;Moulins du maghreb;
snmm;44;1;Moulins du maghreb;Moulins du maghreb;
snmm;45;1;Moulins du maghreb;Moulins du maghreb;
snmm;46;1;Moulins du maghreb;Moulins du maghreb;
snmm;47;1;Moulins du maghreb;Moulins du maghreb;
snmm;48;1;Moulins du maghreb;Moulins du maghreb;
snmm;49;1;Moulins du maghreb;Moulins du maghreb;
snmm;50;1;Moulins du maghreb;Moulins du maghreb;
snmm;51;1;Moulins du maghreb;Moulins du maghreb;
snmm;52;1;Moulins du Berrchid;Moulins du Berrchid;
snmm;53;1;Moulins du Berrchid;Moulins du Berrchid;
snmm;55;1;Moulins du Berrchid;Moulins du Berrchid;
snmm;56;1;Moulins du Berrchid;Moulins du Berrchid;
snmm;58;1;Moulins du maghreb;Moulins du maghreb;
snmm;59;1;Moulins du maghreb;Moulins du maghreb;
snmm;60;1;Moulins du maghreb;Moulins du maghreb;
snmm;61;1;Moulins du maghreb;Moulins du maghreb;
snmm;62;1;Moulins du maghreb;Moulins du maghreb;
snmm;63;1;Moulins du maghreb;Moulins du maghreb;
snmm;64;1;Moulins du maghreb;Moulins du maghreb;
snmm;65;1;Moulins du Berrchid;Moulins du Berrchid;
snmm;66;1;Moulins du maghreb;Moulins du maghreb;
snmm;67;1;Moulins du maghreb;Moulins du maghreb;
snmm;68;1;Moulins du maghreb;Moulins du maghreb;
snmm;69;1;Moulins du maghreb;Moulins du maghreb;
snmm;70;1;Moulins du maghreb;Moulins du maghreb;
dourdinromania;7;1;Dourdin Romania;Dourdin Romania;
dourdinromania;8;1;Dourdin Romania;Dourdin Romania;
dourdinromania;9;1;Dourdin Romania;Dourdin Romania;
dourdinromania;11;1;Dourdin Romania;Dourdin Romania;
dourdinromania;21;1;Dourdin Romania;Dourdin Romania;
dourdinromania;24;1;Dourdin Romania;Dourdin Romania;
dourdinromania;26;1;Dourdin Romania;Dourdin Romania;
dourdinromania;32;1;Dourdin Romania;Dourdin Romania;
dourdinromania;42;1;Dourdin Romania;Dourdin Romania;
dourdinromania;46;1;Dourdin Romania;Dourdin Romania;
dourdinromania;50;1;Dourdin Romania;Dourdin Romania;
dourdinromania;51;1;Dourdin Romania;Dourdin Romania;
dourdinromania;52;1;Dourdin Romania;Dourdin Romania;
dourdinromania;58;1;Dourdin Romania;Dourdin Romania;
dourdinromania;59;1;Dourdin Romania;Dourdin Romania;
dourdinromania;62;1;Dourdin Romania;Dourdin Romania;
dourdinromania;63;1;Dourdin Romania;Dourdin Romania;
dourdinromania;64;1;Dourdin Romania;Dourdin Romania;
dourdinromania;65;1;Dourdin Romania;Dourdin Romania;
dourdinromania;66;1;Dourdin Romania;Dourdin Romania;
dourdinromania;67;1;Dourdin Romania;Dourdin Romania;
dourdinromania;68;1;Dourdin Romania;Dourdin Romania;
dourdinromania;69;1;Dourdin Romania;Dourdin Romania;
dourdinromania;70;1;Dourdin Romania;Dourdin Romania;
dourdinromania;71;1;Dourdin Romania;Dourdin Romania;
dourdinromania;72;1;Dourdin Romania;Dourdin Romania;
dourdinromania;74;1;Dourdin Romania;Dourdin Romania;
dourdinromania;76;1;Dourdin Romania;Dourdin Romania;
dourdinromania;79;1;Dourdin Romania;Dourdin Romania;
dourdinromania;81;1;Dourdin Romania;Dourdin Romania;
dourdinromania;82;1;Dourdin Romania;Dourdin Romania;
dourdinromania;83;1;Dourdin Romania;Dourdin Romania;
dourdinromania;84;1;Dourdin Romania;Dourdin Romania;
dourdinromania;87;1;Dourdin Romania;Dourdin Romania;
dourdinromania;106;1;Dourdin Romania;Dourdin Romania;
dourdinromania;107;1;Dourdin Romania;Dourdin Romania;
dourdinromania;113;1;Dourdin Romania;Dourdin Romania;
dourdinromania;115;1;Dourdin Romania;Dourdin Romania;
dourdinromania;116;1;Dourdin Romania;Dourdin Romania;
dourdinromania;117;1;Dourdin Romania;Dourdin Romania;
dourdinromania;118;1;Dourdin Romania;Dourdin Romania;
dourdinromania;120;1;Dourdin Romania;Dourdin Romania;
dourdinromania;121;1;Dourdin Romania;Dourdin Romania;
dourdinromania;122;1;Dourdin Romania;Dourdin Romania;
dourdinromania;123;1;Dourdin Romania;Dourdin Romania;
dourdinromania;124;1;Dourdin Romania;Dourdin Romania;
lesieurcristal;2;1;CONDITIONNEMENT;CONDITIONNEMENT;
lesieurcristal;3;1;CONDITIONNEMENT;CONDITIONNEMENT;
lesieurcristal;5;1;CONDITIONNEMENT;CONDITIONNEMENT;
lesieurcristal;6;1;CONDITIONNEMENT;CONDITIONNEMENT;
lesieurcristal;7;1;CONDITIONNEMENT;CONDITIONNEMENT;
lesieurcristal;8;1;CONDITIONNEMENT;CONDITIONNEMENT;
lesieurcristal;9;1;CONDITIONNEMENT;CONDITIONNEMENT;
lesieurcristal;10;1;SAVONNERIE;SAVONNERIE;
lesieurcristal;11;1;SAVONNERIE;SAVONNERIE;
lesieurcristal;12;1;SAVONNERIE;SAVONNERIE;
lesieurcristal;13;1;SAVONNERIE;SAVONNERIE;
lesieurcristal;15;1;SAVONNERIE;SAVONNERIE;
lesieurcristal;16;1;SAVONNERIE;SAVONNERIE;
lesieurcristal;17;1;SAVONNERIE;SAVONNERIE;
lesieurcristal;18;1;SAVONNERIE;SAVONNERIE;
lesieurcristal;19;1;SAVONNERIE;SAVONNERIE;
lesieurcristal;20;1;SAVONNERIE;SAVONNERIE;
lesieurcristal;21;1;SAVONNERIE;SAVONNERIE;
lesieurcristal;22;1;SAVONNERIE;SAVONNERIE;
lesieurcristal;23;1;RAFFINAGE;RAFFINAGE;
lesieurcristal;24;1;RAFFINAGE;RAFFINAGE;
lesieurcristal;25;1;RAFFINAGE;RAFFINAGE;
lesieurcristal;26;1;RAFFINAGE;RAFFINAGE;
lesieurcristal;27;1;RAFFINAGE;RAFFINAGE;
lesieurcristal;28;1;COSMETIQUE&DETERGENT;COSMETIQUE&DETERGENT;
lesieurcristal;29;1;COSMETIQUE&DETERGENT;COSMETIQUE&DETERGENT;
lesieurcristal;30;1;COSMETIQUE&DETERGENT;COSMETIQUE&DETERGENT;
lesieurcristal;31;1;COSMETIQUE&DETERGENT;COSMETIQUE&DETERGENT;
lesieurcristal;33;1;RAFFINAGE;RAFFINAGE;
lesieurcristal;34;1;RAFFINAGE;RAFFINAGE;
lesieurcristal;35;1;RAFFINAGE;RAFFINAGE;
lesieurcristal;36;1;RAFFINAGE;RAFFINAGE;
lesieurcristal;37;1;RAFFINAGE;RAFFINAGE;
lesieurcristal;38;1;RAFFINAGE;RAFFINAGE;
lesieurcristal;39;1;RAFFINAGE;RAFFINAGE;
lesieurcristal;44;1;RAFFINAGE;RAFFINAGE;
lesieurcristal;45;1;RAFFINAGE;RAFFINAGE;
lesieurcristal;48;1;RAFFINAGE;RAFFINAGE;
lesieurcristal;49;1;SAVONNERIE;SAVONNERIE;
lesieurcristal;50;1;SAVONNERIE;SAVONNERIE;
lesieurcristal;51;1;SAVONNERIE;SAVONNERIE;
lesieurcristal;52;1;SAVONNERIE;SAVONNERIE;
lesieurcristal;53;1;SAVONNERIE;SAVONNERIE;
lesieurcristal;54;1;SAVONNERIE;SAVONNERIE;
lesieurcristal;55;1;SAVONNERIE;SAVONNERIE;
lesieurcristal;56;1;SAVONNERIE;SAVONNERIE;
lesieurcristal;57;1;SAVONNERIE;SAVONNERIE;
lesieurcristal;59;1;SAVONNERIE;SAVONNERIE;
lesieurcristal;60;1;SAVONNERIE;SAVONNERIE;
lesieurcristal;63;1;CONDITIONNEMENT;CONDITIONNEMENT;
lesieurcristal;64;1;CONDITIONNEMENT;CONDITIONNEMENT;
lesieurcristal;65;1;CONDITIONNEMENT;CONDITIONNEMENT;
lesieurcristal;67;1;CONDITIONNEMENT;CONDITIONNEMENT;
lesieurcristal;68;1;CONDITIONNEMENT;CONDITIONNEMENT;
lesieurcristal;69;1;CONDITIONNEMENT;CONDITIONNEMENT;
lesieurcristal;70;1;CONDITIONNEMENT;CONDITIONNEMENT;
lesieurcristal;71;1;CONDITIONNEMENT;CONDITIONNEMENT;
lesieurcristal;72;1;CONDITIONNEMENT;CONDITIONNEMENT;
lesieurcristal;73;1;CONDITIONNEMENT;CONDITIONNEMENT;
lesieurcristal;79;1;SAVONNERIE;SAVONNERIE;
lesieurcristal;82;1;RAFFINAGE;RAFFINAGE;
lesieurcristal;83;1;RAFFINAGE;RAFFINAGE;
lesieurcristal;84;1;RAFFINAGE;RAFFINAGE;
lesieurcristal;85;1;RAFFINAGE;RAFFINAGE;
lesieurcristal;86;1;RAFFINAGE;RAFFINAGE;
lesieurcristal;87;1;CONDITIONNEMENT;CONDITIONNEMENT;
lesieurcristal;88;1;CONDITIONNEMENT;CONDITIONNEMENT;
lesieurcristal;89;1;CONDITIONNEMENT;CONDITIONNEMENT;
lesieurcristal;90;1;CONDITIONNEMENT;CONDITIONNEMENT;
lesieurcristal;91;1;CONDITIONNEMENT;CONDITIONNEMENT;
lesieurcristal;93;1;COSMETIQUE&DETERGENT;COSMETIQUE&DETERGENT;
lesieurcristal;94;1;COSMETIQUE&DETERGENT;COSMETIQUE&DETERGENT;
lesieurcristal;95;1;RAFFINAGE;RAFFINAGE;
syngenta;1;1;GREY;GREY;
syngenta;2;1;GREY;GREY;
syngenta;5;1;GREY;GREY;
syngenta;6;1;GREY;GREY;
syngenta;7;1;GREY;GREY;
syngenta;8;1;GREY;GREY;
syngenta;10;1;GREY;GREY;
syngenta;11;1;GREY;GREY;
syngenta;12;1;GREY;GREY;
syngenta;13;1;GREY;GREY;
syngenta;14;1;GREY;GREY;
syngenta;15;1;GREY;GREY;
syngenta;16;1;GREY;GREY;
syngenta;17;1;GREY;GREY;
syngenta;18;1;GREY;GREY;
syngenta;19;1;GREY;GREY;
syngenta;20;1;GREY;GREY;
syngenta;21;1;GREY;GREY;
syngenta;23;1;GREY;GREY;
syngenta;24;1;GREY;GREY;
syngenta;25;1;GREY;GREY;
syngenta;26;1;GREY;GREY;
syngenta;27;1;GREY;GREY;
syngenta;28;1;GREY;GREY;
syngenta;29;1;GREY;GREY;
syngenta;30;1;GREY;GREY;
syngenta;32;1;GREY;GREY;
syngenta;34;1;GREY;GREY;
syngenta;35;1;GREY;GREY;
syngenta;45;1;GREY;GREY;
syngenta;48;1;GREY;GREY;
syngenta;49;1;GREY;GREY;
syngenta;50;1;GREY;GREY;
syngenta;51;1;GREY;GREY;
syngenta;52;1;GREY;GREY;
syngenta;53;1;GREY;GREY;
syngenta;54;1;GREY;GREY;
syngenta;55;1;GREY;GREY;
syngenta;56;1;GREY;GREY;
syngenta;57;1;GREY;GREY;
syngenta;58;1;GREY;GREY;
syngenta;59;1;GREY;GREY;
syngenta;60;1;GREY;GREY;
syngenta;61;1;GREY;GREY;
syngenta;62;1;GREY;GREY;
macpac;2;0;;;no stations, no factory - needs a decision
macpac;3;0;;;no stations, no factory - needs a decision
macpac;4;0;;;no stations, no factory - needs a decision
macpac;5;1;Default;Default;
macpac;6;1;Default;Default;
macpac;7;1;Default;Default;
macpac;8;1;Default;Default;
macpac;9;1;Default;Default;
macpac;11;1;Default;Default;
macpac;12;1;Default;Default;
delis;1;1;Delis;Delis;
delis;2;1;Delis;Delis;
delis;3;1;Delis;Delis;
delis;4;1;Delis;Delis;
delis;5;1;Delis;Delis;
delis;6;1;Delis;Delis;
delis;7;1;Delis;Delis;
delis;8;1;Delis;Delis;
delis;11;0;;;no stations, no factory - needs a decision
delis;12;0;;;no stations, no factory - needs a decision
delis;13;0;;;no stations, no factory - needs a decision
delis;14;0;;;no stations, no factory - needs a decision
nucrema2;1;1;Nucrema2;Nucrema2;
nucrema2;2;1;Nucrema2;Nucrema2;
nucrema2;3;1;Nucrema2;Nucrema2;
nucrema2;4;1;Nucrema2;Nucrema2;
sonocoguinea;1;0;;;no stations, no factory - needs a decision
sonocoguinea;2;0;;;no stations, no factory - needs a decision
sonocoguinea;3;0;;;no stations, no factory - needs a decision
sonocoguinea;4;0;;;no stations, no factory - needs a decision
sonocoguinea;5;0;;;no stations, no factory - needs a decision
sonocoguinea;6;0;;;no stations, no factory - needs a decision
sonocoguinea;7;0;;;no stations, no factory - needs a decision
sonocoguinea;8;0;;;no stations, no factory - needs a decision
sonocoguinea;9;1;CBA;CBA;
sonocoguinea;10;1;CBA;CBA;
sonocoguinea;11;1;CBA;CBA;
sonocoguinea;12;1;CBA;CBA;
sonocoguinea;13;1;CBA;CBA;
sonocoguinea;14;1;CBA;CBA;
sonocoguinea;15;1;CBA;CBA;
sonocoguinea;16;1;CBA;CBA;
sonocoguinea;17;1;CBA;CBA;
sonocoguinea;18;1;CBA;CBA;
sonocoguinea;19;1;CBA;CBA;
sonocoguinea;20;1;CBA;CBA;
sonocoguinea;21;0;;;no stations, no factory - needs a decision
sonocoguinea;22;0;;;no stations, no factory - needs a decision
sonocoguinea;23;1;CBA;CBA;
sonocoguinea;24;0;;;no stations, no factory - needs a decision
sonocoguinea;25;0;;;no stations, no factory - needs a decision
sonocoguinea;26;1;CBA;CBA;
sonocoguinea;27;0;;;no stations, no factory - needs a decision
sonocoguinea;28;0;;;no stations, no factory - needs a decision
sonocoguinea;29;1;CBA;CBA;
novara;1;1;Novara;Novara;
novara;2;1;Novara;Novara;
salvest;1;1;Default;Default;
salvest;2;1;Default;Default;
salvest;4;1;Default;Default;
salvest;5;1;Default;Default;
salvest;11;1;Default;Default;
salvest;12;1;Default;Default;
salvest;15;1;Default;Default;
salvest;16;1;Default;Default;
salvest;17;1;Default;Default;
salvest;26;1;Default;Default;
salvest;27;1;Default;Default;
salvest;28;1;Default;Default;
salvest;29;1;Default;Default;
salvest;31;1;Default;Default;
salvest;32;1;Default;Default;
salvest;37;1;Default;Default;
salvest;39;1;Default;Default;
salvest;40;1;Default;Default;
salvest;41;1;Default;Default;
salvest;42;1;Default;Default;
salvest;43;1;Default;Default;
salvest;44;1;Default;Default;
salvest;45;1;Default;Default;
cooperpharma;3;1;Conditionnemnt Solide;Conditionnemnt Solide;
cooperpharma;4;1;Conditionnemnt Solide;Conditionnemnt Solide;
cooperpharma;5;1;Conditionnemnt Solide;Conditionnemnt Solide;
cooperpharma;6;1;Conditionnemnt Solide;Conditionnemnt Solide;
cooperpharma;8;1;Conditionnemnt Solide;Conditionnemnt Solide;
cooperpharma;9;1;Conditionnemnt Solide;Conditionnemnt Solide;
cooperpharma;12;1;Conditionnemnt Solide;Conditionnemnt Solide;
cooperpharma;13;1;Conditionnemnt Solide;Conditionnemnt Solide;
cooperpharma;14;1;Conditionnemnt Solide;Conditionnemnt Solide;
cooperpharma;15;1;Conditionnemnt Solide;Conditionnemnt Solide;
cooperpharma;16;1;Conditionnemnt Solide;Conditionnemnt Solide;
cooperpharma;17;1;Conditionnemnt Solide;Conditionnemnt Solide;
cooperpharma;18;1;Conditionnemnt Solide;Conditionnemnt Solide;
cooperpharma;19;1;Conditionnemnt Solide;Conditionnemnt Solide;
cooperpharma;21;1;Conditionnemnt Solide;Conditionnemnt Solide;
cooperpharma;22;1;Conditionnemnt Solide;Conditionnemnt Solide;
cooperpharma;23;1;Conditionnemnt Solide;Conditionnemnt Solide;
cooperpharma;25;1;Conditionnemnt Solide;Conditionnemnt Solide;
cooperpharma;26;1;Conditionnemnt Solide;Conditionnemnt Solide;
cooperpharma;28;1;Conditionnemnt Solide;Conditionnemnt Solide;
cooperpharma;29;1;Conditionnemnt Solide;Conditionnemnt Solide;
cooperpharma;30;1;Conditionnemnt Solide;Conditionnemnt Solide;
cooperpharma;31;1;Conditionnemnt Solide;Conditionnemnt Solide;
cooperpharma;32;1;Conditionnemnt Solide;Conditionnemnt Solide;
cooperpharma;33;1;Conditionnemnt Solide;Conditionnemnt Solide;
cooperpharma;34;1;Conditionnemnt Solide;Conditionnemnt Solide;
cooperpharma;37;1;Conditionnemnt Solide;Conditionnemnt Solide;
cooperpharma;38;1;Conditionnemnt Solide;Conditionnemnt Solide;
cooperpharma;40;1;Conditionnemnt Solide;Conditionnemnt Solide;
cooperpharma;41;1;Conditionnemnt Solide;Conditionnemnt Solide;
cooperpharma;42;1;Conditionnemnt Solide;Conditionnemnt Solide;
cooperpharma;43;1;Conditionnemnt Solide;Conditionnemnt Solide;
cooperpharma;44;1;Conditionnemnt Solide;Conditionnemnt Solide;
cooperpharma;45;1;Conditionnemnt Solide;Conditionnemnt Solide;
cooperpharma;46;1;Conditionnemnt Solide;Conditionnemnt Solide;
cooperpharma;47;1;Conditionnemnt Solide;Conditionnemnt Solide;
cooperpharma;48;1;Conditionnemnt Solide;Conditionnemnt Solide;
cooperpharma;49;1;Conditionnemnt Solide;Conditionnemnt Solide;
cooperpharma;50;1;Conditionnemnt Solide;Conditionnemnt Solide;
cooperpharma;51;1;Conditionnemnt Solide;Conditionnemnt Solide;
cooperpharma;52;1;Conditionnemnt Solide;Conditionnemnt Solide;
cooperpharma;53;1;Conditionnemnt Solide;Conditionnemnt Solide;
cooperpharma;54;1;Conditionnemnt Solide;Conditionnemnt Solide;
cooperpharma;62;1;Conditionnemnt Solide;Conditionnemnt Solide;
cooperpharma;64;1;Conditionnemnt Solide;Conditionnemnt Solide;
cooperpharma;65;1;Conditionnemnt Solide;Conditionnemnt Solide;
cooperpharma;66;1;Conditionnemnt Solide;Conditionnemnt Solide;
cooperpharma;67;1;Conditionnemnt Solide;Conditionnemnt Solide;
cooperpharma;68;1;Conditionnemnt Solide;Conditionnemnt Solide;
cooperpharma;69;1;Conditionnemnt Solide;Conditionnemnt Solide;
cooperpharma;71;1;Conditionnemnt Solide;Conditionnemnt Solide;
cooperpharma;72;1;Conditionnemnt Solide;Conditionnemnt Solide;
cooperpharma;73;1;Conditionnemnt Solide;Conditionnemnt Solide;
cooperpharma;74;1;Conditionnemnt Solide;Conditionnemnt Solide;
cooperpharma;75;1;Conditionnemnt Solide;Conditionnemnt Solide;
cooperpharma;76;1;Conditionnemnt Solide;Conditionnemnt Solide;
cooperpharma;77;1;Conditionnemnt Solide;Conditionnemnt Solide;
cooperpharma;78;1;Conditionnemnt Solide;Conditionnemnt Solide;
cooperpharma;79;1;Conditionnemnt Solide;Conditionnemnt Solide;
cooperpharma;80;1;Conditionnemnt Solide;Conditionnemnt Solide;
cooperpharma;81;1;Conditionnemnt Solide;Conditionnemnt Solide;
cooperpharma;82;1;Conditionnemnt Solide;Conditionnemnt Solide;
cooperpharma;83;1;Conditionnemnt Solide;Conditionnemnt Solide;
cooperpharma;84;1;Conditionnemnt Solide;Conditionnemnt Solide;
cooperpharma;85;1;Conditionnemnt Solide;Conditionnemnt Solide;
cooperpharma;86;1;Conditionnemnt Solide;Conditionnemnt Solide;
cooperpharma;87;1;Conditionnemnt Solide;Conditionnemnt Solide;
cooperpharma;88;1;Conditionnemnt Solide;Conditionnemnt Solide;
cooperpharma;89;1;Conditionnemnt Solide;Conditionnemnt Solide;
cooperpharma;90;1;Conditionnemnt Solide;Conditionnemnt Solide;
cooperpharma;91;1;Conditionnemnt Solide;Conditionnemnt Solide;
cooperpharma;92;1;Conditionnemnt Solide;Conditionnemnt Solide;
cooperpharma;93;1;Conditionnemnt Solide;Conditionnemnt Solide;
cooperpharma;94;1;Conditionnemnt Solide;Conditionnemnt Solide;
cooperpharma;95;1;Conditionnemnt Solide;Conditionnemnt Solide;
cooperpharma;96;1;Conditionnemnt Solide;Conditionnemnt Solide;
cooperpharma;97;1;Conditionnemnt Solide;Conditionnemnt Solide;
cooperpharma;98;1;Conditionnemnt Solide;Conditionnemnt Solide;
cooperpharma;99;1;Conditionnemnt Solide;Conditionnemnt Solide;
cooperpharma;101;1;Conditionnemnt Solide;Conditionnemnt Solide;
cooperpharma;102;1;Conditionnemnt Solide;Conditionnemnt Solide;
cooperpharma;103;1;Conditionnemnt Solide;Conditionnemnt Solide;
cooperpharma;104;1;Conditionnemnt Solide;Conditionnemnt Solide;
cooperpharma;105;1;Conditionnemnt Solide;Conditionnemnt Solide;
cooperpharma;106;1;Conditionnemnt Solide;Conditionnemnt Solide;
cooperpharma;107;1;Conditionnemnt Solide;Conditionnemnt Solide;
cooperpharma;108;1;Conditionnemnt Solide;Conditionnemnt Solide;
cooperpharma;109;1;Conditionnemnt Solide;Conditionnemnt Solide;
cooperpharma;110;1;Conditionnemnt Solide;Conditionnemnt Solide;
cooperpharma;111;1;Conditionnemnt Solide;Conditionnemnt Solide;
cooperpharma;112;1;Conditionnemnt Solide;Conditionnemnt Solide;
cooperpharma;113;1;Conditionnemnt Solide;Conditionnemnt Solide;
cooperpharma;114;1;Conditionnemnt Solide;Conditionnemnt Solide;
cooperpharma;115;1;Conditionnemnt Solide;Conditionnemnt Solide;
cooperpharma;118;1;Conditionnemnt Solide;Conditionnemnt Solide;
cooperpharma;119;1;Conditionnemnt Solide;Conditionnemnt Solide;
cooperpharma;120;1;Conditionnemnt Solide;Conditionnemnt Solide;
cooperpharma;121;1;Conditionnemnt Solide;Conditionnemnt Solide;
cooperpharma;122;1;Conditionnemnt Solide;Conditionnemnt Solide;
cooperpharma;123;1;Conditionnemnt Solide;Conditionnemnt Solide;
cooperpharma;124;1;Conditionnemnt Solide;Conditionnemnt Solide;
cooperpharma;125;1;Conditionnemnt Solide;Conditionnemnt Solide;
cooperpharma;126;1;Conditionnemnt Solide;Conditionnemnt Solide;
cooperpharma;127;1;Conditionnemnt Solide;Conditionnemnt Solide;
cooperpharma;128;1;Conditionnemnt Solide;Conditionnemnt Solide;
cooperpharma;129;1;Conditionnemnt Solide;Conditionnemnt Solide;
cooperpharma;130;1;Conditionnemnt Solide;Conditionnemnt Solide;
cooperpharma;131;1;Conditionnemnt Solide;Conditionnemnt Solide;
cooperpharma;132;1;Conditionnemnt Solide;Conditionnemnt Solide;
cooperpharma;133;1;Conditionnemnt Solide;Conditionnemnt Solide;
cooperpharma;134;1;Conditionnemnt Solide;Conditionnemnt Solide;
cooperpharma;136;1;Conditionnemnt Solide;Conditionnemnt Solide;
cooperpharma;137;1;Conditionnemnt Solide;Conditionnemnt Solide;
cooperpharma;138;1;Conditionnemnt Solide;Conditionnemnt Solide;
cooperpharma;139;1;Conditionnemnt Solide;Conditionnemnt Solide;
cooperpharma;140;1;Conditionnemnt Solide;Conditionnemnt Solide;
cooperpharma;141;1;Conditionnemnt Solide;Conditionnemnt Solide;
cooperpharma;142;1;Conditionnemnt Solide;Conditionnemnt Solide;
cooperpharma;143;1;Conditionnemnt Solide;Conditionnemnt Solide;
cooperpharma;144;1;Conditionnemnt Solide;Conditionnemnt Solide;
cooperpharma;145;1;Conditionnemnt Solide;Conditionnemnt Solide;
cooperpharma;146;1;Conditionnemnt Solide;Conditionnemnt Solide;
cooperpharma;147;1;Conditionnemnt Solide;Conditionnemnt Solide;
cooperpharma;148;1;Conditionnemnt Solide;Conditionnemnt Solide;
cooperpharma;149;1;Conditionnemnt Solide;Conditionnemnt Solide;
cooperpharma;150;1;Conditionnemnt Solide;Conditionnemnt Solide;
cooperpharma;151;1;Conditionnemnt Solide;Conditionnemnt Solide;
cooperpharma;152;1;Conditionnemnt Solide;Conditionnemnt Solide;
cooperpharma;153;1;Conditionnemnt Solide;Conditionnemnt Solide;
cooperpharma;154;1;Conditionnemnt Solide;Conditionnemnt Solide;
cooperpharma;157;1;Conditionnemnt Solide;Conditionnemnt Solide;
cooperpharma;158;1;Conditionnemnt Solide;Conditionnemnt Solide;
cooperpharma;159;1;Conditionnemnt Solide;Conditionnemnt Solide;
cooperpharma;160;1;Conditionnemnt Solide;Conditionnemnt Solide;
cooperpharma;161;1;Conditionnemnt Solide;Conditionnemnt Solide;
cooperpharma;162;1;Conditionnemnt Solide;Conditionnemnt Solide;
cooperpharma;164;1;Conditionnemnt Solide;Conditionnemnt Solide;
cooperpharma;165;1;Conditionnemnt Solide;Conditionnemnt Solide;
cooperpharma;166;1;Conditionnemnt Solide;Conditionnemnt Solide;
cooperpharma;167;1;Conditionnemnt Solide;Conditionnemnt Solide;
cooperpharma;168;1;Conditionnemnt Solide;Conditionnemnt Solide;
cooperpharma;169;1;Conditionnemnt Solide;Conditionnemnt Solide;
cooperpharma;170;1;Conditionnemnt Solide;Conditionnemnt Solide;
cooperpharma;171;1;Conditionnemnt Solide;Conditionnemnt Solide;
cooperpharma;172;1;Conditionnemnt Solide;Conditionnemnt Solide;
cooperpharma;173;1;Conditionnemnt Solide;Conditionnemnt Solide;
cooperpharma;174;1;Conditionnemnt Solide;Conditionnemnt Solide;
cooperpharma;175;1;Conditionnemnt Solide;Conditionnemnt Solide;
cooperpharma;176;1;Conditionnemnt Solide;Conditionnemnt Solide;
finmec;1;1;Default;Default;
finmec;2;1;Default;Default;
finmec;3;1;Default;Default;
finmec;4;1;Default;Default;
bioxym;1;1;Hiotakis;Hiotakis;
bioxym;2;1;Hiotakis;Hiotakis;
bioxym;3;1;Hiotakis;Hiotakis;
bioxym;4;1;Hiotakis;Hiotakis;
bioxym;5;1;Hiotakis;Hiotakis;
bioxym;6;1;Hiotakis;Hiotakis;
bioxym;7;1;Hiotakis;Hiotakis;
bioxym;9;1;Hiotakis;Hiotakis;
bioxym;10;1;Hiotakis;Hiotakis;
bioxym;11;1;Hiotakis;Hiotakis;
bioxym;12;1;Hiotakis;Hiotakis;
bioxym;13;1;Hiotakis;Hiotakis;
bioxym;14;1;Hiotakis;Hiotakis;
bioxym;15;1;Hiotakis;Hiotakis;
bioxym;16;1;Hiotakis;Hiotakis;
bioxym;17;1;Hiotakis;Hiotakis;
bioxym;18;1;Hiotakis;Hiotakis;
bioxym;20;1;Hiotakis;Hiotakis;
bioxym;21;1;Hiotakis;Hiotakis;
bioxym;22;1;Hiotakis;Hiotakis;
bioxym;23;1;Hiotakis;Hiotakis;
bioxym;24;1;Hiotakis;Hiotakis;
bioxym;25;1;Hiotakis;Hiotakis;
bioxym;26;1;Hiotakis;Hiotakis;
bioxym;27;1;Hiotakis;Hiotakis;
bioxym;28;1;Hiotakis;Hiotakis;
bioxym;29;1;Hiotakis;Hiotakis;
bioxym;30;1;Hiotakis;Hiotakis;
bioxym;31;1;Hiotakis;Hiotakis;
bioxym;32;1;Hiotakis;Hiotakis;
bioxym;34;1;Hiotakis;Hiotakis;
bioxym;36;1;Hiotakis;Hiotakis;
bioxym;37;1;Hiotakis;Hiotakis;
bioxym;38;1;Hiotakis;Hiotakis;
bioxym;39;1;Hiotakis;Hiotakis;
bioxym;41;1;Hiotakis;Hiotakis;
bioxym;44;1;Hiotakis;Hiotakis;
bioxym;45;1;Hiotakis;Hiotakis;
bioxym;46;1;Hiotakis;Hiotakis;
bioxym;47;1;Hiotakis;Hiotakis;
bioxym;48;1;Hiotakis;Hiotakis;
bioxym;49;1;Hiotakis;Hiotakis;
bioxym;50;1;Hiotakis;Hiotakis;
bioxym;51;1;Hiotakis;Hiotakis;
bioxym;52;1;Hiotakis;Hiotakis;
bioxym;53;1;Hiotakis;Hiotakis;
bioxym;54;1;Hiotakis;Hiotakis;
bioxym;55;1;Hiotakis;Hiotakis;
pfdg;1;1;Default;Default;
pfdg;2;1;Default;Default;
pfdg;6;1;Default;Default;
pfdg;8;1;Default;Default;
pfdg;14;1;Default;Default;
pfdg;16;1;Default;Default;
pfdg;17;1;Default;Default;
pfdg;18;1;Default;Default;
pfdg;21;1;Default;Default;
pfdg;23;1;Default;Default;
pfdg;24;1;Default;Default;
pfdg;25;1;Default;Default;
pfdg;26;1;Default;Default;
pfdg;27;1;Default;Default;
pfdg;28;1;Default;Default;
pfdg;29;1;Default;Default;
pfdg;30;1;Default;Default;
pfdg;31;1;Default;Default;
pfdg;32;1;Default;Default;
pfdg;33;1;Default;Default;
pfdg;34;1;Default;Default;
pfdg;35;1;Default;Default;
pfdg;36;1;Default;Default;
pfdg;37;1;St-Côme-Linière;St-Côme-Linière;
pfdg;38;1;St-Côme-Linière;St-Côme-Linière;
pfdg;41;1;St-Côme-Linière;St-Côme-Linière;
pfdg;42;1;St-Côme-Linière;St-Côme-Linière;
pfdg;43;1;St-Côme-Linière;St-Côme-Linière;
novamix;1;1;Novamix;Novamix;
novamix;2;1;Novamix;Novamix;
wdtechnik;1;1;wdtechnik;wdtechnik;
wdtechnik;2;1;wdtechnik;wdtechnik;
kassinakis;1;1;Kassinakis;Kassinakis;
kassinakis;2;1;Kassinakis;Kassinakis;
kassinakis;3;1;Kassinakis;Kassinakis;
kassinakis;4;1;Kassinakis;Kassinakis;
pepperworld;1;1;Pepperworld;Pepperworld;
pepperworld;2;1;Pepperworld;Pepperworld;
pepperworld;3;1;Pepperworld;Pepperworld;
intercal;1;1;Intercal;Intercal;
intercal;2;1;Intercal;Intercal;
intercal;3;1;Intercal;Intercal;
intercal;4;1;Intercal;Intercal;
tims;1;1;Saedinenie;Saedinenie;
tims;2;1;Saedinenie;Saedinenie;
pikopetfood;1;1;Piko-Pet Food;Piko-Pet Food;
pikopetfood;2;1;Piko-Pet Food;Piko-Pet Food;
bottu;1;0;;;no stations, no factory - needs a decision
bottu;2;0;;;no stations, no factory - needs a decision
bottu;3;0;;;no stations, no factory - needs a decision
bottu;4;0;;;no stations, no factory - needs a decision
bottu;5;1;Bottu;Bottu;
bottu;6;1;Bottu;Bottu;
bottu;7;1;Bottu;Bottu;
bottu;8;1;Bottu;Bottu;
bottu;9;1;Bottu;Bottu;
bottu;10;1;Bottu;Bottu;
bottu;11;1;Bottu;Bottu;
bottu;12;1;Bottu;Bottu;
bottu;13;1;Bottu;Bottu;
bottu;14;1;Bottu;Bottu;
bottu;15;1;Bottu;Bottu;
bottu;16;1;Bottu;Bottu;
bottu;17;1;Bottu;Bottu;
bottu;18;1;Bottu;Bottu;
bottu;19;1;Bottu;Bottu;
bottu;20;1;Bottu;Bottu;
bottu;21;1;Bottu;Bottu;
bottu;22;1;Bottu;Bottu;
bottu;23;1;Bottu;Bottu;
bottu;24;1;Bottu;Bottu;
bottu;25;1;Bottu;Bottu;
bottu;26;1;Bottu;Bottu;
bottu;27;1;Bottu;Bottu;
bottu;29;1;Bottu;Bottu;
bottu;31;1;Bottu;Bottu;
bottu;32;1;Bottu;Bottu;
bottu;33;1;Bottu;Bottu;
bottu;34;1;Bottu;Bottu;
bottu;35;1;Bottu;Bottu;
bottu;36;1;Bottu;Bottu;
bottu;37;1;Bottu;Bottu;
bottu;38;1;Bottu;Bottu;
bottu;39;1;Bottu;Bottu;
bottu;40;1;Bottu;Bottu;
bottu;41;1;Bottu;Bottu;
bottu;42;1;Bottu;Bottu;
bottu;43;1;Bottu;Bottu;
bottu;44;1;Bottu;Bottu;
bottu;45;1;Bottu;Bottu;
bottu;46;1;Bottu;Bottu;
bottu;47;1;Bottu;Bottu;
bottu;48;1;Bottu;Bottu;
bottu;49;1;Bottu;Bottu;
bottu;50;1;Bottu;Bottu;
bottu;51;1;Bottu;Bottu;
bottu;52;1;Bottu;Bottu;
bottu;53;1;Bottu;Bottu;
bottu;55;1;Bottu;Bottu;
bottu;56;1;Bottu;Bottu;
bottu;57;1;Bottu;Bottu;
bottu;58;1;Bottu;Bottu;
bottu;60;1;Bottu;Bottu;
bottu;61;1;Bottu;Bottu;
bottu;62;1;Bottu;Bottu;
bottu;63;1;Bottu;Bottu;
bottu;64;1;Bottu;Bottu;
bottu;65;1;Bottu;Bottu;
bottu;66;1;Bottu;Bottu;
bottu;67;1;Bottu;Bottu;
bottu;68;1;Bottu;Bottu;
bottu;69;1;Bottu;Bottu;
bottu;70;1;Bottu;Bottu;
bottu;71;1;Bottu;Bottu;
bottu;72;1;Bottu;Bottu;
bottu;73;1;Bottu;Bottu;
bottu;74;1;Bottu;Bottu;
bottu;75;1;Bottu;Bottu;
bottu;76;1;Bottu;Bottu;
bottu;77;1;Bottu;Bottu;
bottu;78;1;Bottu;Bottu;
bottu;80;1;Bottu;Bottu;
bottu;85;1;Bottu;Bottu;
grandcerame;1;1;Grandcerame;Grandcerame;
grandcerame;2;1;Grandcerame;Grandcerame;
grandcerame;3;1;Grandcerame;Grandcerame;
grandcerame;4;1;Grandcerame;Grandcerame;
grandcerame;5;1;Grandcerame;Grandcerame;
grandcerame;6;1;Grandcerame;Grandcerame;
destileriaserralles;1;1;Destileriaserralles;Destileriaserralles;
destileriaserralles;2;1;Destileriaserralles;Destileriaserralles;
destileriaserralles;3;1;Destileriaserralles;Destileriaserralles;
destileriaserralles;4;1;Destileriaserralles;Destileriaserralles;
destileriaserralles;5;1;Destileriaserralles;Destileriaserralles;
destileriaserralles;8;1;Destileriaserralles;Destileriaserralles;
destileriaserralles;9;1;Destileriaserralles;Destileriaserralles;
destileriaserralles;10;1;Destileriaserralles;Destileriaserralles;
destileriaserralles;14;1;Destileriaserralles;Destileriaserralles;
marsgem;1;2;ASQ (Australia), MCA (Australia);ASQ (Australia), MCA (Australia);multi-factory
marsgem;2;1;MCA (Australia);MCA (Australia);
marsgem;3;1;MCA (Australia);MCA (Australia);
marsgem;4;1;MCA (Australia);MCA (Australia);
marsgem;5;1;MCA (Australia);MCA (Australia);
marsgem;6;1;MCA (Australia);MCA (Australia);
marsgem;7;1;MCA (Australia);MCA (Australia);
marsgem;8;1;MCA (Australia);MCA (Australia);
marsgem;9;1;MCA (Australia);MCA (Australia);
marsgem;10;1;MCA (Australia);MCA (Australia);
marsgem;11;1;MCA (Australia);MCA (Australia);
marsgem;12;1;MCA (Australia);MCA (Australia);
marsgem;13;1;MCA (Australia);MCA (Australia);
marsgem;14;1;MCA (Australia);MCA (Australia);
marsgem;15;1;MCA (Australia);MCA (Australia);
marsgem;16;1;MCA (Australia);MCA (Australia);
marsgem;17;1;MCA (Australia);MCA (Australia);
marsgem;18;1;MCA (Australia);MCA (Australia);
marsgem;19;1;MCA (Australia);MCA (Australia);
marsgem;20;1;MCA (Australia);MCA (Australia);
marsgem;21;1;MCA (Australia);MCA (Australia);
marsgem;22;1;MCA (Australia);MCA (Australia);
marsgem;23;1;MCA (Australia);MCA (Australia);
marsgem;24;1;MCA (Australia);MCA (Australia);
marsgem;25;1;MCA (Australia);MCA (Australia);
marsgem;26;1;MCA (Australia);MCA (Australia);
marsgem;27;1;MCA (Australia);MCA (Australia);
marsgem;28;1;MCA (Australia);MCA (Australia);
marsgem;29;1;MCA (Australia);MCA (Australia);
marsgem;30;1;MCA (Australia);MCA (Australia);
marsgem;31;1;MCA (Australia);MCA (Australia);
marsgem;32;1;MCA (Australia);MCA (Australia);
marsgem;33;1;MCA (Australia);MCA (Australia);
marsgem;34;1;MCA (Australia);MCA (Australia);
marsgem;35;1;MCA (Australia);MCA (Australia);
marsgem;36;1;MCA (Australia);MCA (Australia);
marsgem;37;1;MCA (Australia);MCA (Australia);
marsgem;38;1;MCA (Australia);MCA (Australia);
marsgem;39;1;MCA (Australia);MCA (Australia);
marsgem;40;1;MCA (Australia);MCA (Australia);
marsgem;41;1;MCA (Australia);MCA (Australia);
marsgem;42;1;MCA (Australia);MCA (Australia);
marsgem;43;1;MCA (Australia);MCA (Australia);
marsgem;44;1;MCA (Australia);MCA (Australia);
marsgem;45;1;MCA (Australia);MCA (Australia);
marsgem;46;1;MCA (Australia);MCA (Australia);
marsgem;47;1;MCA (Australia);MCA (Australia);
marsgem;48;1;MCA (Australia);MCA (Australia);
marsgem;49;1;MCA (Australia);MCA (Australia);
marsgem;50;1;MCA (Australia);MCA (Australia);
marsgem;51;1;MCA (Australia);MCA (Australia);
marsgem;52;1;MCA (Australia);MCA (Australia);
marsgem;53;1;MCA (Australia);MCA (Australia);
marsgem;54;1;MCA (Australia);MCA (Australia);
marsgem;55;1;MCA (Australia);MCA (Australia);
marsgem;56;1;MCA (Australia);MCA (Australia);
marsgem;57;1;MCA (Australia);MCA (Australia);
marsgem;58;1;MCA (Australia);MCA (Australia);
marsgem;59;1;MCA (Australia);MCA (Australia);
marsgem;60;1;MCA (Australia);MCA (Australia);
marsgem;61;1;MCA (Australia);MCA (Australia);
marsgem;62;1;MCA (Australia);MCA (Australia);
marsgem;63;1;MCA (Australia);MCA (Australia);
marsgem;64;1;MCA (Australia);MCA (Australia);
marsgem;65;1;MCA (Australia);MCA (Australia);
marsgem;66;1;MCA (Australia);MCA (Australia);
marsgem;67;1;MCA (Australia);MCA (Australia);
marsgem;68;1;MCA (Australia);MCA (Australia);
marsgem;69;1;MCA (Australia);MCA (Australia);
marsgem;70;1;MCA (Australia);MCA (Australia);
marsgem;71;1;MCA (Australia);MCA (Australia);
marsgem;72;1;MCA (Australia);MCA (Australia);
marsgem;73;1;MCA (Australia);MCA (Australia);
marsgem;74;1;MCA (Australia);MCA (Australia);
marsgem;75;1;MCA (Australia);MCA (Australia);
marsgem;76;1;MCA (Australia);MCA (Australia);
marsgem;77;1;MCA (Australia);MCA (Australia);
marsgem;78;1;MCA (Australia);MCA (Australia);
marsgem;80;1;MCA (Australia);MCA (Australia);
marsgem;81;1;MCA (Australia);MCA (Australia);
marsgem;82;1;MCA (Australia);MCA (Australia);
marsgem;83;1;MCA (Australia);MCA (Australia);
marsgem;84;1;MCA (Australia);MCA (Australia);
marsgem;85;1;MCA (Australia);MCA (Australia);
marsgem;86;1;MCA (Australia);MCA (Australia);
marsgem;87;1;MCA (Australia);MCA (Australia);
marsgem;88;1;MCA (Australia);MCA (Australia);
marsgem;89;1;MCA (Australia);MCA (Australia);
marsgem;90;1;MCA (Australia);MCA (Australia);
marsgem;91;1;MCA (Australia);MCA (Australia);
marsgem;92;1;MCA (Australia);MCA (Australia);
marsgem;93;1;MCA (Australia);MCA (Australia);
marsgem;94;1;MCA (Australia);MCA (Australia);
marsgem;95;1;MCA (Australia);MCA (Australia);
marsgem;96;1;MCA (Australia);MCA (Australia);
marsgem;97;1;MCA (Australia);MCA (Australia);
marsgem;98;1;MCA (Australia);MCA (Australia);
marsgem;99;1;MCA (Australia);MCA (Australia);
marsgem;100;1;MCA (Australia);MCA (Australia);
marsgem;101;1;MCA (Australia);MCA (Australia);
marsgem;102;1;MCA (Australia);MCA (Australia);
marsgem;103;1;MCA (Australia);MCA (Australia);
marsgem;104;1;MCA (Australia);MCA (Australia);
marsgem;105;1;MCA (Australia);MCA (Australia);
marsgem;106;1;MCA (Australia);MCA (Australia);
marsgem;107;1;MCA (Australia);MCA (Australia);
marsgem;108;1;MCA (Australia);MCA (Australia);
marsgem;109;1;MCA (Australia);MCA (Australia);
marsgem;110;1;MCA (Australia);MCA (Australia);
marsgem;111;1;MCA (Australia);MCA (Australia);
marsgem;112;1;MCA (Australia);MCA (Australia);
marsgem;113;1;MCA (Australia);MCA (Australia);
marsgem;114;1;MCA (Australia);MCA (Australia);
marsgem;115;1;MCA (Australia);MCA (Australia);
marsgem;116;1;MCA (Australia);MCA (Australia);
marsgem;117;1;MCA (Australia);MCA (Australia);
marsgem;118;1;MCA (Australia);MCA (Australia);
marsgem;119;1;MCA (Australia);MCA (Australia);
marsgem;121;1;MCA (Australia);MCA (Australia);
marsgem;122;1;MCA (Australia);MCA (Australia);
marsgem;123;1;MCA (Australia);MCA (Australia);
marsgem;124;1;MCA (Australia);MCA (Australia);
marsgem;125;1;MCA (Australia);MCA (Australia);
marsgem;127;1;MCA (Australia);MCA (Australia);
marsgem;128;1;MCA (Australia);MCA (Australia);
marsgem;129;1;MCA (Australia);MCA (Australia);
marsgem;130;1;MCA (Australia);MCA (Australia);
marsgem;131;1;MCA (Australia);MCA (Australia);
marsgem;132;1;MCA (Australia);MCA (Australia);
marsgem;133;1;MCA (Australia);MCA (Australia);
marsgem;134;1;MCA (Australia);MCA (Australia);
marsgem;135;1;MCA (Australia);MCA (Australia);
marsgem;136;1;MCA (Australia);MCA (Australia);
marsgem;137;1;MCA (Australia);MCA (Australia);
marsgem;138;1;MCA (Australia);MCA (Australia);
marsgem;139;1;MCA (Australia);MCA (Australia);
marsgem;140;1;MCA (Australia);MCA (Australia);
marsgem;141;1;MCA (Australia);MCA (Australia);
marsgem;142;1;MCA (Australia);MCA (Australia);
marsgem;143;1;MCA (Australia);MCA (Australia);
marsgem;145;1;MCA (Australia);MCA (Australia);
marsgem;146;1;MCA (Australia);MCA (Australia);
marsgem;147;1;MCA (Australia);MCA (Australia);
marsgem;148;1;MCA (Australia);MCA (Australia);
marsgem;149;1;MCA (Australia);MCA (Australia);
marsgem;150;1;MCA (Australia);MCA (Australia);
marsgem;151;1;MCA (Australia);MCA (Australia);
marsgem;152;1;MCA (Australia);MCA (Australia);
marsgem;153;1;MCA (Australia);MCA (Australia);
marsgem;154;1;MCA (Australia);MCA (Australia);
marsgem;155;1;MCA (Australia);MCA (Australia);
marsgem;156;1;MCA (Australia);MCA (Australia);
marsgem;157;1;MCA (Australia);MCA (Australia);
marsgem;158;1;MCA (Australia);MCA (Australia);
marsgem;159;1;MCA (Australia);MCA (Australia);
marsgem;160;1;MCA (Australia);MCA (Australia);
marsgem;161;1;MCA (Australia);MCA (Australia);
marsgem;162;1;MCA (Australia);MCA (Australia);
marsgem;163;1;MCA (Australia);MCA (Australia);
marsgem;164;1;MCA (Australia);MCA (Australia);
marsgem;165;1;MCA (Australia);MCA (Australia);
marsgem;166;1;MCA (Australia);MCA (Australia);
marsgem;167;1;MCA (Australia);MCA (Australia);
marsgem;168;1;MCA (Australia);MCA (Australia);
marsgem;169;1;MCA (Australia);MCA (Australia);
marsgem;170;1;MCA (Australia);MCA (Australia);
marsgem;171;1;MCA (Australia);MCA (Australia);
marsgem;172;1;MCA (Australia);MCA (Australia);
marsgem;173;1;MCA (Australia);MCA (Australia);
marsgem;174;1;MCA (Australia);MCA (Australia);
marsgem;175;1;MCA (Australia);MCA (Australia);
marsgem;176;1;MCA (Australia);MCA (Australia);
marsgem;177;1;MCA (Australia);MCA (Australia);
marsgem;178;1;MCA (Australia);MCA (Australia);
marsgem;179;1;MCA (Australia);MCA (Australia);
marsgem;180;1;MCA (Australia);MCA (Australia);
marsgem;181;1;MCA (Australia);MCA (Australia);
marsgem;182;1;MCA (Australia);MCA (Australia);
marsgem;183;1;MCA (Australia);MCA (Australia);
marsgem;184;1;MCA (Australia);MCA (Australia);
marsgem;185;1;MCA (Australia);MCA (Australia);
marsgem;186;1;MCA (Australia);MCA (Australia);
marsgem;187;1;MCA (Australia);MCA (Australia);
marsgem;188;1;MCA (Australia);MCA (Australia);
marsgem;189;1;MCA (Australia);MCA (Australia);
marsgem;190;1;MCA (Australia);MCA (Australia);
marsgem;191;1;MCA (Australia);MCA (Australia);
marsgem;192;1;MCA (Australia);MCA (Australia);
marsgem;193;1;MCA (Australia);MCA (Australia);
marsgem;194;1;MCA (Australia);MCA (Australia);
marsgem;195;1;MCA (Australia);MCA (Australia);
marsgem;196;1;MCA (Australia);MCA (Australia);
marsgem;197;1;MCA (Australia);MCA (Australia);
marsgem;198;1;MCA (Australia);MCA (Australia);
marsgem;199;1;MCA (Australia);MCA (Australia);
marsgem;200;1;MCA (Australia);MCA (Australia);
marsgem;201;1;MCA (Australia);MCA (Australia);
marsgem;202;1;MCA (Australia);MCA (Australia);
marsgem;203;1;MCA (Australia);MCA (Australia);
marsgem;204;1;MCA (Australia);MCA (Australia);
marsgem;205;1;MCA (Australia);MCA (Australia);
marsgem;206;1;MCA (Australia);MCA (Australia);
marsgem;207;1;MCA (Australia);MCA (Australia);
marsgem;208;1;MCA (Australia);MCA (Australia);
marsgem;209;1;MCA (Australia);MCA (Australia);
marsgem;210;1;MCA (Australia);MCA (Australia);
marsgem;211;1;MCA (Australia);MCA (Australia);
marsgem;212;1;MCA (Australia);MCA (Australia);
marsgem;213;1;ASQ (Australia);ASQ (Australia);
marsgem;214;1;ASQ (Australia);ASQ (Australia);
marsgem;215;1;ASQ (Australia);ASQ (Australia);
marsgem;216;1;ASQ (Australia);ASQ (Australia);
marsgem;217;1;ASQ (Australia);ASQ (Australia);
marsgem;218;1;ASQ (Australia);ASQ (Australia);
marsgem;219;1;ASQ (Australia);ASQ (Australia);
marsgem;220;1;ASQ (Australia);ASQ (Australia);
marsgem;221;1;ASQ (Australia);ASQ (Australia);
marsgem;222;1;ASQ (Australia);ASQ (Australia);
marsgem;223;1;ASQ (Australia);ASQ (Australia);
marsgem;224;1;ASQ (Australia);ASQ (Australia);
marsgem;225;1;ASQ (Australia);ASQ (Australia);
marsgem;226;1;ASQ (Australia);ASQ (Australia);
marsgem;227;1;ASQ (Australia);ASQ (Australia);
marsgem;228;1;ASQ (Australia);ASQ (Australia);
marsgem;229;1;ASQ (Australia);ASQ (Australia);
marsgem;230;1;ASQ (Australia);ASQ (Australia);
marsgem;231;1;ASQ (Australia);ASQ (Australia);
marsgem;232;1;ASQ (Australia);ASQ (Australia);
marsgem;233;1;ASQ (Australia);ASQ (Australia);
marsgem;234;1;ASQ (Australia);ASQ (Australia);
marsgem;235;1;ASQ (Australia);ASQ (Australia);
marsgem;236;1;ASQ (Australia);ASQ (Australia);
marsgem;237;1;ASQ (Australia);ASQ (Australia);
marsgem;238;1;ASQ (Australia);ASQ (Australia);
marsgem;239;1;ASQ (Australia);ASQ (Australia);
marsgem;240;1;ASQ (Australia);ASQ (Australia);
marsgem;241;1;ASQ (Australia);ASQ (Australia);
marsgem;242;1;ASQ (Australia);ASQ (Australia);
marsgem;243;1;ASQ (Australia);ASQ (Australia);
marsgem;244;1;ASQ (Australia);ASQ (Australia);
marsgem;245;1;ASQ (Australia);ASQ (Australia);
marsgem;246;1;ASQ (Australia);ASQ (Australia);
marsgem;247;1;ASQ (Australia);ASQ (Australia);
marsgem;248;1;ASQ (Australia);ASQ (Australia);
marsgem;249;1;ASQ (Australia);ASQ (Australia);
marsgem;250;1;ASQ (Australia);ASQ (Australia);
marsgem;251;1;ASQ (Australia);ASQ (Australia);
marsgem;252;1;ASQ (Australia);ASQ (Australia);
marsgem;253;1;ASQ (Australia);ASQ (Australia);
marsgem;254;1;ASQ (Australia);ASQ (Australia);
marsgem;255;1;ASQ (Australia);ASQ (Australia);
marsgem;256;1;ASQ (Australia);ASQ (Australia);
marsgem;257;1;ASQ (Australia);ASQ (Australia);
marsgem;258;1;ASQ (Australia);ASQ (Australia);
marsgem;259;1;ASQ (Australia);ASQ (Australia);
marsgem;260;1;ASQ (Australia);ASQ (Australia);
marsgem;261;1;ASQ (Australia);ASQ (Australia);
marsgem;262;1;ASQ (Australia);ASQ (Australia);
marsgem;263;1;ASQ (Australia);ASQ (Australia);
marsgem;264;1;ASQ (Australia);ASQ (Australia);
marsgem;265;1;ASQ (Australia);ASQ (Australia);
marsgem;266;1;ASQ (Australia);ASQ (Australia);
marsgem;267;1;ASQ (Australia);ASQ (Australia);
marsgem;268;1;ASQ (Australia);ASQ (Australia);
marsgem;269;1;ASQ (Australia);ASQ (Australia);
marsgem;270;1;ASQ (Australia);ASQ (Australia);
marsgem;271;1;ASQ (Australia);ASQ (Australia);
marsgem;272;1;ASQ (Australia);ASQ (Australia);
marsgem;273;1;ASQ (Australia);ASQ (Australia);
marsgem;274;1;ASQ (Australia);ASQ (Australia);
marsgem;275;1;ASQ (Australia);ASQ (Australia);
marsgem;276;1;ASQ (Australia);ASQ (Australia);
marsgem;277;1;ASQ (Australia);ASQ (Australia);
marsgem;278;1;ASQ (Australia);ASQ (Australia);
marsgem;279;1;ASQ (Australia);ASQ (Australia);
marsgem;280;1;ASQ (Australia);ASQ (Australia);
marsgem;281;1;ASQ (Australia);ASQ (Australia);
marsgem;282;1;ASQ (Australia);ASQ (Australia);
marsgem;283;1;ASQ (Australia);ASQ (Australia);
marsgem;284;1;ASQ (Australia);ASQ (Australia);
marsgem;285;1;ASQ (Australia);ASQ (Australia);
marsgem;286;1;ASQ (Australia);ASQ (Australia);
marsgem;287;1;ASQ (Australia);ASQ (Australia);
marsgem;288;1;ASQ (Australia);ASQ (Australia);
marsgem;289;1;ASQ (Australia);ASQ (Australia);
marsgem;290;1;ASQ (Australia);ASQ (Australia);
marsgem;291;1;ASQ (Australia);ASQ (Australia);
marsgem;292;1;ASQ (Australia);ASQ (Australia);
marsgem;293;1;ASQ (Australia);ASQ (Australia);
marsgem;294;1;ASQ (Australia);ASQ (Australia);
marsgem;295;1;ASQ (Australia);ASQ (Australia);
marsgem;296;1;ASQ (Australia);ASQ (Australia);
marsgem;297;1;ASQ (Australia);ASQ (Australia);
marsgem;298;1;ASQ (Australia);ASQ (Australia);
marsgem;299;1;ASQ (Australia);ASQ (Australia);
marsgem;300;1;ASQ (Australia);ASQ (Australia);
marsgem;301;1;ASQ (Australia);ASQ (Australia);
marsgem;302;1;ASQ (Australia);ASQ (Australia);
marsgem;303;1;ASQ (Australia);ASQ (Australia);
marsgem;304;1;ASQ (Australia);ASQ (Australia);
marsgem;305;1;ASQ (Australia);ASQ (Australia);
marsgem;306;1;ASQ (Australia);ASQ (Australia);
marsgem;307;1;ASQ (Australia);ASQ (Australia);
marsgem;308;1;ASQ (Australia);ASQ (Australia);
marsgem;309;1;ASQ (Australia);ASQ (Australia);
marsgem;310;1;ASQ (Australia);ASQ (Australia);
marsgem;311;1;ASQ (Australia);ASQ (Australia);
marsgem;312;1;ASQ (Australia);ASQ (Australia);
marsgem;313;1;ASQ (Australia);ASQ (Australia);
marsgem;314;1;ASQ (Australia);ASQ (Australia);
marsgem;315;1;ASQ (Australia);ASQ (Australia);
marsgem;316;1;ASQ (Australia);ASQ (Australia);
marsgem;317;1;ASQ (Australia);ASQ (Australia);
marsgem;318;1;ASQ (Australia);ASQ (Australia);
marsgem;319;1;ASQ (Australia);ASQ (Australia);
marsgem;320;1;ASQ (Australia);ASQ (Australia);
marsgem;321;1;ASQ (Australia);ASQ (Australia);
marsgem;322;1;ASQ (Australia);ASQ (Australia);
marsgem;323;1;ASQ (Australia);ASQ (Australia);
marsgem;324;1;ASQ (Australia);ASQ (Australia);
marsgem;325;1;ASQ (Australia);ASQ (Australia);
marsgem;326;1;ASQ (Australia);ASQ (Australia);
marsgem;327;1;ASQ (Australia);ASQ (Australia);
marsgem;328;1;ASQ (Australia);ASQ (Australia);
marsgem;329;1;ASQ (Australia);ASQ (Australia);
marsgem;330;1;ASQ (Australia);ASQ (Australia);
marsgem;331;1;MCA (Australia);MCA (Australia);
marsgem;332;1;MCA (Australia);MCA (Australia);
marsgem;333;1;MCA (Australia);MCA (Australia);
marsgem;334;1;MCA (Australia);MCA (Australia);
marsgem;335;1;MCA (Australia);MCA (Australia);
marsgem;336;1;MCA (Australia);MCA (Australia);
marsgem;337;1;MCA (Australia);MCA (Australia);
marsgem;339;1;MCA (Australia);MCA (Australia);
marsgem;340;1;ASQ (Australia);ASQ (Australia);
marsgem;341;0;;;no stations, no factory - needs a decision
marsgem;342;0;;;no stations, no factory - needs a decision
marsgem;343;0;;;no stations, no factory - needs a decision
marsgem;344;0;;;no stations, no factory - needs a decision
marsgem;345;0;;;no stations, no factory - needs a decision
marsgem;346;0;;;no stations, no factory - needs a decision
marsgem;347;0;;;no stations, no factory - needs a decision
marsgem;348;0;;;no stations, no factory - needs a decision
marsgem;349;0;;;no stations, no factory - needs a decision
marsgem;350;0;;;no stations, no factory - needs a decision
marsgem;351;0;;;no stations, no factory - needs a decision
marsgem;352;0;;;no stations, no factory - needs a decision
marsgem;354;0;;;no stations, no factory - needs a decision
marsgem;355;0;;;no stations, no factory - needs a decision
marsgem;356;0;;;no stations, no factory - needs a decision
marsgem;357;0;;;no stations, no factory - needs a decision
marsgem;358;0;;;no stations, no factory - needs a decision
marsgem;359;0;;;no stations, no factory - needs a decision
marsgem;360;0;;;no stations, no factory - needs a decision
marsgem;361;0;;;no stations, no factory - needs a decision
marsgem;362;0;;;no stations, no factory - needs a decision
marsgem;363;1;ASQ (Australia);ASQ (Australia);
marsgem;364;1;ASQ (Australia);ASQ (Australia);
marsgem;366;1;ASQ (Australia);ASQ (Australia);
marsgem;367;1;ASQ (Australia);ASQ (Australia);
marsgem;368;1;ASQ (Australia);ASQ (Australia);
marsgem;369;1;MCA (Australia);MCA (Australia);
marsgem;370;1;ASQ (Australia);ASQ (Australia);
marsgem;371;1;MCA (Australia);MCA (Australia);
marsgem;372;1;MCA (Australia);MCA (Australia);
marsgem;373;1;MCA (Australia);MCA (Australia);
marsgem;374;1;MCA (Australia);MCA (Australia);
marsgem;375;1;MCA (Australia);MCA (Australia);
marsgem;376;1;MCA (Australia);MCA (Australia);
marsgem;377;1;MCA (Australia);MCA (Australia);
marsgem;378;1;MCA (Australia);MCA (Australia);
marsgem;381;0;;;no stations, no factory - needs a decision
marsgem;382;0;;;no stations, no factory - needs a decision
marsgem;383;0;;;no stations, no factory - needs a decision
marsgem;384;0;;;no stations, no factory - needs a decision
marsgem;386;1;ASQ (Australia);ASQ (Australia);
marsgem;387;1;ASQ (Australia);ASQ (Australia);
marsgem;388;1;ASQ (Australia);ASQ (Australia);
marsgem;389;1;ASQ (Australia);ASQ (Australia);
marsgem;390;1;ASQ (Australia);ASQ (Australia);
marsgem;391;1;ASQ (Australia);ASQ (Australia);
marsgem;392;1;ASQ (Australia);ASQ (Australia);
marsgem;393;1;ASQ (Australia);ASQ (Australia);
marsgem;394;1;ASQ (Australia);ASQ (Australia);
marsgem;395;1;ASQ (Australia);ASQ (Australia);
tate;1;1;Hull;Hull;
tate;2;1;Hull;Hull;
tate;3;1;Hull;Hull;
tate;9;1;Hull;Hull;
tate;10;1;Hull;Hull;
tate;11;1;Hull;Hull;
tate;12;1;Hull;Hull;
tate;13;1;Hull;Hull;
tate;14;1;Hull;Hull;
tate;15;1;Hull;Hull;
tate;16;1;Hull;Hull;
tate;17;1;Hull;Hull;
tate;18;1;Hull;Hull;
tate;19;1;Hull;Hull;
tate;20;1;Hull;Hull;
tate;22;1;Hull;Hull;
tate;23;1;Hull;Hull;
tate;24;1;Haibach;Haibach;
tate;25;1;Haibach;Haibach;
tate;26;1;Haibach;Haibach;
tate;27;1;Haibach;Haibach;
tate;28;1;Haibach;Haibach;
tate;30;1;Haibach;Haibach;
tate;31;1;Haibach;Haibach;
tate;33;1;Red Lion;Red Lion;
tate;34;1;Red Lion;Red Lion;
tate;35;1;Red Lion;Red Lion;
tate;36;1;Red Lion;Red Lion;
tate;37;1;Red Lion;Red Lion;
tate;38;1;Red Lion;Red Lion;
tate;39;1;Red Lion;Red Lion;
tate;40;1;Red Lion;Red Lion;
tate;41;1;Red Lion;Red Lion;
tate;42;1;Red Lion;Red Lion;
tate;43;1;Red Lion;Red Lion;
tate;44;1;Red Lion;Red Lion;
tate;45;1;Red Lion;Red Lion;
tate;46;1;Red Lion;Red Lion;
tate;47;1;Red Lion;Red Lion;
tate;48;1;Red Lion;Red Lion;
tate;49;1;Red Lion;Red Lion;
tate;50;1;Red Lion;Red Lion;
tate;51;1;Red Lion;Red Lion;
tate;52;1;Red Lion;Red Lion;
tate;53;1;Red Lion;Red Lion;
tate;54;1;Red Lion;Red Lion;
tate;55;1;Red Lion;Red Lion;
tate;56;1;Red Lion;Red Lion;
tate;57;1;Red Lion;Red Lion;
tate;58;1;Red Lion;Red Lion;
tate;59;1;Red Lion;Red Lion;
tate;60;1;Red Lion;Red Lion;
tate;61;1;Red Lion;Red Lion;
tate;62;1;Red Lion;Red Lion;
tate;63;1;Red Lion;Red Lion;
tate;64;1;Red Lion;Red Lion;
tate;65;1;Red Lion;Red Lion;
tate;66;1;Red Lion;Red Lion;
tate;67;1;Red Lion;Red Lion;
tate;68;1;Red Lion;Red Lion;
tate;69;1;Red Lion;Red Lion;
tate;70;1;Red Lion;Red Lion;
tate;71;1;Red Lion;Red Lion;
tate;72;1;Red Lion;Red Lion;
tate;73;1;Red Lion;Red Lion;
tate;75;1;Red Lion;Red Lion;
tate;76;1;Red Lion;Red Lion;
tate;77;1;Red Lion;Red Lion;
tate;78;1;Red Lion;Red Lion;
tate;79;1;Red Lion;Red Lion;
tate;80;1;Red Lion;Red Lion;
tate;81;1;Red Lion;Red Lion;
tate;82;1;Red Lion;Red Lion;
tate;83;1;Red Lion;Red Lion;
tate;84;1;Red Lion;Red Lion;
tate;85;1;Red Lion;Red Lion;
tate;86;1;Red Lion;Red Lion;
tate;87;1;Red Lion;Red Lion;
tate;88;1;Red Lion;Red Lion;
tate;89;1;Red Lion;Red Lion;
tate;90;1;Red Lion;Red Lion;
tate;91;1;Red Lion;Red Lion;
tate;92;1;Red Lion;Red Lion;
tate;93;1;Red Lion;Red Lion;
tate;94;1;Red Lion;Red Lion;
tate;95;1;Red Lion;Red Lion;
tate;96;1;Red Lion;Red Lion;
tate;97;1;Red Lion;Red Lion;
tate;98;1;Red Lion;Red Lion;
tate;99;1;Red Lion;Red Lion;
tate;100;1;Red Lion;Red Lion;
tate;101;1;Red Lion;Red Lion;
tate;102;1;Red Lion;Red Lion;
tate;103;1;Red Lion;Red Lion;
tate;104;1;Red Lion;Red Lion;
tate;105;1;Red Lion;Red Lion;
tate;106;1;Red Lion;Red Lion;
tate;107;1;Red Lion;Red Lion;
tate;108;1;Red Lion;Red Lion;
tate;109;1;Red Lion;Red Lion;
tate;110;1;Red Lion;Red Lion;
tate;111;1;Red Lion;Red Lion;
tate;112;1;Red Lion;Red Lion;
tate;113;1;Red Lion;Red Lion;
dimyal;1;1;Default;Default;
dimyal;3;1;Default;Default;
dimyal;4;1;Default;Default;
dimyal;5;1;Default;Default;
dimyal;7;1;Default;Default;
dimyal;8;1;Default;Default;
dimyal;9;1;Default;Default;
dimyal;10;1;Default;Default;
dimyal;11;1;Default;Default;
mizkan;1;1;Bury St Edmonds;Bury St Edmonds;
mizkan;2;1;Bury St Edmonds;Bury St Edmonds;
mizkan;3;1;Bury St Edmonds;Bury St Edmonds;
mizkan;4;1;Bury St Edmonds;Bury St Edmonds;
mizkan;5;1;Bury St Edmonds;Bury St Edmonds;
mizkan;6;1;Bury St Edmonds;Bury St Edmonds;
mizkan;7;1;Bury St Edmonds;Bury St Edmonds;
mizkan;8;1;Bury St Edmonds;Bury St Edmonds;
pioneeradhesives;1;0;;;no stations, no factory - needs a decision
pioneeradhesives;2;0;;;no stations, no factory - needs a decision
pioneeradhesives;3;0;;;no stations, no factory - needs a decision
pioneeradhesives;4;0;;;no stations, no factory - needs a decision
pioneeradhesives;5;0;;;no stations, no factory - needs a decision
pioneeradhesives;7;1;Pioneer Adhesives;Pioneer Adhesives;
pioneeradhesives;8;1;Pioneer Adhesives;Pioneer Adhesives;
pioneeradhesives;9;1;Pioneer Adhesives;Pioneer Adhesives;
pioneeradhesives;10;1;Pioneer Adhesives;Pioneer Adhesives;
pioneeradhesives;11;1;Pioneer Adhesives;Pioneer Adhesives;
pioneeradhesives;12;1;Pioneer Adhesives;Pioneer Adhesives;
pioneeradhesives;13;1;Pioneer Adhesives;Pioneer Adhesives;
pioneeradhesives;14;1;Pioneer Adhesives;Pioneer Adhesives;
pioneeradhesives;15;1;Pioneer Adhesives;Pioneer Adhesives;
pioneeradhesives;16;1;Pioneer Adhesives;Pioneer Adhesives;
pioneeradhesives;17;1;Pioneer Adhesives;Pioneer Adhesives;
pioneeradhesives;18;1;Pioneer Adhesives;Pioneer Adhesives;
pioneeradhesives;19;1;Pioneer Adhesives;Pioneer Adhesives;
pioneeradhesives;20;1;Pioneer Adhesives;Pioneer Adhesives;
pioneeradhesives;21;1;Pioneer Adhesives;Pioneer Adhesives;
pioneeradhesives;22;1;Pioneer Adhesives;Pioneer Adhesives;
pioneeradhesives;23;1;Pioneer Adhesives;Pioneer Adhesives;
blocblindsni;3;1;Dreamaker;Dreamaker;
syngentabr;3;2;BRPI (Brazil, Paulinia);BRPI (Brazil, Paulinia);multi-factory
syngentabr;4;2;BRPI (Brazil, Paulinia);BRPI (Brazil, Paulinia);multi-factory
syngentabr;5;2;BRPI (Brazil, Paulinia);BRPI (Brazil, Paulinia);multi-factory
syngentabr;6;2;BRPI (Brazil, Paulinia);BRPI (Brazil, Paulinia);multi-factory
syngentabr;7;2;BRPI (Brazil, Paulinia);BRPI (Brazil, Paulinia);multi-factory
syngentabr;8;2;BRPI (Brazil, Paulinia);BRPI (Brazil, Paulinia);multi-factory
syngentabr;9;2;BRPI (Brazil, Paulinia);BRPI (Brazil, Paulinia);multi-factory
syngentabr;10;2;BRPI (Brazil, Paulinia);BRPI (Brazil, Paulinia);multi-factory
baldaran;1;1;Default;Default;
baldaran;2;1;Default;Default;
baldaran;3;1;Default;Default;
baldaran;4;1;Default;Default;
baldaran;5;1;Default;Default;
baldaran;6;1;Default;Default;
baldaran;7;1;Default;Default;
baldaran;8;1;Default;Default;
baldaran;9;1;Default;Default;
baldaran;10;1;Default;Default;
baldaran;11;1;Default;Default;
baldaran;12;1;Default;Default;
baldaran;13;1;Default;Default;
baldaran;14;1;Default;Default;
baldaran;15;1;Default;Default;
baldaran;16;1;Default;Default;
baldaran;17;1;Default;Default;
baldaran;18;1;Default;Default;
baldaran;19;1;Default;Default;
baldaran;21;1;Default;Default;
baldaran;22;1;Default;Default;
baldaran;25;1;Default;Default;
baldaran;28;1;Default;Default;
baldaran;29;1;Default;Default;
baldaran;30;1;Default;Default;
baldaran;32;1;Default;Default;
baldaran;33;1;Default;Default;
baldaran;34;1;Default;Default;
baldaran;35;1;Default;Default;
vapkougios;1;1;Vapkougios;Vapkougios;
tastsian;1;1;Default;Default;
tastsian;2;1;Default;Default;
tastsian;3;1;Default;Default;
tastsian;5;1;Default;Default;
draco;1;1;Draco d.o.o.;Draco d.o.o.;
draco;2;1;Draco d.o.o.;Draco d.o.o.;
draco;3;1;DRACO_Tvornica Muć;DRACO_Tvornica Muć;
draco;4;1;DRACO_Tvornica Muć;DRACO_Tvornica Muć;
laboratoriossophia;1;2;L1, L2;L1, L2;multi-factory
laboratoriossophia;2;2;L1, L2;L1, L2;multi-factory
laboratoriossophia;3;2;L1, L2;L1, L2;multi-factory
laboratoriossophia;4;2;L1, L2;L1, L2;multi-factory
laboratoriossophia;5;2;L1, L2;L1, L2;multi-factory
laboratoriossophia;6;2;L1, L2;L1, L2;multi-factory
laboratoriossophia;7;2;L1, L2;L1, L2;multi-factory
laboratoriossophia;8;2;L1, L2;L1, L2;multi-factory
laboratoriossophia;9;2;L1, L2;L1, L2;multi-factory
laboratoriossophia;10;2;L1, L2;L1, L2;multi-factory
laboratoriossophia;11;2;L1, L2;L1, L2;multi-factory
laboratoriossophia;12;2;L1, L2;L1, L2;multi-factory
laboratoriossophia;13;2;L1, L2;L1, L2;multi-factory
laboratoriossophia;14;2;L1, L2;L1, L2;multi-factory
laboratoriossophia;15;2;L1, L2;L1, L2;multi-factory
laboratoriossophia;16;2;L1, L2;L1, L2;multi-factory
laboratoriossophia;17;2;L1, L2;L1, L2;multi-factory
institutogrifols;1;1;Acondicionamiento;Acondicionamiento;
institutogrifols;2;3;Fraccionamiento, Procesos Finales, Procesos Finales ZAIV;Fraccionamiento, Procesos Finales, Procesos Finales ZAIV;multi-factory
institutogrifols;3;3;Fraccionamiento, Procesos Finales, Procesos Finales ZAIV;Fraccionamiento, Procesos Finales, Procesos Finales ZAIV;multi-factory
institutogrifols;4;3;Fraccionamiento, Procesos Finales, Procesos Finales ZAIV;Fraccionamiento, Procesos Finales, Procesos Finales ZAIV;multi-factory
institutogrifols;5;3;Fraccionamiento, Procesos Finales, Procesos Finales ZAIV;Fraccionamiento, Procesos Finales, Procesos Finales ZAIV;multi-factory
coloritdoo;1;1;Coloritdoo;Coloritdoo;
coloritdoo;2;1;Coloritdoo;Coloritdoo;
coloritdoo;3;1;Coloritdoo;Coloritdoo;
coloritdoo;4;1;Coloritdoo;Coloritdoo;
coloritdoo;5;1;Coloritdoo;Coloritdoo;
coloritdoo;6;1;Coloritdoo;Coloritdoo;
coloritdoo;7;1;Coloritdoo;Coloritdoo;
mediform;2;1;Mediform;Mediform;
mediform;3;1;Mediform;Mediform;
mediform;4;1;Mediform;Mediform;
bosspaints;2;1;Default;Default;
bosspaints;4;1;Default;Default;
bosspaints;6;1;Default;Default;
bosspaints;7;1;Default;Default;
bosspaints;8;1;Default;Default;
bosspaints;10;1;Default;Default;
bosspaints;11;1;Default;Default;
bosspaints;12;1;Default;Default;
bosspaints;13;1;Default;Default;
bosspaints;14;1;Default;Default;
bosspaints;16;1;Default;Default;
bosspaints;17;1;Default;Default;
bosspaints;18;1;Default;Default;
bosspaints;19;1;Default;Default;
bosspaints;22;1;Default;Default;
bosspaints;23;1;Default;Default;
donlow;1;1;Don & Low;Don & Low;
donlow;2;1;Don & Low;Don & Low;
donlow;3;1;Don & Low;Don & Low;
donlow;4;1;Don & Low;Don & Low;
donlow;5;1;Don & Low;Don & Low;
donlow;6;1;Don & Low;Don & Low;
donlow;7;1;Don & Low;Don & Low;
donlow;8;1;Don & Low;Don & Low;
donlow;9;1;Don & Low;Don & Low;
donlow;10;1;Don & Low;Don & Low;
donlow;11;1;Don & Low;Don & Low;
donlow;12;1;Don & Low;Don & Low;
donlow;13;1;Don & Low;Don & Low;
donlow;15;1;Don & Low;Don & Low;
donlow;16;1;Don & Low;Don & Low;
donlow;17;1;Don & Low;Don & Low;
donlow;18;1;Don & Low;Don & Low;
donlow;20;1;Don & Low;Don & Low;
donlow;21;1;Don & Low;Don & Low;
donlow;22;1;Don & Low;Don & Low;
donlow;26;1;Don & Low;Don & Low;
vianex;1;1;Plant A;Plant A;
vianex;2;1;Plant A;Plant A;
vianex;3;1;Plant A;Plant A;
vianex;4;1;Plant A;Plant A;
vianex;5;1;Plant A;Plant A;
vianex;6;1;Plant A;Plant A;
vianex;7;1;Plant A;Plant A;
vianex;8;1;Plant A;Plant A;
vianex;9;1;Plant A;Plant A;
vianex;11;1;Plant A;Plant A;
vianex;12;1;Plant A;Plant A;
vianex;13;1;Plant A;Plant A;
vianex;14;1;Plant A;Plant A;
vianex;15;1;Plant A;Plant A;
vianex;16;1;Plant A;Plant A;
vianex;17;1;Plant A;Plant A;
vianex;18;1;Plant A;Plant A;
vianex;19;1;Plant A;Plant A;
vianex;20;1;Plant A;Plant A;
vianex;21;1;Plant A;Plant A;
vianex;22;1;Plant A;Plant A;
vianex;23;1;Plant A;Plant A;
vianex;25;1;Plant A;Plant A;
vianex;26;1;Plant A;Plant A;
vianex;27;1;Plant A;Plant A;
vianex;28;1;Plant A;Plant A;
vianex;29;1;Plant A;Plant A;
vianex;30;1;Plant A;Plant A;
vianex;31;1;Plant A;Plant A;
vianex;32;1;Plant A;Plant A;
vianex;37;1;Plant A;Plant A;
vianex;38;1;Plant A;Plant A;
vianex;39;1;Plant A;Plant A;
vianex;41;1;Plant A;Plant A;
vianex;42;1;Plant A;Plant A;
vianex;43;1;Plant A;Plant A;
vianex;44;1;Plant A;Plant A;
vianex;45;1;Plant A;Plant A;
vianex;46;1;Plant A;Plant A;
vianex;47;1;Plant A;Plant A;
vianex;48;1;Plant A;Plant A;
vianex;49;1;Plant A;Plant A;
vianex;50;1;Plant A;Plant A;
vianex;51;1;Plant A;Plant A;
vianex;53;1;Plant A;Plant A;
vianex;54;1;Plant A;Plant A;
vianex;55;1;Plant A;Plant A;
vianex;56;1;Plant A;Plant A;
vianex;57;1;Plant A;Plant A;
vianex;58;1;Plant A;Plant A;
vianex;59;1;Plant A;Plant A;
vianex;60;1;Plant A;Plant A;
vianex;61;1;Plant A;Plant A;
vianex;62;1;Plant A;Plant A;
vianex;63;1;Plant A;Plant A;
vianex;64;1;Plant A;Plant A;
vianex;65;1;Plant A;Plant A;
vianex;66;1;Plant A;Plant A;
vianex;67;1;Plant A;Plant A;
vianex;68;1;Plant A;Plant A;
vianex;69;1;Plant A;Plant A;
vianex;77;1;Plant A;Plant A;
vianex;78;1;Plant A;Plant A;
vianex;79;1;Plant A;Plant A;
vianex;80;1;Plant A;Plant A;
vianex;81;1;Plant A;Plant A;
vianex;82;1;Plant A;Plant A;
vianex;83;1;Plant A;Plant A;
vianex;84;1;Plant A;Plant A;
vianex;85;1;Plant A;Plant A;
vianex;86;1;Plant A;Plant A;
vianex;88;1;Plant A;Plant A;
vianex;89;1;Plant A;Plant A;
lisiaerospacecityofindustry;5;1;Default;Default;
lisiaerospacecityofindustry;6;1;Default;Default;
lisiaerospacecityofindustry;7;1;Default;Default;
lisiaerospacecityofindustry;8;1;Default;Default;
lisiaerospacecityofindustry;11;1;Default;Default;
lisiaerospacecityofindustry;13;1;Default;Default;
lisiaerospacecityofindustry;15;1;Default;Default;
lisiaerospacecityofindustry;16;1;Default;Default;
lisiaerospacecityofindustry;18;1;Default;Default;
lisiaerospacecityofindustry;19;1;Default;Default;
lisiaerospacecityofindustry;22;1;Default;Default;
lisiaerospacecityofindustry;23;1;Default;Default;
lisiaerospacecityofindustry;24;1;Default;Default;
lisiaerospacecityofindustry;25;1;Default;Default;
lisiaerospacecityofindustry;26;1;Default;Default;
lisiaerospacecityofindustry;27;1;Default;Default;
lisiaerospacecityofindustry;28;1;Default;Default;
marsbad;1;1;BAD;BAD;
marsbad;2;1;BAD;BAD;
marsbad;3;1;BAD;BAD;
marsbad;4;1;BAD;BAD;
marsbad;5;1;BAD;BAD;
marsbad;6;1;BAD;BAD;
marsbad;7;1;BAD;BAD;
marsbad;8;1;BAD;BAD;
marsbad;9;1;BAD;BAD;
marsbad;10;1;BAD;BAD;
beasleyforest;1;1;Beasleyforest;Beasleyforest;
weberdenmark;1;1;Default;Default;
weberdenmark;2;1;Default;Default;
weberdenmark;3;1;Default;Default;
weberdenmark;4;1;Default;Default;
weberdenmark;11;1;Default;Default;
weberdenmark;12;0;;;no stations, no factory - needs a decision
weberdenmark;15;0;;;no stations, no factory - needs a decision
weberdenmark;17;1;Default;Default;
weberdenmark;18;1;Default;Default;
weberdenmark;19;1;Default;Default;
weberdenmark;23;1;Default;Default;
weberdenmark;31;1;Default;Default;
weberdenmark;37;0;;;no stations, no factory - needs a decision
weberdenmark;41;0;;;no stations, no factory - needs a decision
alicoinsertores;1;1;Alico;Alico;
marscanada;2;1;Default;Default;
marscanada;3;1;Default;Default;
marscanada;5;1;Default;Default;
marscanada;6;1;Default;Default;
marscanada;9;1;Default;Default;
marscanada;10;1;Default;Default;
marscanada;11;1;Default;Default;
marscanada;12;1;Default;Default;
marscanada;13;1;Default;Default;
marscanada;14;1;Default;Default;
marscanada;15;1;Default;Default;
marscanada;16;1;Default;Default;
marscanada;17;1;Default;Default;
marscanada;19;1;Default;Default;
marscanada;20;1;Default;Default;
marscanada;21;1;Default;Default;
marscanada;22;1;Default;Default;
marscanada;23;1;Default;Default;
marscanada;24;1;Default;Default;
marscanada;25;1;Default;Default;
marscanada;27;1;Default;Default;
marscanada;29;1;Default;Default;
marscanada;30;1;Default;Default;
marscanada;31;1;Default;Default;
marscanada;34;1;Default;Default;
marscanada;35;1;Default;Default;
marscanada;36;1;Default;Default;
marscanada;37;1;Default;Default;
marscanada;38;1;Default;Default;
marscanada;39;1;Default;Default;
marscanada;40;1;Default;Default;
marscanada;41;1;Default;Default;
marscanada;42;1;Default;Default;
marscanada;45;1;Default;Default;
marscanada;47;1;Default;Default;
marscanada;48;1;Default;Default;
marscanada;49;1;Default;Default;
marscanada;50;1;Default;Default;
marscanada;51;1;Default;Default;
marscanada;52;1;Default;Default;
marscanada;53;1;Default;Default;
marscanada;54;1;Default;Default;
marscanada;55;1;Default;Default;
marscanada;56;1;Default;Default;
marscanada;57;1;Default;Default;
marscanada;58;1;Default;Default;
marscanada;60;1;Default;Default;
marscanada;61;1;Default;Default;
marscanada;62;1;Default;Default;
marscanada;63;1;Default;Default;
marscanada;64;1;Default;Default;
marscanada;65;1;Default;Default;
marscanada;66;1;Default;Default;
marscanada;67;1;Default;Default;
marscanada;68;1;Default;Default;
marscanada;69;1;Default;Default;
marscanada;70;1;Default;Default;
marscanada;71;1;Default;Default;
marscanada;72;1;Default;Default;
marscanada;73;1;Default;Default;
marscanada;74;1;Default;Default;
marscanada;75;1;Default;Default;
marscanada;76;1;Default;Default;
marscanada;78;1;Default;Default;
marscanada;80;1;Default;Default;
marscanada;81;1;Default;Default;
marscanada;85;1;Default;Default;
marscanada;86;1;Default;Default;
marscanada;87;1;Default;Default;
marscanada;88;1;Default;Default;
marscanada;89;1;Default;Default;
marscanada;90;1;Default;Default;
marscanada;91;1;Default;Default;
marscanada;92;1;Default;Default;
marscanada;93;1;Default;Default;
papadopoulos;2;1;Oinofyta;Oinofyta;
papadopoulos;3;1;Oinofyta;Oinofyta;
papadopoulos;4;1;Oinofyta;Oinofyta;
papadopoulos;10;1;Oinofyta;Oinofyta;
papadopoulos;11;1;Oinofyta;Oinofyta;
papadopoulos;12;1;Oinofyta;Oinofyta;
papadopoulos;13;1;Oinofyta;Oinofyta;
papadopoulos;15;1;Oinofyta;Oinofyta;
papadopoulos;16;1;Oinofyta;Oinofyta;
papadopoulos;17;1;Oinofyta;Oinofyta;
papadopoulos;18;1;Oinofyta;Oinofyta;
papadopoulos;19;1;Oinofyta;Oinofyta;
papadopoulos;20;1;Oinofyta;Oinofyta;
papadopoulos;22;1;Oinofyta;Oinofyta;
papadopoulos;23;1;Oinofyta;Oinofyta;
papadopoulos;24;1;Oinofyta;Oinofyta;
papadopoulos;25;1;Oinofyta;Oinofyta;
papadopoulos;26;1;Oinofyta;Oinofyta;
papadopoulos;27;1;Oinofyta;Oinofyta;
papadopoulos;28;1;Oinofyta;Oinofyta;
papadopoulos;29;1;Oinofyta;Oinofyta;
papadopoulos;30;1;Oinofyta;Oinofyta;
papadopoulos;31;1;Oinofyta;Oinofyta;
papadopoulos;32;1;Oinofyta;Oinofyta;
papadopoulos;33;1;Oinofyta;Oinofyta;
papadopoulos;34;1;Oinofyta;Oinofyta;
papadopoulos;37;1;Salonica;Salonica;
papadopoulos;38;1;Salonica;Salonica;
papadopoulos;39;1;Salonica;Salonica;
papadopoulos;40;1;Salonica;Salonica;
papadopoulos;41;1;Salonica;Salonica;
papadopoulos;42;1;Salonica;Salonica;
papadopoulos;43;1;Salonica;Salonica;
papadopoulos;44;1;Salonica;Salonica;
papadopoulos;45;1;Salonica;Salonica;
papadopoulos;46;1;Salonica;Salonica;
papadopoulos;47;1;Salonica;Salonica;
papadopoulos;48;1;Salonica;Salonica;
papadopoulos;49;1;Salonica;Salonica;
papadopoulos;50;1;Salonica;Salonica;
papadopoulos;51;1;Salonica;Salonica;
papadopoulos;52;1;Salonica;Salonica;
papadopoulos;54;1;Salonica;Salonica;
papadopoulos;55;1;Salonica;Salonica;
papadopoulos;56;1;Salonica;Salonica;
papadopoulos;57;1;Salonica;Salonica;
papadopoulos;58;1;Salonica;Salonica;
papadopoulos;59;1;Salonica;Salonica;
papadopoulos;60;1;Salonica;Salonica;
papadopoulos;61;1;Salonica;Salonica;
papadopoulos;62;1;Salonica;Salonica;
papadopoulos;63;1;Salonica;Salonica;
papadopoulos;64;1;Salonica;Salonica;
papadopoulos;65;1;Salonica;Salonica;
papadopoulos;66;1;Salonica;Salonica;
papadopoulos;67;1;Salonica;Salonica;
papadopoulos;68;1;Salonica;Salonica;
papadopoulos;69;1;Salonica;Salonica;
papadopoulos;70;1;Salonica;Salonica;
papadopoulos;71;1;Salonica;Salonica;
papadopoulos;72;1;Salonica;Salonica;
papadopoulos;73;1;Salonica;Salonica;
papadopoulos;74;1;Salonica;Salonica;
papadopoulos;75;1;Salonica;Salonica;
papadopoulos;76;1;Salonica;Salonica;
papadopoulos;77;1;Salonica;Salonica;
papadopoulos;78;1;Salonica;Salonica;
papadopoulos;79;1;Salonica;Salonica;
papadopoulos;80;1;Salonica;Salonica;
papadopoulos;82;1;Salonica;Salonica;
papadopoulos;83;1;Salonica;Salonica;
papadopoulos;84;1;Salonica;Salonica;
papadopoulos;85;1;Salonica;Salonica;
papadopoulos;86;1;Salonica;Salonica;
papadopoulos;87;1;Salonica;Salonica;
papadopoulos;88;1;Salonica;Salonica;
papadopoulos;89;1;Salonica;Salonica;
papadopoulos;91;1;Salonica;Salonica;
papadopoulos;92;1;Athens;Athens;
papadopoulos;93;1;Athens;Athens;
papadopoulos;94;1;Athens;Athens;
papadopoulos;95;1;Athens;Athens;
papadopoulos;96;1;Athens;Athens;
papadopoulos;98;1;Athens;Athens;
papadopoulos;99;1;Athens;Athens;
papadopoulos;100;1;Athens;Athens;
papadopoulos;102;1;Athens;Athens;
papadopoulos;103;1;Athens;Athens;
papadopoulos;104;1;Athens;Athens;
papadopoulos;105;1;Athens;Athens;
papadopoulos;106;1;Volos;Volos;
papadopoulos;107;1;Volos;Volos;
papadopoulos;108;1;Volos;Volos;
papadopoulos;109;1;Volos;Volos;
papadopoulos;110;1;Volos;Volos;
papadopoulos;111;1;Volos;Volos;
papadopoulos;112;1;Volos;Volos;
papadopoulos;113;1;Volos;Volos;
papadopoulos;114;1;Volos;Volos;
papadopoulos;115;1;Volos;Volos;
papadopoulos;116;1;Volos;Volos;
papadopoulos;117;1;Salonica;Salonica;
papadopoulos;151;1;Oinofyta;Oinofyta;
papadopoulos;152;1;Salonica;Salonica;
papadopoulos;153;1;Salonica;Salonica;
papadopoulos;154;1;Salonica;Salonica;
papadopoulos;155;1;Salonica;Salonica;
papadopoulos;158;1;Salonica;Salonica;
papadopoulos;159;1;Salonica;Salonica;
papadopoulos;160;1;Salonica;Salonica;
papadopoulos;161;1;Salonica;Salonica;
papadopoulos;162;1;Salonica;Salonica;
papadopoulos;163;1;Salonica;Salonica;
papadopoulos;164;1;Athens;Athens;
papadopoulos;165;1;Athens;Athens;
papadopoulos;166;1;Athens;Athens;
karplastik;3;1;Kar Plastik;Kar Plastik;
karplastik;7;1;Kar Plastik;Kar Plastik;
karplastik;11;1;Kar Plastik;Kar Plastik;
karplastik;16;1;Kar Plastik;Kar Plastik;
karplastik;17;1;Kar Plastik;Kar Plastik;
karplastik;18;1;Kar Plastik;Kar Plastik;
karplastik;19;1;Kar Plastik;Kar Plastik;
karplastik;26;1;Kar Plastik;Kar Plastik;
karplastik;27;1;Kar Plastik;Kar Plastik;
karplastik;40;1;Kar Plastik;Kar Plastik;
karplastik;42;1;Kar Plastik;Kar Plastik;
karplastik;43;1;Kar Plastik;Kar Plastik;
karplastik;44;1;Kar Plastik;Kar Plastik;
karplastik;46;1;Kar Plastik;Kar Plastik;
karplastik;47;1;Kar Plastik;Kar Plastik;
karplastik;48;1;Kar Plastik;Kar Plastik;
karplastik;49;1;Kar Plastik;Kar Plastik;
karplastik;51;1;Kar Plastik;Kar Plastik;
karplastik;52;1;Kar Plastik;Kar Plastik;
karplastik;54;1;Kar Plastik;Kar Plastik;
karplastik;55;1;Kar Plastik;Kar Plastik;
karplastik;56;1;Kar Plastik;Kar Plastik;
karplastik;60;1;Kar Plastik;Kar Plastik;
karplastik;61;1;Kar Plastik;Kar Plastik;
karplastik;62;1;Kar Plastik;Kar Plastik;
karplastik;65;1;Kar Plastik;Kar Plastik;
karplastik;66;1;Kar Plastik;Kar Plastik;
karplastik;67;1;Kar Plastik;Kar Plastik;
karplastik;70;1;Kar Plastik;Kar Plastik;
cocacolalao;5;1;Factory 1;Factory 1;
cocacolalao;6;1;Factory 1;Factory 1;
cocacolalao;7;1;Factory 1;Factory 1;
cocacolalao;8;1;Factory 1;Factory 1;
cocacolalao;9;1;Factory 1;Factory 1;
cocacolalao;11;1;Factory 1;Factory 1;
cocacolalao;13;1;Factory 1;Factory 1;
cocacolalao;14;1;Factory 1;Factory 1;
cocacolalao;15;1;Factory 1;Factory 1;
cocacolalao;16;1;Factory 1;Factory 1;
cocacolalao;17;1;Factory 1;Factory 1;
cocacolalao;18;1;Factory 1;Factory 1;
cocacolalao;19;1;Factory 1;Factory 1;
cocacolalao;20;1;Factory 1;Factory 1;
cocacolalao;21;1;Factory 1;Factory 1;
cocacolalao;22;1;Factory 1;Factory 1;
cocacolalao;23;1;Factory 1;Factory 1;
mandrekas;2;1;Mandrekas;Mandrekas;
mandrekas;3;1;Mandrekas;Mandrekas;
mandrekas;4;1;Mandrekas;Mandrekas;
mandrekas;5;1;Mandrekas;Mandrekas;
mandrekas;6;1;Mandrekas;Mandrekas;
mandrekas;7;1;Mandrekas;Mandrekas;
mandrekas;8;1;Mandrekas;Mandrekas;
mandrekas;9;1;Mandrekas;Mandrekas;
mandrekas;10;1;Mandrekas;Mandrekas;
mandrekas;11;1;Mandrekas;Mandrekas;
mandrekas;12;1;Mandrekas;Mandrekas;
piteskolios;1;1;Piteskolios;Piteskolios;
piteskolios;2;1;Piteskolios;Piteskolios;
piteskolios;3;1;Piteskolios;Piteskolios;
piteskolios;4;1;Piteskolios;Piteskolios;
piteskolios;5;1;Piteskolios;Piteskolios;
piteskolios;6;1;Piteskolios;Piteskolios;
piteskolios;7;1;Piteskolios;Piteskolios;
piteskolios;8;1;Piteskolios;Piteskolios;
piteskolios;9;1;Piteskolios;Piteskolios;
piteskolios;10;1;Piteskolios;Piteskolios;
piteskolios;12;1;Piteskolios;Piteskolios;
piteskolios;13;1;Piteskolios;Piteskolios;
accord;1;1;Schimatari;Schimatari;
accord;2;1;Schimatari;Schimatari;
accord;3;1;Schimatari;Schimatari;
accord;4;1;Schimatari;Schimatari;
accord;5;1;Schimatari;Schimatari;
accord;6;1;Schimatari;Schimatari;
accord;7;1;Schimatari;Schimatari;
accord;8;1;Schimatari;Schimatari;
accord;9;1;Schimatari;Schimatari;
accord;10;1;Schimatari;Schimatari;
accord;11;1;Schimatari;Schimatari;
accord;12;1;Schimatari;Schimatari;
accord;13;1;Schimatari;Schimatari;
accord;14;1;Schimatari;Schimatari;
accord;15;1;Schimatari;Schimatari;
accord;16;1;Schimatari;Schimatari;
accord;17;1;Schimatari;Schimatari;
accord;18;1;Schimatari;Schimatari;
accord;19;1;Schimatari;Schimatari;
accord;20;1;Schimatari;Schimatari;
accord;21;1;Schimatari;Schimatari;
accord;22;1;Schimatari;Schimatari;
accord;23;1;Schimatari;Schimatari;
accord;24;1;Schimatari;Schimatari;
accord;25;1;Schimatari;Schimatari;
accord;26;1;Schimatari;Schimatari;
accord;27;1;Schimatari;Schimatari;
marsusa;2;1;Default;Default;
marsusa;3;1;Default;Default;
marsusa;4;1;Default;Default;
marsusa;5;1;Default;Default;
marsusa;6;1;Default;Default;
adbll1;1;1;JJPM sp. z o.o.;JJPM sp. z o.o.;
adbll1;2;1;JJPM sp. z o.o.;JJPM sp. z o.o.;
adbll1;3;1;JJPM sp. z o.o.;JJPM sp. z o.o.;
adbll1;4;1;JJPM sp. z o.o.;JJPM sp. z o.o.;
adbll1;5;1;JJPM sp. z o.o.;JJPM sp. z o.o.;
adbll1;6;1;JJPM sp. z o.o.;JJPM sp. z o.o.;
pekabesko;1;1;Factory 1;Factory 1;
pekabesko;2;1;Factory 1;Factory 1;
pekabesko;3;1;Factory 1;Factory 1;
pekabesko;4;1;Factory 1;Factory 1;
pekabesko;5;1;Factory 1;Factory 1;
pekabesko;6;1;Factory 1;Factory 1;
pekabesko;7;1;Factory 1;Factory 1;
pekabesko;8;1;Factory 1;Factory 1;
pekabesko;9;1;Factory 1;Factory 1;
pekabesko;10;1;Factory 1;Factory 1;
pekabesko;11;1;Factory 1;Factory 1;
pekabesko;12;1;Factory 1;Factory 1;
pekabesko;13;1;Factory 1;Factory 1;
pekabesko;14;1;Factory 1;Factory 1;
tmiproduct;30;1;TMI Rosarito;TMI Rosarito;
matrixpack;3;1;GR 70A Fiber;GR 70A Fiber;
matrixpack;9;2;GR 70A Tube, GR 70B Tube;GR 70A Tube, GR 70B Tube;multi-factory
matrixpack;17;1;GR 70A Fiber;GR 70A Fiber;
matrixpack;28;2;GR 70A Tube, GR 70B Tube;GR 70A Tube, GR 70B Tube;multi-factory
matrixpack;32;2;GR 70A Tube, GR 70B Tube;GR 70A Tube, GR 70B Tube;multi-factory
matrixpack;34;2;GR 70A Tube, GR 70B Tube;GR 70A Tube, GR 70B Tube;multi-factory
matrixpack;43;1;GR 70A Tube;GR 70A Tube;
matrixpack;44;1;GR 70A Tube;GR 70A Tube;
matrixpack;56;2;GR 70A Tube, GR 70B Tube;GR 70A Tube, GR 70B Tube;multi-factory
matrixpack;57;1;GR 70A Tube;GR 70A Tube;
matrixpack;68;1;BG Tube;BG Tube;
matrixpack;70;1;GR 70A Tube;GR 70A Tube;
matrixpack;71;1;GR 70A Tube;GR 70A Tube;
matrixpack;72;2;GR 70A Tube, GR 70B Tube;GR 70A Tube, GR 70B Tube;multi-factory
matrixpack;77;2;GR 70A Tube, GR 70B Tube;GR 70A Tube, GR 70B Tube;multi-factory
matrixpack;79;2;GR 70A Tube, GR 70B Tube;GR 70A Tube, GR 70B Tube;multi-factory
matrixpack;81;2;GR 70A Tube, GR 70B Tube;GR 70A Tube, GR 70B Tube;multi-factory
matrixpack;84;1;BG Tube;BG Tube;
matrixpack;138;2;GR 70A Tube, GR 70B Tube;GR 70A Tube, GR 70B Tube;multi-factory
matrixpack;145;2;GR 70A Tube, GR 70B Tube;GR 70A Tube, GR 70B Tube;multi-factory
matrixpack;148;2;GR 70A Fiber, GR 70A Tube;GR 70A Fiber, GR 70A Tube;multi-factory
matrixpack;149;2;GR 70A Tube, GR 70B Tube;GR 70A Tube, GR 70B Tube;multi-factory
matrixpack;150;2;GR 70A Tube, GR 70B Tube;GR 70A Tube, GR 70B Tube;multi-factory
matrixpack;155;2;GR 70A Tube, GR 70B Tube;GR 70A Tube, GR 70B Tube;multi-factory
matrixpack;159;1;GR 70A Fiber;GR 70A Fiber;
matrixpack;165;1;GR 70A Pack;GR 70A Pack;
matrixpack;193;1;GR 70A Pack;GR 70A Pack;
matrixpack;198;1;GR 70A Pack;GR 70A Pack;
matrixpack;207;1;GR 70A Pack;GR 70A Pack;
matrixpack;212;1;GR 70A Fiber;GR 70A Fiber;
matrixpack;219;2;GR 70A Tube, GR 70B Tube;GR 70A Tube, GR 70B Tube;multi-factory
matrixpack;220;1;GR 70A Pack;GR 70A Pack;
matrixpack;222;1;GR 70A Pack;GR 70A Pack;
matrixpack;227;1;GR 70A Pack;GR 70A Pack;
matrixpack;228;1;GR 70A Pack;GR 70A Pack;
matrixpack;229;1;GR 70A Pack;GR 70A Pack;
matrixpack;231;1;GR 70A Pack;GR 70A Pack;
matrixpack;237;1;GR 70A Pack;GR 70A Pack;
matrixpack;238;1;GR 70A Pack;GR 70A Pack;
matrixpack;239;1;GR 70A Pack;GR 70A Pack;
matrixpack;240;1;GR 70A Pack;GR 70A Pack;
matrixpack;241;1;GR 70A Pack;GR 70A Pack;
matrixpack;242;1;GR 70A Pack;GR 70A Pack;
matrixpack;243;1;GR 70A Pack;GR 70A Pack;
matrixpack;244;1;GR 70A Pack;GR 70A Pack;
matrixpack;245;1;GR 70A Pack;GR 70A Pack;
matrixpack;246;1;GR 70A Pack;GR 70A Pack;
matrixpack;247;1;GR 70A Pack;GR 70A Pack;
matrixpack;248;1;GR 70A Pack;GR 70A Pack;
matrixpack;249;1;GR 70A Pack;GR 70A Pack;
matrixpack;250;2;GR 70A Fiber, GR 70A Tube;GR 70A Fiber, GR 70A Tube;multi-factory
matrixpack;253;1;GR 70A Pack;GR 70A Pack;
matrixpack;255;1;GR 70A Pack;GR 70A Pack;
matrixpack;256;1;GR 70A Pack;GR 70A Pack;
matrixpack;340;1;UK Tube;UK Tube;
matrixpack;341;1;UK Tube;UK Tube;
matrixpack;342;1;UK Tube;UK Tube;
matrixpack;343;1;UK Tube;UK Tube;
matrixpack;348;1;GR 70A Pack;GR 70A Pack;
matrixpack;349;2;GR 70A Tube, GR 70B Tube;GR 70A Tube, GR 70B Tube;multi-factory
matrixpack;350;1;GR 70A Pack;GR 70A Pack;
matrixpack;351;2;GR 70A Tube, GR 70B Tube;GR 70A Tube, GR 70B Tube;multi-factory
matrixpack;354;1;UK Tube;UK Tube;
matrixpack;355;1;UK Tube;UK Tube;
matrixpack;356;1;GR 70A Pack;GR 70A Pack;
matrixpack;357;2;GR 70A Tube, GR 70B Tube;GR 70A Tube, GR 70B Tube;multi-factory
matrixpack;370;1;BG Tube;BG Tube;
matrixpack;375;1;UK Tube;UK Tube;
matrixpack;377;1;UK Tube;UK Tube;
matrixpack;379;1;UK Tube;UK Tube;
matrixpack;380;1;UK Tube;UK Tube;
matrixpack;388;2;GR 70A Fiber, GR 70A Tube;GR 70A Fiber, GR 70A Tube;multi-factory
matrixpack;389;1;GR 70A Pack;GR 70A Pack;
matrixpack;391;1;GR 70E Fiber;GR 70E Fiber;
matrixpack;392;1;GR 70A Pack;GR 70A Pack;
matrixpack;394;2;GR 70A Tube, GR 70B Tube;GR 70A Tube, GR 70B Tube;multi-factory
matrixpack;395;2;GR 70A Tube, GR 70B Tube;GR 70A Tube, GR 70B Tube;multi-factory
matrixpack;410;1;GR 70A Fiber;GR 70A Fiber;
matrixpack;411;2;GR 70A Fiber, GR 70A Tube;GR 70A Fiber, GR 70A Tube;multi-factory
matrixpack;415;1;US ΚΥ Tube;US ΚΥ Tube;
matrixpack;423;2;GR 70A Tube, GR 70B Tube;GR 70A Tube, GR 70B Tube;multi-factory
matrixpack;424;1;GR 70A Pack;GR 70A Pack;
matrixpack;425;1;GR 70A Pack;GR 70A Pack;
matrixpack;427;1;GR 70A Tube;GR 70A Tube;
matrixpack;429;1;GR 70A Pack;GR 70A Pack;
matrixpack;430;1;GR 70A Pack;GR 70A Pack;
matrixpack;431;1;GR 70A Pack;GR 70A Pack;
matrixpack;432;2;GR 70A Fiber, GR 70A Tube;GR 70A Fiber, GR 70A Tube;multi-factory
matrixpack;433;1;GR 70A Pack;GR 70A Pack;
matrixpack;436;2;GR 70A Tube, GR 70B Tube;GR 70A Tube, GR 70B Tube;multi-factory
matrixpack;440;2;GR 70A Tube, GR 70B Tube;GR 70A Tube, GR 70B Tube;multi-factory
matrixpack;442;2;GR 70A Tube, GR 70B Tube;GR 70A Tube, GR 70B Tube;multi-factory
matrixpack;444;1;GR 70A Tube;GR 70A Tube;
matrixpack;445;1;GR 70A Tube;GR 70A Tube;
matrixpack;446;1;GR 70A Tube;GR 70A Tube;
matrixpack;447;3;GR 70A Pack, GR 70A Tube, GR 70B Tube;GR 70A Pack, GR 70A Tube, GR 70B Tube;multi-factory
matrixpack;448;1;GR 70A Tube;GR 70A Tube;
matrixpack;451;2;GR 70A Pack, GR 70A Tube;GR 70A Pack, GR 70A Tube;multi-factory
matrixpack;452;1;GR 70A Tube;GR 70A Tube;
matrixpack;453;1;GR 70A Tube;GR 70A Tube;
matrixpack;459;1;UK Tube;UK Tube;
matrixpack;461;1;GR 70A Pack;GR 70A Pack;
matrixpack;462;1;GR 70A Tube;GR 70A Tube;
matrixpack;463;1;GR 70A Tube;GR 70A Tube;
matrixpack;464;1;GR 70A Fiber;GR 70A Fiber;
matrixpack;493;1;UK Tube;UK Tube;
matrixpack;495;1;GR 70A Tube;GR 70A Tube;
matrixpack;497;1;GR 70A Pack;GR 70A Pack;
matrixpack;498;1;GR 70A Pack;GR 70A Pack;
matrixpack;499;1;GR 70A Fiber;GR 70A Fiber;
matrixpack;500;1;GR 70A Tube;GR 70A Tube;
matrixpack;502;1;GR 70A Tube;GR 70A Tube;
matrixpack;503;2;GR 70A Tube, GR 70B Tube;GR 70A Tube, GR 70B Tube;multi-factory
matrixpack;504;2;GR 70A Tube, GR 70B Tube;GR 70A Tube, GR 70B Tube;multi-factory
matrixpack;505;2;GR 70A Fiber, GR 70A Tube;GR 70A Fiber, GR 70A Tube;multi-factory
matrixpack;506;3;GR 70A Pack, GR 70A Tube, GR 70B Tube;GR 70A Pack, GR 70A Tube, GR 70B Tube;multi-factory
matrixpack;507;3;GR 70A Pack, GR 70A Tube, GR 70B Tube;GR 70A Pack, GR 70A Tube, GR 70B Tube;multi-factory
matrixpack;523;1;GR 70A Fiber;GR 70A Fiber;
matrixpack;524;1;GR 70A Fiber;GR 70A Fiber;
matrixpack;528;1;GR 70A Fiber;GR 70A Fiber;
matrixpack;529;1;GR 70A Fiber;GR 70A Fiber;
matrixpack;530;1;GR 70A Fiber;GR 70A Fiber;
matrixpack;532;1;GR 70A Fiber;GR 70A Fiber;
matrixpack;533;1;GR 70A Fiber;GR 70A Fiber;
matrixpack;535;1;GR 70A Fiber;GR 70A Fiber;
matrixpack;536;1;GR 70A Fiber;GR 70A Fiber;
matrixpack;537;1;GR 70A Fiber;GR 70A Fiber;
matrixpack;538;2;GR 70A Tube, GR 70B Tube;GR 70A Tube, GR 70B Tube;multi-factory
matrixpack;545;1;GR 70A Pack;GR 70A Pack;
matrixpack;546;1;GR 70A Tube;GR 70A Tube;
matrixpack;547;1;UK Tube;UK Tube;
matrixpack;549;1;GR 70A Pack;GR 70A Pack;
matrixpack;550;1;GR 70A Pack;GR 70A Pack;
matrixpack;551;1;GR 70A Pack;GR 70A Pack;
matrixpack;552;1;GR 70A Pack;GR 70A Pack;
matrixpack;553;1;GR 68;GR 68;
matrixpack;554;1;GR 68;GR 68;
matrixpack;555;1;GR 68;GR 68;
matrixpack;556;1;GR 68;GR 68;
matrixpack;557;1;GR 68;GR 68;
matrixpack;558;1;UK Tube;UK Tube;
matrixpack;559;1;US ΚΥ Tube;US ΚΥ Tube;
matrixpack;565;1;UK Tube;UK Tube;
matrixpack;566;1;GR 70A Fiber;GR 70A Fiber;
matrixpack;567;2;GR 70A Pack, GR 70A Tube;GR 70A Pack, GR 70A Tube;multi-factory
matrixpack;568;1;US ΚΥ Tube;US ΚΥ Tube;
matrixpack;570;1;GR 70A Tube;GR 70A Tube;
matrixpack;572;1;GR 70A Tube;GR 70A Tube;
matrixpack;573;1;GR 70A Tube;GR 70A Tube;
matrixpack;574;1;GR 70A Tube;GR 70A Tube;
matrixpack;575;1;GR 70A Tube;GR 70A Tube;
matrixpack;576;1;GR 70A Tube;GR 70A Tube;
matrixpack;577;1;GR 70A Tube;GR 70A Tube;
matrixpack;578;1;GR 70A Tube;GR 70A Tube;
matrixpack;579;1;GR 70A Tube;GR 70A Tube;
matrixpack;580;1;GR 70A Tube;GR 70A Tube;
matrixpack;581;1;GR 70A Tube;GR 70A Tube;
matrixpack;582;1;GR 70A Tube;GR 70A Tube;
matrixpack;583;1;GR 70A Tube;GR 70A Tube;
matrixpack;584;1;GR 70A Tube;GR 70A Tube;
matrixpack;586;2;GR 70A Tube, GR 70B Tube;GR 70A Tube, GR 70B Tube;multi-factory
matrixpack;587;2;GR 70A Tube, GR 70B Tube;GR 70A Tube, GR 70B Tube;multi-factory
matrixpack;588;2;GR 70A Tube, GR 70B Tube;GR 70A Tube, GR 70B Tube;multi-factory
matrixpack;589;1;GR 70A Fiber;GR 70A Fiber;
matrixpack;590;1;GR 70A Fiber;GR 70A Fiber;
matrixpack;591;3;GR 70A Fiber, GR 70A Pack, GR 70A Tube;GR 70A Fiber, GR 70A Pack, GR 70A Tube;multi-factory
matrixpack;593;2;GR 70A Fiber, GR 70A Tube;GR 70A Fiber, GR 70A Tube;multi-factory
matrixpack;594;2;GR 70A Tube, GR 70B Tube;GR 70A Tube, GR 70B Tube;multi-factory
matrixpack;595;1;GR 70A Fiber;GR 70A Fiber;
matrixpack;598;1;US ΚΥ Tube;US ΚΥ Tube;
matrixpack;601;1;UK Tube;UK Tube;
matrixpack;603;2;GR 70A Fiber, GR 70A Pack;GR 70A Fiber, GR 70A Pack;multi-factory
matrixpack;605;1;GR 68;GR 68;
matrixpack;606;1;GR 68;GR 68;
matrixpack;607;1;GR 68;GR 68;
matrixpack;608;1;GR 68;GR 68;
matrixpack;609;1;GR 68;GR 68;
matrixpack;610;1;GR 68;GR 68;
matrixpack;611;1;GR 68;GR 68;
matrixpack;612;1;GR 68;GR 68;
matrixpack;613;1;GR 70A Tube;GR 70A Tube;
matrixpack;619;1;GR 70A Fiber;GR 70A Fiber;
matrixpack;620;1;GR 70A Fiber;GR 70A Fiber;
matrixpack;622;1;GR 70A Fiber;GR 70A Fiber;
matrixpack;631;1;GR 70A Fiber;GR 70A Fiber;
matrixpack;632;1;GR 70A Fiber;GR 70A Fiber;
matrixpack;636;1;GR 70A Fiber;GR 70A Fiber;
matrixpack;637;1;GR 70A Fiber;GR 70A Fiber;
matrixpack;638;1;GR 70A Fiber;GR 70A Fiber;
matrixpack;640;1;GR 70A Fiber;GR 70A Fiber;
matrixpack;641;1;GR 70A Fiber;GR 70A Fiber;
matrixpack;642;1;GR 70A Fiber;GR 70A Fiber;
matrixpack;643;1;GR 70A Fiber;GR 70A Fiber;
matrixpack;645;1;GR 70A Fiber;GR 70A Fiber;
matrixpack;648;1;GR 70A Fiber;GR 70A Fiber;
matrixpack;649;1;GR 70A Fiber;GR 70A Fiber;
matrixpack;650;1;GR 70A Fiber;GR 70A Fiber;
matrixpack;651;1;GR 70A Fiber;GR 70A Fiber;
matrixpack;652;1;GR 70A Fiber;GR 70A Fiber;
matrixpack;653;1;GR 70A Fiber;GR 70A Fiber;
matrixpack;654;1;GR 70A Fiber;GR 70A Fiber;
matrixpack;655;1;GR 70A Fiber;GR 70A Fiber;
matrixpack;656;1;GR 70A Fiber;GR 70A Fiber;
matrixpack;657;1;GR 70A Fiber;GR 70A Fiber;
matrixpack;659;1;GR 70A Fiber;GR 70A Fiber;
matrixpack;661;1;US ΚΥ Tube;US ΚΥ Tube;
matrixpack;663;2;GR 70A Tube, GR 70B Tube;GR 70A Tube, GR 70B Tube;multi-factory
matrixpack;664;2;GR 70A Tube, GR 70B Tube;GR 70A Tube, GR 70B Tube;multi-factory
matrixpack;665;3;GR 70A Pack, GR 70A Tube, GR 70B Tube;GR 70A Pack, GR 70A Tube, GR 70B Tube;multi-factory
matrixpack;666;2;GR 70A Tube, GR 70B Tube;GR 70A Tube, GR 70B Tube;multi-factory
matrixpack;667;1;GR 70A Tube;GR 70A Tube;
matrixpack;668;2;GR 70A Tube, GR 70B Tube;GR 70A Tube, GR 70B Tube;multi-factory
matrixpack;669;1;GR 70A Fiber;GR 70A Fiber;
matrixpack;671;1;GR 70A Fiber;GR 70A Fiber;
matrixpack;672;3;GR 70A Pack, GR 70A Tube, GR 70B Tube;GR 70A Pack, GR 70A Tube, GR 70B Tube;multi-factory
matrixpack;673;1;GR 70A Fiber;GR 70A Fiber;
matrixpack;674;3;GR 70A Pack, GR 70A Tube, GR 70B Tube;GR 70A Pack, GR 70A Tube, GR 70B Tube;multi-factory
matrixpack;677;1;GR 70A Fiber;GR 70A Fiber;
matrixpack;678;1;GR 70A Pack;GR 70A Pack;
matrixpack;679;1;GR 70A Fiber;GR 70A Fiber;
matrixpack;684;1;GR 70A Fiber;GR 70A Fiber;
matrixpack;685;1;GR 70A Fiber;GR 70A Fiber;
matrixpack;686;1;GR 70A Fiber;GR 70A Fiber;
matrixpack;687;1;GR 70A Fiber;GR 70A Fiber;
matrixpack;688;1;GR 70A Fiber;GR 70A Fiber;
matrixpack;689;1;GR 70A Fiber;GR 70A Fiber;
matrixpack;690;1;GR 70A Fiber;GR 70A Fiber;
matrixpack;691;1;GR 70A Fiber;GR 70A Fiber;
matrixpack;694;1;GR 70A Fiber;GR 70A Fiber;
matrixpack;696;1;GR 70A Fiber;GR 70A Fiber;
matrixpack;698;1;GR 70A Fiber;GR 70A Fiber;
matrixpack;704;1;GR 70A Fiber;GR 70A Fiber;
matrixpack;705;1;GR 70A Fiber;GR 70A Fiber;
matrixpack;706;1;GR 70A Fiber;GR 70A Fiber;
matrixpack;707;1;GR 70A Fiber;GR 70A Fiber;
matrixpack;709;1;GR 70A Fiber;GR 70A Fiber;
matrixpack;713;1;GR 70A Fiber;GR 70A Fiber;
matrixpack;714;1;US ΚΥ Tube;US ΚΥ Tube;
matrixpack;715;1;GR 70A Tube;GR 70A Tube;
matrixpack;716;1;GR 70A Tube;GR 70A Tube;
matrixpack;718;1;GR 70A Fiber;GR 70A Fiber;
matrixpack;719;1;GR 70A Fiber;GR 70A Fiber;
matrixpack;721;1;GR 70A Fiber;GR 70A Fiber;
matrixpack;723;1;GR 70A Fiber;GR 70A Fiber;
matrixpack;724;1;GR 70A Fiber;GR 70A Fiber;
matrixpack;725;1;GR 70A Fiber;GR 70A Fiber;
matrixpack;726;1;GR 70A Fiber;GR 70A Fiber;
matrixpack;727;1;GR 70A Fiber;GR 70A Fiber;
matrixpack;728;1;GR 70A Fiber;GR 70A Fiber;
matrixpack;729;1;US ΚΥ Tube;US ΚΥ Tube;
matrixpack;731;1;GR 70A Fiber;GR 70A Fiber;
matrixpack;732;1;GR 70E Fiber;GR 70E Fiber;
matrixpack;734;1;GR 70A Tube;GR 70A Tube;
matrixpack;735;1;GR 70A Tube;GR 70A Tube;
matrixpack;736;1;US ΚΥ Tube;US ΚΥ Tube;
matrixpack;737;1;GR 70A Fiber;GR 70A Fiber;
matrixpack;738;1;GR 70A Fiber;GR 70A Fiber;
matrixpack;739;1;BG Tube;BG Tube;
matrixpack;740;1;GR 70A Fiber;GR 70A Fiber;
matrixpack;741;1;US ΚΥ Tube;US ΚΥ Tube;
matrixpack;743;1;UK Tube;UK Tube;
matrixpack;744;1;UK Tube;UK Tube;
matrixpack;745;1;UK Tube;UK Tube;
matrixpack;746;1;UK Tube;UK Tube;
matrixpack;747;1;UK Tube;UK Tube;
matrixpack;748;1;GR 70A Tube;GR 70A Tube;
matrixpack;749;1;GR 70A Tube;GR 70A Tube;
matrixpack;750;1;GR 70A Tube;GR 70A Tube;
wilbertastralcasket;3;1;Wilbertastralcasket;Wilbertastralcasket;
wilbertastralcasket;4;1;Wilbertastralcasket;Wilbertastralcasket;
wilbertastralcasket;5;1;Wilbertastralcasket;Wilbertastralcasket;
wilbertastralcasket;6;1;Wilbertastralcasket;Wilbertastralcasket;
wilbertastralcasket;7;1;Wilbertastralcasket;Wilbertastralcasket;
wilbertastralcasket;8;1;Wilbertastralcasket;Wilbertastralcasket;
wilbertastralcasket;9;1;Wilbertastralcasket;Wilbertastralcasket;
wilbertastralcasket;10;1;Wilbertastralcasket;Wilbertastralcasket;
wilbertastralcasket;11;1;Wilbertastralcasket;Wilbertastralcasket;
wilbertastralcasket;12;1;Wilbertastralcasket;Wilbertastralcasket;
wilbertastralcasket;13;1;Wilbertastralcasket;Wilbertastralcasket;
wilbertastralcasket;14;1;Wilbertastralcasket;Wilbertastralcasket;
danoneuruguay;1;1;Talar;Talar;
danoneuruguay;2;1;Talar;Talar;
danoneuruguay;3;1;Talar;Talar;
danoneuruguay;4;1;Talar;Talar;
danoneuruguay;5;1;Talar;Talar;
danoneuruguay;6;1;Talar;Talar;
harco;1;1;Default;Default;
harco;2;1;Default;Default;
harco;3;1;Default;Default;
harco;4;1;Default;Default;
epsa;1;1;Epsa;Epsa;
epsa;2;1;Epsa;Epsa;
mega;1;1;Mega;Mega;
mega;2;1;Mega;Mega;
mega;3;1;Mega;Mega;
mega;4;1;Mega;Mega;
fortis;1;1;Lewisville;Lewisville;
fortis;2;1;Lewisville;Lewisville;
fortis;3;1;Lewisville;Lewisville;
fortis;4;1;Lewisville;Lewisville;
fortis;5;1;Lewisville;Lewisville;
fortis;6;1;Lewisville;Lewisville;
fortis;7;1;Lewisville;Lewisville;
werrowool;1;1;Default;Default;
werrowool;2;1;Default;Default;
werrowool;3;1;Default;Default;
werrowool;4;1;Default;Default;
olineza;1;1;Factory 1;Factory 1;
olineza;2;1;Factory 1;Factory 1;
olineza;3;1;Factory 1;Factory 1;
bergenenidara;1;1;Bergenenidara;Bergenenidara;
bergenenidara;2;1;Bergenenidara;Bergenenidara;
cartontec;1;1;Default;Default;
cartontec;2;1;Default;Default;
cartontec;3;1;Default;Default;
cartontec;4;1;Default;Default;
cartontec;5;1;Default;Default;
arcwood;2;1;Arcwood;Arcwood;
arcwood;3;1;Arcwood;Arcwood;
arcwood;4;1;Arcwood;Arcwood;
arcwood;5;1;Arcwood;Arcwood;
arcwood;6;1;Arcwood;Arcwood;
arcwood;7;1;Arcwood;Arcwood;
arcwood;8;1;Arcwood;Arcwood;
arcwood;9;1;Arcwood;Arcwood;
arcwood;10;1;Arcwood;Arcwood;
arcwood;11;1;Arcwood;Arcwood;
arcwood;12;1;Arcwood;Arcwood;
arcwood;13;1;Arcwood;Arcwood;
arcwood;14;1;Arcwood;Arcwood;
sothema;1;1;Default;Default;
sothema;2;1;Default;Default;
sothema;3;1;Default;Default;
sothema;4;1;Default;Default;
sothema;5;1;Default;Default;
sothema;6;1;Default;Default;
sothema;7;1;Default;Default;
sothema;8;1;Default;Default;
sothema;9;1;Default;Default;
sothema;10;1;Default;Default;
sothema;12;1;Default;Default;
sothema;13;1;Default;Default;
sothema;14;1;Default;Default;
sothema;15;1;Default;Default;
sothema;16;1;Default;Default;
sothema;17;1;Default;Default;
sothema;18;1;Default;Default;
sothema;19;1;Default;Default;
sothema;20;1;Default;Default;
sothema;21;1;Default;Default;
sothema;22;1;Default;Default;
sothema;23;1;Default;Default;
sothema;24;1;Default;Default;
sothema;26;1;Default;Default;
sothema;27;1;Default;Default;
sothema;28;1;Default;Default;
sothema;29;1;Default;Default;
sothema;30;1;Default;Default;
sothema;31;1;Default;Default;
sothema;32;1;Default;Default;
sothema;33;1;Default;Default;
sothema;34;1;Default;Default;
sothema;36;1;Default;Default;
sothema;37;1;Default;Default;
sothema;38;1;Default;Default;
sothema;39;1;Default;Default;
sothema;40;1;Default;Default;
sothema;41;1;Default;Default;
sothema;43;1;Default;Default;
sothema;45;1;Default;Default;
sothema;46;1;Default;Default;
sothema;47;1;Default;Default;
sothema;48;1;Default;Default;
sothema;49;1;Default;Default;
sothema;50;1;Default;Default;
sothema;51;1;Default;Default;
sothema;52;1;Default;Default;
sothema;53;1;Default;Default;
sothema;55;1;Default;Default;
sothema;56;1;Default;Default;
sothema;57;1;Default;Default;
sothema;58;1;Default;Default;
sothema;59;1;Default;Default;
sothema;60;1;Default;Default;
sothema;61;1;Default;Default;
sothema;62;1;Default;Default;
sothema;63;1;Default;Default;
sothema;64;1;Default;Default;
sothema;65;1;Default;Default;
sothema;66;1;Default;Default;
sothema;67;1;Default;Default;
sothema;68;1;Default;Default;
sothema;69;1;Default;Default;
sothema;70;1;Default;Default;
sothema;71;1;Default;Default;
sothema;72;1;Default;Default;
sothema;73;1;Default;Default;
sothema;74;1;Default;Default;
sothema;75;1;Default;Default;
sothema;76;1;Default;Default;
sothema;77;1;Default;Default;
sothema;78;1;Default;Default;
sothema;79;1;Default;Default;
sothema;81;1;Default;Default;
sothema;82;1;Default;Default;
sothema;83;1;Default;Default;
sothema;84;1;Default;Default;
sothema;85;1;Default;Default;
sothema;86;1;Default;Default;
sothema;87;1;Default;Default;
sothema;88;1;Default;Default;
sothema;89;1;Default;Default;
sothema;91;1;Default;Default;
sothema;92;1;Default;Default;
sothema;93;1;Default;Default;
sothema;94;1;Default;Default;
sothema;95;1;Default;Default;
sothema;96;1;Default;Default;
sothema;97;1;Default;Default;
sothema;103;1;Default;Default;
sothema;104;1;Default;Default;
sothema;105;1;Default;Default;
sothema;106;1;Default;Default;
sothema;107;1;Default;Default;
sothema;108;1;Default;Default;
sothema;109;1;Default;Default;
sothema;110;1;Default;Default;
sothema;111;1;Default;Default;
sothema;112;1;Default;Default;
sothema;113;1;Default;Default;
sothema;114;1;Default;Default;
sothema;115;1;Default;Default;
sothema;116;1;Default;Default;
sothema;117;1;Default;Default;
sothema;118;1;Default;Default;
sothema;119;1;Default;Default;
sothema;120;1;Default;Default;
sothema;121;1;Default;Default;
sothema;122;1;Default;Default;
sothema;123;1;Default;Default;
sothema;124;1;Default;Default;
sothema;125;1;Default;Default;
sothema;126;1;Default;Default;
sothema;127;1;Default;Default;
sothema;128;1;Default;Default;
sothema;129;1;Default;Default;
sothema;130;1;Default;Default;
sothema;131;1;Default;Default;
sothema;138;1;Default;Default;
sothema;139;1;Default;Default;
sothema;140;1;Default;Default;
sothema;141;1;Default;Default;
sothema;142;1;Default;Default;
sothema;144;1;Default;Default;
sothema;145;1;Default;Default;
sothema;146;1;Default;Default;
sothema;147;1;Default;Default;
sothema;148;1;Default;Default;
sothema;149;1;Default;Default;
sothema;150;1;Default;Default;
sothema;151;1;Default;Default;
sothema;152;1;Default;Default;
sothema;153;1;Default;Default;
sothema;154;1;Default;Default;
sothema;155;1;Default;Default;
sothema;156;1;Default;Default;
sothema;157;1;Default;Default;
sothema;158;1;Default;Default;
sothema;159;1;Default;Default;
sothema;160;1;Default;Default;
sothema;161;1;Default;Default;
sothema;162;1;Default;Default;
sothema;163;1;Default;Default;
sothema;164;1;Default;Default;
sothema;165;1;Default;Default;
sothema;167;1;Default;Default;
sothema;168;1;Default;Default;
sothema;169;1;Default;Default;
sothema;170;1;Default;Default;
sothema;171;1;Default;Default;
lactaliscroatia;1;1;Lactaliscroatia;Lactaliscroatia;
theoni;4;1;Default;Default;
theoni;5;1;Default;Default;
theoni;8;1;Default;Default;
theoni;10;1;Default;Default;
theoni;13;1;Default;Default;
theoni;15;1;Default;Default;
theoni;17;1;Default;Default;
theoni;21;1;Default;Default;
theoni;22;1;Default;Default;
theoni;23;1;Default;Default;
theoni;24;1;Default;Default;
theoni;25;1;Default;Default;
theoni;28;1;Default;Default;
theoni;32;1;Default;Default;
theoni;33;1;Default;Default;
theoni;34;1;Default;Default;
theoni;35;1;Default;Default;
theoni;36;1;Default;Default;
theoni;37;1;Default;Default;
theoni;39;1;Default;Default;
theoni;40;1;Default;Default;
theoni;41;1;Default;Default;
theoni;42;1;Default;Default;
theoni;43;1;Default;Default;
theoni;44;1;Default;Default;
theoni;45;1;Default;Default;
theoni;46;1;Default;Default;
theoni;48;1;Default;Default;
zimmerbiomet;1;1;Zimmer Biomet - Ponce;Zimmer Biomet - Ponce;
oppicondi;1;1;OppiCondi;OppiCondi;
oppicondi;2;1;OppiCondi;OppiCondi;
oppicondi;3;1;OppiCondi;OppiCondi;
oppicondi;4;1;OppiCondi;OppiCondi;
oppicondi;5;1;OppiCondi;OppiCondi;
oppicondi;6;1;OppiCondi;OppiCondi;
oppicondi;7;1;OppiCondi;OppiCondi;
oppicondi;11;1;OppiCondi;OppiCondi;
oppicondi;12;1;OppiCondi;OppiCondi;
oppicondi;13;1;OppiCondi;OppiCondi;
oppicondi;14;1;OppiCondi;OppiCondi;
oppicondi;15;1;OppiCondi;OppiCondi;
oppicondi;16;1;OppiCondi;OppiCondi;
oppicondi;17;1;OppiCondi;OppiCondi;
oppicondi;18;1;OppiCondi;OppiCondi;
oppicondi;19;1;OppiCondi;OppiCondi;
oppicondi;20;1;OppiCondi;OppiCondi;
oppicondi;21;1;OppiCondi;OppiCondi;
oppicondi;22;1;OppiCondi;OppiCondi;
oppicondi;23;1;OppiCondi;OppiCondi;
oppicondi;24;1;OppiCondi;OppiCondi;
oppicondi;25;1;OppiCondi;OppiCondi;
oppicondi;26;1;OppiCondi;OppiCondi;
oppicondi;27;1;OppiCondi;OppiCondi;
oppicondi;28;1;OppiCondi;OppiCondi;
goriske;1;1;Default;Default;
goriske;4;1;Default;Default;
goriske;5;1;Default;Default;
goriske;7;1;Default;Default;
goriske;8;1;Default;Default;
goriske;9;1;Default;Default;
goriske;10;1;Default;Default;
goriske;11;1;Default;Default;
goriske;13;1;Default;Default;
goriske;14;1;Default;Default;
goriske;16;1;Default;Default;
goriske;19;1;Default;Default;
goriske;21;1;Default;Default;
goriske;24;1;Default;Default;
goriske;25;1;Default;Default;
goriske;26;1;Default;Default;
goriske;27;1;Default;Default;
goriske;28;1;Default;Default;
goriske;29;1;Default;Default;
thracemills;2;1;Thracemills;Thracemills;
thracemills;3;1;Thracemills;Thracemills;
thracemills;4;1;Thracemills;Thracemills;
thracemills;5;1;Thracemills;Thracemills;
thracemills;6;1;Thracemills;Thracemills;
thracemills;7;1;Thracemills;Thracemills;
thracemills;8;1;Thracemills;Thracemills;
thracemills;9;1;Thracemills;Thracemills;
thracemills;10;1;Thracemills;Thracemills;
thracemills;11;1;Thracemills;Thracemills;
thracemills;12;1;Thracemills;Thracemills;
thracemills;13;1;Thracemills;Thracemills;
thracemills;14;1;Thracemills;Thracemills;
thracemills;15;1;Thracemills;Thracemills;
thracemills;16;1;Thracemills;Thracemills;
thracemills;17;1;Thracemills;Thracemills;
thracemills;18;1;Thracemills;Thracemills;
thracemills;19;1;Thracemills;Thracemills;
thracemills;20;1;Thracemills;Thracemills;
thracemills;21;1;Thracemills;Thracemills;
thracemills;22;1;Thracemills;Thracemills;
thracemills;23;1;Thracemills;Thracemills;
thracemills;24;1;Thracemills;Thracemills;
sgplakamexico;4;1;Default;Default;
healthybars;1;1;Healthybars;Healthybars;
healthybars;2;1;Healthybars;Healthybars;
healthybars;3;1;Healthybars;Healthybars;
yarabig;74;1;Sluiskil;Sluiskil;
yarabig;75;1;Sluiskil;Sluiskil;
yarabig;82;1;Siilinjärvi;Siilinjärvi;
yarabig;86;1;Siilinjärvi;Siilinjärvi;
yarabig;87;1;Siilinjärvi;Siilinjärvi;
yarabig;88;1;Siilinjärvi;Siilinjärvi;
yarabig;89;1;Siilinjärvi;Siilinjärvi;
yarabig;90;1;Siilinjärvi;Siilinjärvi;
yarabig;91;1;Siilinjärvi;Siilinjärvi;
yarabig;92;1;Siilinjärvi;Siilinjärvi;
yarabig;93;1;Siilinjärvi;Siilinjärvi;
yarabig;95;1;Siilinjärvi;Siilinjärvi;
yarabig;106;1;Cartagena;Cartagena;
yarabig;111;1;Cartagena;Cartagena;
yarabig;112;1;Cartagena;Cartagena;
yarabig;132;1;Ambes;Ambes;
yarabig;141;1;Glomfjord;Glomfjord;
yarabig;171;1;Le Havre;Le Havre;
yarabig;212;1;Tertre;Tertre;
yarabig;213;1;Porsgrunn;Porsgrunn;
yarabig;214;1;Porsgrunn;Porsgrunn;
yarabig;216;1;Porsgrunn;Porsgrunn;
yarabig;217;1;Porsgrunn;Porsgrunn;
yarabig;219;1;Porsgrunn;Porsgrunn;
yarabig;220;1;Porsgrunn;Porsgrunn;
yarabig;221;1;Porsgrunn;Porsgrunn;
yarabig;223;1;Sluiskil;Sluiskil;
yarabig;224;1;Sluiskil;Sluiskil;
yarabig;225;1;Sluiskil;Sluiskil;
yarabig;226;1;Sluiskil;Sluiskil;
yarabig;228;1;Tertre;Tertre;
yarabig;232;1;Tertre;Tertre;
yarabig;233;1;Tertre;Tertre;
yarabig;235;1;Tertre;Tertre;
yarabig;236;1;Porsgrunn;Porsgrunn;
yarabig;237;1;Porsgrunn;Porsgrunn;
yarabig;238;1;Tertre;Tertre;
yarabig;239;1;Tertre;Tertre;
yarabig;241;1;Porsgrunn;Porsgrunn;
yarabig;242;1;Porsgrunn;Porsgrunn;
yarabig;243;1;Porsgrunn;Porsgrunn;
yarabig;244;1;Porsgrunn;Porsgrunn;
yarabig;246;1;Porsgrunn;Porsgrunn;
yarabig;247;1;Porsgrunn;Porsgrunn;
yarabig;248;1;Porsgrunn;Porsgrunn;
yarabig;252;1;Cartagena;Cartagena;
yarabig;255;1;Cartagena;Cartagena;
yarabig;257;1;Porsgrunn;Porsgrunn;
yarabig;258;1;Porsgrunn;Porsgrunn;
yarabig;259;1;Porsgrunn;Porsgrunn;
yarabig;260;1;Perth;Perth;
yarabig;261;1;Perth;Perth;
yarabig;262;1;Perth;Perth;
yarabig;263;1;Perth;Perth;
yarabig;264;1;Perth;Perth;
yarabig;266;1;Porsgrunn;Porsgrunn;
yarabig;268;1;Cartagena;Cartagena;
yarabig;269;1;Porsgrunn;Porsgrunn;
yarabig;270;1;Porsgrunn;Porsgrunn;
yarabig;271;1;Porsgrunn;Porsgrunn;
yarabig;274;1;Siilinjärvi;Siilinjärvi;
yarabig;275;1;Siilinjärvi;Siilinjärvi;
yarabig;276;1;Siilinjärvi;Siilinjärvi;
yarabig;277;1;Siilinjärvi;Siilinjärvi;
yarabig;278;1;Siilinjärvi;Siilinjärvi;
yarabig;280;1;Siilinjärvi;Siilinjärvi;
yarabig;283;1;Siilinjärvi;Siilinjärvi;
yarabig;284;1;Siilinjärvi;Siilinjärvi;
yarabig;291;1;Siilinjärvi;Siilinjärvi;
yarabig;307;1;Siilinjärvi;Siilinjärvi;
yarabig;308;1;Siilinjärvi;Siilinjärvi;
yarabig;312;1;Siilinjärvi;Siilinjärvi;
yarabig;313;1;Siilinjärvi;Siilinjärvi;
yarabig;317;1;Cartagena;Cartagena;
yarabig;318;1;Siilinjärvi;Siilinjärvi;
yarabig;319;1;Siilinjärvi;Siilinjärvi;
yarabig;320;1;Siilinjärvi;Siilinjärvi;
yarabig;321;1;Siilinjärvi;Siilinjärvi;
yarabig;322;1;Porsgrunn;Porsgrunn;
yarabig;323;1;Porsgrunn;Porsgrunn;
yarabig;324;1;Porsgrunn;Porsgrunn;
yarabig;325;1;Porsgrunn;Porsgrunn;
yarabig;326;1;Porsgrunn;Porsgrunn;
yarabig;327;1;Tertre;Tertre;
yarabig;329;1;Tertre;Tertre;
yarabig;330;1;Tertre;Tertre;
yarabig;331;1;Tertre;Tertre;
yarabig;332;1;Tertre;Tertre;
yarabig;333;1;Tertre;Tertre;
yarabig;334;1;Tertre;Tertre;
yarabig;335;1;Tertre;Tertre;
exwoldtechnology;6;1;Exwoldtechnology;Exwoldtechnology;
exwoldtechnology;7;1;Exwoldtechnology;Exwoldtechnology;
exwoldtechnology;8;1;Exwoldtechnology;Exwoldtechnology;
exwoldtechnology;9;1;Exwoldtechnology;Exwoldtechnology;
exwoldtechnology;10;1;Exwoldtechnology;Exwoldtechnology;
exwoldtechnology;11;1;Exwoldtechnology;Exwoldtechnology;
exwoldtechnology;12;1;Exwoldtechnology;Exwoldtechnology;
exwoldtechnology;13;1;Exwoldtechnology;Exwoldtechnology;
exwoldtechnology;14;1;Exwoldtechnology;Exwoldtechnology;
exwoldtechnology;15;1;Exwoldtechnology;Exwoldtechnology;
exwoldtechnology;16;1;Exwoldtechnology;Exwoldtechnology;
exwoldtechnology;17;1;Exwoldtechnology;Exwoldtechnology;
exwoldtechnology;18;1;Exwoldtechnology;Exwoldtechnology;
exwoldtechnology;19;1;Exwoldtechnology;Exwoldtechnology;
exwoldtechnology;20;1;Exwoldtechnology;Exwoldtechnology;
exwoldtechnology;21;1;Exwoldtechnology;Exwoldtechnology;
exwoldtechnology;22;1;Exwoldtechnology;Exwoldtechnology;
exwoldtechnology;23;1;Exwoldtechnology;Exwoldtechnology;
exwoldtechnology;24;1;Exwoldtechnology;Exwoldtechnology;
exwoldtechnology;25;1;Exwoldtechnology;Exwoldtechnology;
deheus;1;1;Default;Default;
deheus;2;1;Default;Default;
deheus;3;1;Default;Default;
deheus;4;1;Default;Default;
plantbased;1;1;Leominster;Leominster;
plantbased;2;1;Leominster;Leominster;
plantbased;3;1;Leominster;Leominster;
plantbased;4;1;Portland;Portland;
plantbased;5;1;Portland;Portland;
plantbased;6;1;Portland;Portland;
plantbased;7;1;Portland;Portland;
plantbased;8;1;Portland;Portland;
plantbased;9;1;Leominster;Leominster;
plantbased;10;1;Leominster;Leominster;
plantbased;11;1;Leominster;Leominster;
plantbased;12;1;Leominster;Leominster;
holzwerkschilling;1;1;Holzwerkschilling;Holzwerkschilling;
holzwerkschilling;2;1;Holzwerkschilling;Holzwerkschilling;
holzwerkschilling;3;1;Holzwerkschilling;Holzwerkschilling;
holzwerkschilling;4;1;Holzwerkschilling;Holzwerkschilling;
holzwerkschilling;5;1;Holzwerkschilling;Holzwerkschilling;
holzwerkschilling;7;1;Holzwerkschilling;Holzwerkschilling;
holzwerkschilling;8;1;Holzwerkschilling;Holzwerkschilling;
holzwerkschilling;9;1;Holzwerkschilling;Holzwerkschilling;
holzwerkschilling;10;1;Holzwerkschilling;Holzwerkschilling;
waxlyrical;1;1;Wax Lyrical;Wax Lyrical;
vanderscheuren;1;1;Vanderscheuren;Vanderscheuren;
vanderscheuren;2;1;Vanderscheuren;Vanderscheuren;
vanderscheuren;3;1;Vanderscheuren;Vanderscheuren;
vanderscheuren;4;1;Vanderscheuren;Vanderscheuren;
vanderscheuren;5;1;Vanderscheuren;Vanderscheuren;
vanderscheuren;6;1;Vanderscheuren;Vanderscheuren;
vanderscheuren;7;1;Vanderscheuren;Vanderscheuren;
vanderscheuren;8;1;Vanderscheuren;Vanderscheuren;
unilever;3;1;Unilever Odense;Unilever Odense;
unilever;4;1;Unilever Odense;Unilever Odense;
unilever;5;1;Unilever Odense;Unilever Odense;
unilever;6;1;Unilever Odense;Unilever Odense;
unilever;7;1;Unilever Odense;Unilever Odense;
unilever;8;1;Unilever Odense;Unilever Odense;
unilever;9;1;Unilever Odense;Unilever Odense;
unilever;11;1;Unilever Odense;Unilever Odense;
unilever;12;1;Unilever Odense;Unilever Odense;
unilever;13;1;Unilever Odense;Unilever Odense;
unilever;14;1;Unilever Odense;Unilever Odense;
unilever;15;1;Unilever Odense;Unilever Odense;
unilever;18;1;Unilever Odense;Unilever Odense;
unilever;23;1;Unilever Odense;Unilever Odense;
unilever;24;1;Unilever Odense;Unilever Odense;
unilever;25;1;Unilever Odense;Unilever Odense;
unilever;26;1;Unilever Odense;Unilever Odense;
nexansolex;2;1;Olex;Olex;
nexansolex;3;1;Olex;Olex;
nexansolex;4;1;Olex;Olex;
nexansolex;5;1;Olex;Olex;
nexansolex;6;1;Olex;Olex;
nexansolex;7;1;Olex;Olex;
nexansolex;8;1;Olex;Olex;
nexansolex;9;1;Olex;Olex;
nexansolex;10;1;Olex;Olex;
nexansolex;11;1;Olex;Olex;
sithmapackaging;1;1;Sithma Packaging Plant A;Sithma Packaging Plant A;
sithmapackaging;2;1;Sithma Packaging Plant A;Sithma Packaging Plant A;
sithmapackaging;3;1;Sithma Packaging Plant A;Sithma Packaging Plant A;
sithmapackaging;4;1;Sithma Packaging Plant A;Sithma Packaging Plant A;
sithmapackaging;5;1;Sithma Packaging Plant A;Sithma Packaging Plant A;
sithmapackaging;6;1;Sithma Packaging Plant A;Sithma Packaging Plant A;
maroufcoffee;1;1;Maroufcoffee;Maroufcoffee;
maroufcoffee;2;1;Maroufcoffee;Maroufcoffee;
hplushgermany;1;1;Wittenborn;Wittenborn;
hplushgermany;2;1;Hamm;Hamm;
hplushgermany;3;1;Hamm;Hamm;
hplushgermany;19;1;Hamm;Hamm;
hplushgermany;20;1;Brugg;Brugg;
hplushgermany;21;1;Brugg;Brugg;
hplushgermany;22;1;Brugg;Brugg;
hplushgermany;23;1;Brugg;Brugg;
hplushgermany;24;1;Brugg;Brugg;
hplushgermany;25;1;Brugg;Brugg;
hplushgermany;33;1;Laußnitz;Laußnitz;
hplushgermany;34;1;Laußnitz;Laußnitz;
hplushgermany;35;1;Hohen Wangelin - CSU;Hohen Wangelin - CSU;
hplushgermany;36;1;Brugg;Brugg;
hplushgermany;37;1;Brugg;Brugg;
syngentauk;1;1;GBGM;GBGM;
syngentauk;3;1;GBGM;GBGM;
syngentauk;5;1;GBGM;GBGM;
syngentauk;7;1;GBGM;GBGM;
syngentauk;9;1;GBGM;GBGM;
lactalisusa;6;1;Belmont;Belmont;
lactalisusa;7;1;Belmont;Belmont;
lactalisusa;9;1;Belmont;Belmont;
lactalisusa;10;1;Belmont;Belmont;
lactalisusa;11;1;Belmont;Belmont;
lactalisusa;13;1;Belmont;Belmont;
lactalisusa;18;1;Belmont;Belmont;
lactalisusa;19;1;Belmont;Belmont;
lactalisusa;22;1;Belmont;Belmont;
lactalisusa;25;1;Belmont;Belmont;
lactalisusa;26;1;Belmont;Belmont;
lactalisusa;29;1;Belmont;Belmont;
miafoods;1;1;Mandul;Mandul;
miafoods;2;1;Mandul;Mandul;
miafoods;4;1;Mandul;Mandul;
miafoods;5;1;Mandul;Mandul;
miafoods;6;1;Mandul;Mandul;
miafoods;7;1;Mandul;Mandul;
miafoods;8;1;Mandul;Mandul;
miafoods;9;1;Virgen del Brezo;Virgen del Brezo;
miafoods;13;1;Mandul;Mandul;
miafoods;14;1;Panificadora Popular;Panificadora Popular;
miafoods;15;1;Panificadora Popular;Panificadora Popular;
miafoods;16;1;Panificadora Popular;Panificadora Popular;
miafoods;17;1;Panificadora Popular;Panificadora Popular;
miafoods;19;1;Panificadora Popular;Panificadora Popular;
miafoods;20;1;Panificadora Popular;Panificadora Popular;
miafoods;21;1;Panificadora Popular;Panificadora Popular;
miafoods;22;1;Panificadora Popular;Panificadora Popular;
miafoods;23;1;Panificadora Popular;Panificadora Popular;
miafoods;24;1;Panificadora Popular;Panificadora Popular;
miafoods;25;1;Panificadora Popular;Panificadora Popular;
miafoods;26;1;Panificadora Popular;Panificadora Popular;
miafoods;27;1;Panificadora Popular;Panificadora Popular;
miafoods;28;1;Panificadora Popular;Panificadora Popular;
miafoods;29;1;Panificadora Popular;Panificadora Popular;
miafoods;30;1;Panificadora Popular;Panificadora Popular;
miafoods;31;1;Panificadora Popular;Panificadora Popular;
miafoods;34;1;Panificadora Popular;Panificadora Popular;
miafoods;36;1;Panificadora Popular;Panificadora Popular;
miafoods;37;1;Panificadora Popular;Panificadora Popular;
miafoods;38;1;Panificadora Popular;Panificadora Popular;
miafoods;39;1;Panificadora Popular;Panificadora Popular;
miafoods;40;1;Panificadora Popular;Panificadora Popular;
miafoods;41;1;Panificadora Popular;Panificadora Popular;
miafoods;46;1;Mandul;Mandul;
miafoods;47;1;Mandul;Mandul;
miafoods;48;1;Mandul;Mandul;
miafoods;49;1;Mandul;Mandul;
miafoods;50;1;Mandul;Mandul;
miafoods;51;1;Mandul;Mandul;
miafoods;52;1;Mandul;Mandul;
miafoods;53;1;Mandul;Mandul;
miafoods;54;1;Mandul;Mandul;
miafoods;55;1;Mandul;Mandul;
miafoods;56;1;Mandul;Mandul;
miafoods;57;1;Mandul;Mandul;
miafoods;58;1;Mandul;Mandul;
miafoods;59;1;Mandul;Mandul;
miafoods;60;1;Mandul;Mandul;
miafoods;61;1;Mandul;Mandul;
miafoods;62;1;Mandul;Mandul;
miafoods;63;1;Mandul;Mandul;
miafoods;64;1;Mandul;Mandul;
miafoods;65;1;Mandul;Mandul;
miafoods;66;1;Mandul;Mandul;
miafoods;67;1;Mandul;Mandul;
miafoods;68;1;Mandul;Mandul;
miafoods;69;1;Mandul;Mandul;
miafoods;70;1;Mandul;Mandul;
miafoods;71;1;Mandul;Mandul;
miafoods;72;1;Mandul;Mandul;
miafoods;73;1;Mandul;Mandul;
miafoods;74;1;Mandul;Mandul;
miafoods;75;1;Mandul;Mandul;
miafoods;76;1;Mandul;Mandul;
miafoods;77;1;Mandul;Mandul;
miafoods;78;1;Mandul;Mandul;
miafoods;79;1;Mandul;Mandul;
miafoods;80;1;Mandul;Mandul;
miafoods;81;1;Mandul;Mandul;
miafoods;82;1;Mandul;Mandul;
miafoods;83;1;Mandul;Mandul;
miafoods;84;1;Mandul;Mandul;
miafoods;85;1;Mandul;Mandul;
miafoods;86;1;Mandul;Mandul;
miafoods;87;1;Mandul;Mandul;
miafoods;88;1;Mandul;Mandul;
miafoods;89;1;Mandul;Mandul;
miafoods;90;1;Mandul;Mandul;
miafoods;91;1;Mandul;Mandul;
miafoods;92;1;Mandul;Mandul;
miafoods;93;1;Mandul;Mandul;
miafoods;94;1;Mandul;Mandul;
miafoods;95;1;Mandul;Mandul;
miafoods;96;1;Mandul;Mandul;
miafoods;97;1;Mandul;Mandul;
miafoods;98;1;Mandul;Mandul;
miafoods;99;1;Mandul;Mandul;
miafoods;100;1;Mandul;Mandul;
miafoods;101;1;Mandul;Mandul;
miafoods;102;1;Mandul;Mandul;
miafoods;103;1;Mandul;Mandul;
miafoods;104;1;Mandul;Mandul;
miafoods;105;1;Mandul;Mandul;
miafoods;106;1;Mandul;Mandul;
miafoods;107;1;Mandul;Mandul;
miafoods;108;1;Mandul;Mandul;
miafoods;109;1;Mandul;Mandul;
miafoods;110;1;Mandul;Mandul;
miafoods;111;1;Mandul;Mandul;
miafoods;112;1;Mandul;Mandul;
miafoods;113;1;Mandul;Mandul;
miafoods;114;1;Mandul;Mandul;
miafoods;115;1;Mandul;Mandul;
miafoods;116;1;Mandul;Mandul;
miafoods;117;1;Panificadora Popular;Panificadora Popular;
miafoods;118;1;Panificadora Popular;Panificadora Popular;
miafoods;120;1;Tradicional Panadera;Tradicional Panadera;
miafoods;121;1;Tradicional Panadera;Tradicional Panadera;
miafoods;122;1;Tradicional Panadera;Tradicional Panadera;
miafoods;123;1;Tradicional Panadera;Tradicional Panadera;
miafoods;124;1;Tradicional Panadera;Tradicional Panadera;
miafoods;125;1;Tradicional Panadera;Tradicional Panadera;
miafoods;126;1;Tradicional Panadera;Tradicional Panadera;
miafoods;127;1;Tradicional Panadera;Tradicional Panadera;
miafoods;128;1;Tradicional Panadera;Tradicional Panadera;
miafoods;129;1;Tradicional Panadera;Tradicional Panadera;
miafoods;130;1;Tradicional Panadera;Tradicional Panadera;
miafoods;131;1;Tradicional Panadera;Tradicional Panadera;
miafoods;132;1;Tradicional Panadera;Tradicional Panadera;
miafoods;133;1;Tradicional Panadera;Tradicional Panadera;
miafoods;134;1;Tradicional Panadera;Tradicional Panadera;
miafoods;135;1;Tradicional Panadera;Tradicional Panadera;
miafoods;136;1;Tradicional Panadera;Tradicional Panadera;
miafoods;137;1;Tradicional Panadera;Tradicional Panadera;
miafoods;138;1;Tradicional Panadera;Tradicional Panadera;
miafoods;139;1;Tradicional Panadera;Tradicional Panadera;
miafoods;140;1;Tradicional Panadera;Tradicional Panadera;
miafoods;141;1;Tradicional Panadera;Tradicional Panadera;
miafoods;142;1;Tradicional Panadera;Tradicional Panadera;
miafoods;143;1;Tradicional Panadera;Tradicional Panadera;
miafoods;144;1;Tradicional Panadera;Tradicional Panadera;
miafoods;145;1;Tradicional Panadera;Tradicional Panadera;
miafoods;146;1;Tradicional Panadera;Tradicional Panadera;
miafoods;147;1;Tradicional Panadera;Tradicional Panadera;
miafoods;148;1;Tradicional Panadera;Tradicional Panadera;
miafoods;149;1;Tradicional Panadera;Tradicional Panadera;
miafoods;150;1;Tradicional Panadera;Tradicional Panadera;
miafoods;151;1;Tradicional Panadera;Tradicional Panadera;
miafoods;152;1;Tradicional Panadera;Tradicional Panadera;
miafoods;153;1;Tradicional Panadera;Tradicional Panadera;
miafoods;154;1;Tradicional Panadera;Tradicional Panadera;
miafoods;155;1;Tradicional Panadera;Tradicional Panadera;
miafoods;156;1;Tradicional Panadera;Tradicional Panadera;
miafoods;157;1;Tradicional Panadera;Tradicional Panadera;
miafoods;158;1;Tradicional Panadera;Tradicional Panadera;
miafoods;159;1;Tradicional Panadera;Tradicional Panadera;
miafoods;160;1;Mandul;Mandul;
miafoods;161;1;Mandul;Mandul;
miafoods;162;1;Panificadora Popular;Panificadora Popular;
miafoods;164;1;Panificadora Popular;Panificadora Popular;
miafoods;168;1;Mandul;Mandul;
miafoods;171;1;Panificadora Popular;Panificadora Popular;
miafoods;173;1;Panificadora Popular;Panificadora Popular;
miafoods;174;1;Panificadora Popular;Panificadora Popular;
miafoods;175;1;Panificadora Popular;Panificadora Popular;
miafoods;176;1;Panificadora Popular;Panificadora Popular;
miafoods;177;1;Panificadora Popular;Panificadora Popular;
miafoods;178;1;Panificadora Popular;Panificadora Popular;
miafoods;179;1;Panificadora Popular;Panificadora Popular;
incap;3;1;Default;Default;
incap;4;1;Default;Default;
incap;8;1;Default;Default;
incap;9;1;Default;Default;
incap;17;1;Default;Default;
incap;26;1;Default;Default;
incap;27;1;Default;Default;
incap;31;1;Default;Default;
incap;34;1;Default;Default;
incap;40;1;Default;Default;
incap;42;1;Default;Default;
incap;46;1;Default;Default;
incap;48;1;Default;Default;
incap;52;1;Default;Default;
incap;53;1;Default;Default;
mondimonterrey;1;1;Mondimonterrey;Mondimonterrey;
mondimonterrey;2;1;Mondimonterrey;Mondimonterrey;
mondimonterrey;3;1;Mondimonterrey;Mondimonterrey;
midcorkpallets;1;1;Default;Default;
midcorkpallets;2;1;Default;Default;
midcorkpallets;4;1;Default;Default;
midcorkpallets;9;1;Default;Default;
midcorkpallets;12;1;Default;Default;
midcorkpallets;13;1;Default;Default;
midcorkpallets;19;1;Default;Default;
midcorkpallets;23;1;Default;Default;
midcorkpallets;24;1;Default;Default;
midcorkpallets;25;1;Default;Default;
midcorkpallets;35;1;Default;Default;
midcorkpallets;38;1;Default;Default;
midcorkpallets;48;1;Default;Default;
midcorkpallets;51;1;Default;Default;
midcorkpallets;54;1;Default;Default;
midcorkpallets;55;1;Default;Default;
midcorkpallets;56;1;Default;Default;
midcorkpallets;57;1;Default;Default;
promedtech;1;1;Usine Tunisie;Usine Tunisie;
promedtech;2;1;Usine Tunisie;Usine Tunisie;
promedtech;4;1;Usine Tunisie;Usine Tunisie;
promedtech;6;1;Usine Tunisie;Usine Tunisie;
promedtech;7;1;Usine Tunisie;Usine Tunisie;
falkpanel;1;1;Default;Default;
falkpanel;2;1;Default;Default;
falkpanel;3;1;Default;Default;
falkpanel;4;1;Default;Default;
falkpanel;5;1;Default;Default;
raufoss;3;1;Default;Default;
raufoss;4;1;Default;Default;
raufoss;5;1;Default;Default;
raufoss;6;1;Default;Default;
raufoss;8;1;Default;Default;
raufoss;9;1;Default;Default;
raufoss;10;1;Default;Default;
raufoss;13;1;Default;Default;
raufoss;14;1;Default;Default;
raufoss;16;1;Default;Default;
raufoss;18;1;Default;Default;
raufoss;19;1;Default;Default;
raufoss;20;1;Default;Default;
raufoss;21;1;Default;Default;
raufoss;22;1;Default;Default;
raufoss;24;1;Default;Default;
raufoss;25;1;Default;Default;
raufoss;26;1;Default;Default;
raufoss;27;1;Default;Default;
raufoss;29;1;Default;Default;
raufoss;30;1;Default;Default;
raufoss;31;1;Default;Default;
raufoss;32;1;Default;Default;
raufoss;33;1;Default;Default;
raufoss;34;1;Default;Default;
raufoss;35;1;Default;Default;
raufoss;36;1;Default;Default;
raufoss;37;1;Default;Default;
raufoss;38;1;Default;Default;
comodule;3;1;Default;Default;
comodule;14;1;Default;Default;
comodule;16;1;Default;Default;
comodule;17;1;Default;Default;
potpan;1;1;Potpan;Potpan;
potpan;2;1;Potpan;Potpan;
potpan;3;1;Potpan;Potpan;
glsdenmark;3;1;Default;Default;
glsdenmark;4;1;Default;Default;
glsdenmark;5;1;Default;Default;
glsdenmark;6;1;Default;Default;
glsdenmark;7;1;Default;Default;
glsdenmark;8;1;Default;Default;
glsdenmark;9;1;Default;Default;
glsdenmark;10;1;Default;Default;
tampamaid;1;1;Tampa Maid;Tampa Maid;
agarikus;1;1;Default;Default;
agarikus;2;1;Default;Default;
agarikus;3;1;Default;Default;
agarikus;4;1;Default;Default;
agarikus;5;1;Default;Default;
agarikus;6;1;Default;Default;
ouman;11;1;Default;Default;
ouman;12;1;Default;Default;
ouman;19;1;Default;Default;
ouman;27;1;Default;Default;
ouman;29;1;Default;Default;
ouman;30;1;Default;Default;
ouman;31;1;Default;Default;
ouman;32;1;Default;Default;
ouman;34;1;Default;Default;
ouman;35;1;Default;Default;
ouman;36;1;Default;Default;
ouman;42;1;Default;Default;
ouman;43;1;Default;Default;
ouman;45;1;Default;Default;
ouman;47;1;Default;Default;
ouman;62;1;Default;Default;
ouman;63;1;Default;Default;
cocacolalampang;1;1;Cocacolalampang;Cocacolalampang;
cocacolalampang;2;1;Cocacolalampang;Cocacolalampang;
cocacolalampang;3;1;Cocacolalampang;Cocacolalampang;
cocacolalampang;4;1;Cocacolalampang;Cocacolalampang;
cocacolalampang;5;1;Cocacolalampang;Cocacolalampang;
cocacolalampang;6;1;Cocacolalampang;Cocacolalampang;
cocacolalampang;7;1;Cocacolalampang;Cocacolalampang;
cocacolalampang;8;1;Cocacolalampang;Cocacolalampang;
cocacolalampang;9;1;Cocacolalampang;Cocacolalampang;
cocacolalampang;10;1;Cocacolalampang;Cocacolalampang;
cocacolalampang;11;1;Cocacolalampang;Cocacolalampang;
cocacolalampang;12;1;Cocacolalampang;Cocacolalampang;
cocacolalampang;13;1;Cocacolalampang;Cocacolalampang;
cocacolalampang;14;1;Cocacolalampang;Cocacolalampang;
cocacolalampang;15;1;Cocacolalampang;Cocacolalampang;
cocacolalampang;16;1;Cocacolalampang;Cocacolalampang;
cocacolalampang;17;1;Cocacolalampang;Cocacolalampang;
cocacolalampang;18;1;Cocacolalampang;Cocacolalampang;
cocacolalampang;19;1;Cocacolalampang;Cocacolalampang;
cocacolalampang;20;1;Cocacolalampang;Cocacolalampang;
cocacolalampang;21;1;Cocacolalampang;Cocacolalampang;
cocacolalampang;22;1;Cocacolalampang;Cocacolalampang;
cocacolalampang;23;1;Cocacolalampang;Cocacolalampang;
cocacolalampang;24;1;Cocacolalampang;Cocacolalampang;
cocacolalampang;27;1;Cocacolalampang;Cocacolalampang;
cocacolalampang;28;1;Cocacolalampang;Cocacolalampang;
cocacolalampang;29;1;Cocacolalampang;Cocacolalampang;
cocacolalampang;30;1;Cocacolalampang;Cocacolalampang;
cocacolalampang;31;1;Cocacolalampang;Cocacolalampang;
cocacolalampang;32;1;Cocacolalampang;Cocacolalampang;
cocacolalampang;33;1;Cocacolalampang;Cocacolalampang;
cocacolalampang;34;1;Cocacolalampang;Cocacolalampang;
cocacolalampang;35;1;Cocacolalampang;Cocacolalampang;
cocacolalampang;36;1;Cocacolalampang;Cocacolalampang;
cocacolalampang;37;1;Cocacolalampang;Cocacolalampang;
cocacolalampang;38;1;Cocacolalampang;Cocacolalampang;
cocacolalampang;39;1;Cocacolalampang;Cocacolalampang;
cocacolalampang;40;1;Cocacolalampang;Cocacolalampang;
halcorm;6;1;Default;Default;
halcorm;7;1;Default;Default;
halcorm;8;1;Default;Default;
halcorm;9;1;Default;Default;
halcorm;10;1;Default;Default;
halcorm;11;1;Default;Default;
halcorm;15;1;Default;Default;
halcorm;16;1;Default;Default;
halcorm;19;1;Default;Default;
halcorm;20;1;Default;Default;
halcorm;21;1;Default;Default;
halcorm;22;1;Default;Default;
halcorm;23;1;Default;Default;
halcorm;24;1;Default;Default;
halcorm;25;1;Default;Default;
halcorm;26;1;Default;Default;
unitedbeveragepepsi;1;1;United Beverage;United Beverage;
unitedbeveragepepsi;2;1;United Beverage;United Beverage;
unitedbeveragepepsi;3;1;United Beverage;United Beverage;
unitedbeveragepepsi;4;1;United Beverage;United Beverage;
unitedbeveragepepsi;5;1;United Beverage;United Beverage;
unitedbeveragepepsi;6;1;United Beverage;United Beverage;
unitedbeveragepepsi;7;1;United Beverage;United Beverage;
unitedbeveragepepsi;8;1;United Beverage;United Beverage;
unitedbeveragepepsi;9;1;United Beverage;United Beverage;
unitedbeveragepepsi;10;1;United Beverage;United Beverage;
unitedbeveragepepsi;11;1;United Beverage;United Beverage;
unitedbeveragepepsi;12;1;United Beverage;United Beverage;
unitedbeveragepepsi;13;1;United Beverage;United Beverage;
unitedbeveragepepsi;14;1;United Beverage;United Beverage;
unitedbeveragepepsi;15;1;United Beverage;United Beverage;
unitedbeveragepepsi;16;1;United Beverage;United Beverage;
unitedbeveragepepsi;17;1;United Beverage;United Beverage;
unitedbeveragepepsi;18;1;United Beverage;United Beverage;
unitedbeveragepepsi;19;1;United Beverage;United Beverage;
unitedbeveragepepsi;20;1;United Beverage;United Beverage;
unitedbeveragepepsi;21;1;United Beverage;United Beverage;
unitedbeveragepepsi;22;1;United Beverage;United Beverage;
unitedbeveragepepsi;23;1;United Beverage;United Beverage;
unitedbeveragepepsi;24;1;United Beverage;United Beverage;
unitedbeveragepepsi;25;1;United Beverage;United Beverage;
sakos;1;1;Default;Default;
sakos;2;1;Default;Default;
sakos;3;1;Default;Default;
sakos;4;1;Default;Default;
sakos;7;1;Default;Default;
sakos;8;1;Default;Default;
sakos;10;1;Default;Default;
sakos;11;1;Default;Default;
sakos;12;1;Default;Default;
sakos;13;1;Default;Default;
sakos;14;1;Default;Default;
sakos;15;1;Default;Default;
sakos;16;1;Default;Default;
sakos;18;1;Default;Default;
sakos;19;1;Default;Default;
sakos;21;1;Default;Default;
sakos;22;1;Default;Default;
sakos;23;1;Default;Default;
sakos;24;1;Default;Default;
sakos;25;1;Default;Default;
sakos;26;1;Default;Default;
sakos;27;1;Default;Default;
sakos;28;1;Default;Default;
sakos;29;1;Default;Default;
sakos;30;1;Default;Default;
sakos;31;1;Default;Default;
sakos;32;1;Default;Default;
sakos;33;1;Default;Default;
sakos;34;1;Default;Default;
sakos;35;1;Default;Default;
sakos;36;1;Default;Default;
sakos;39;1;Default;Default;
sakos;40;1;Default;Default;
sakos;41;1;Default;Default;
sakos;42;1;Default;Default;
sakos;44;1;Default;Default;
sakos;45;1;Default;Default;
sakos;46;1;Default;Default;
sakos;47;1;Default;Default;
sakos;48;1;Default;Default;
sakos;50;1;Default;Default;
sakos;51;1;Default;Default;
sakos;52;1;Default;Default;
sakos;53;1;Default;Default;
sakos;55;1;Default;Default;
sakos;56;1;Default;Default;
sakos;57;1;Default;Default;
sakos;58;1;Default;Default;
sakos;59;1;Default;Default;
sakos;60;1;Default;Default;
sakos;61;1;Default;Default;
sakos;62;1;Default;Default;
sakos;63;1;Default;Default;
sakos;64;1;Default;Default;
sakos;65;1;Default;Default;
sakos;66;1;Default;Default;
sakos;67;1;Default;Default;
sakos;68;1;Default;Default;
sakos;69;1;Default;Default;
sakos;70;1;Default;Default;
sakos;71;1;Default;Default;
sakos;72;1;Default;Default;
sakos;73;1;Default;Default;
sakos;74;1;Default;Default;
sakos;75;1;Default;Default;
sakos;76;1;Default;Default;
sakos;77;1;Default;Default;
sakos;78;1;Default;Default;
sakos;79;1;Default;Default;
sakos;80;1;Default;Default;
sakos;81;1;Default;Default;
sakos;82;1;Default;Default;
sakos;83;1;Default;Default;
sakos;84;1;Default;Default;
sakos;85;1;Default;Default;
sakos;86;1;Default;Default;
sakos;87;1;Default;Default;
sakos;88;1;Default;Default;
sakos;89;1;Default;Default;
sakos;90;1;Default;Default;
sakos;91;1;Default;Default;
sakos;92;1;Default;Default;
sakos;93;1;Default;Default;
sakos;94;1;Default;Default;
sakos;95;1;Default;Default;
sakos;96;1;Default;Default;
sakos;97;1;Default;Default;
sakos;98;1;Default;Default;
sakos;99;1;Default;Default;
sakos;100;1;Default;Default;
sakos;101;1;Default;Default;
sakos;102;1;Default;Default;
sakos;103;1;Default;Default;
sakos;104;1;Default;Default;
sakos;105;1;Default;Default;
sakos;106;1;Default;Default;
sakos;107;1;Default;Default;
sakos;108;1;Default;Default;
sakos;109;1;Default;Default;
pharma5;3;1;Smart Factory;Smart Factory;
pharma5;4;1;Smart Factory;Smart Factory;
pharma5;5;1;Smart Factory;Smart Factory;
pharma5;6;1;Smart Factory;Smart Factory;
pharma5;7;1;Smart Factory;Smart Factory;
pharma5;8;1;Smart Factory;Smart Factory;
pharma5;9;1;Smart Factory;Smart Factory;
pharma5;10;1;Smart Factory;Smart Factory;
pharma5;11;1;Smart Factory;Smart Factory;
pharma5;12;1;Smart Factory;Smart Factory;
pharma5;13;1;Smart Factory;Smart Factory;
pharma5;14;1;Smart Factory;Smart Factory;
pharma5;15;1;Smart Factory;Smart Factory;
pharma5;16;1;Smart Factory;Smart Factory;
pharma5;17;1;Smart Factory;Smart Factory;
pharma5;18;1;Smart Factory;Smart Factory;
pharma5;20;1;Smart Factory;Smart Factory;
pharma5;21;1;Smart Factory;Smart Factory;
pharma5;22;1;Smart Factory;Smart Factory;
pharma5;23;1;Smart Factory;Smart Factory;
pharma5;24;1;Smart Factory;Smart Factory;
pharma5;25;1;Smart Factory;Smart Factory;
pharma5;26;1;Smart Factory;Smart Factory;
pharma5;27;1;Smart Factory;Smart Factory;
pharma5;28;1;Smart Factory;Smart Factory;
pharma5;29;1;Smart Factory;Smart Factory;
pharma5;30;1;Smart Factory;Smart Factory;
pharma5;31;1;Smart Factory;Smart Factory;
pharma5;32;1;Smart Factory;Smart Factory;
pharma5;33;1;Smart Factory;Smart Factory;
pharma5;34;1;Smart Factory;Smart Factory;
pharma5;35;1;Smart Factory;Smart Factory;
pharma5;36;1;Smart Factory;Smart Factory;
pharma5;37;1;Smart Factory;Smart Factory;
pharma5;38;1;Smart Factory;Smart Factory;
pharma5;39;1;Smart Factory;Smart Factory;
pharma5;40;1;Smart Factory;Smart Factory;
pharma5;41;1;Smart Factory;Smart Factory;
pharma5;42;1;Smart Factory;Smart Factory;
pharma5;43;1;Smart Factory;Smart Factory;
pharma5;44;1;Smart Factory;Smart Factory;
pharma5;45;1;Smart Factory;Smart Factory;
pharma5;46;1;Smart Factory;Smart Factory;
pharma5;49;1;Smart Factory;Smart Factory;
pharma5;50;1;Smart Factory;Smart Factory;
pharma5;51;1;Smart Factory;Smart Factory;
pharma5;52;1;Smart Factory;Smart Factory;
pharma5;53;1;Smart Factory;Smart Factory;
pharma5;54;1;Smart Factory;Smart Factory;
pharma5;55;1;Smart Factory;Smart Factory;
pharma5;56;1;Smart Factory;Smart Factory;
pharma5;57;1;Smart Factory;Smart Factory;
pharma5;58;1;Smart Factory;Smart Factory;
pharma5;59;1;Smart Factory;Smart Factory;
pharma5;60;1;Smart Factory;Smart Factory;
pharma5;61;1;Smart Factory;Smart Factory;
pharma5;62;1;Smart Factory;Smart Factory;
pharma5;63;1;Smart Factory;Smart Factory;
pharma5;64;1;Smart Factory;Smart Factory;
pharma5;65;1;Smart Factory;Smart Factory;
pharma5;66;1;Smart Factory;Smart Factory;
pharma5;67;1;Smart Factory;Smart Factory;
pharma5;68;1;Smart Factory;Smart Factory;
pharma5;69;1;Smart Factory;Smart Factory;
pharma5;70;1;Smart Factory;Smart Factory;
pharma5;71;1;L&P;L&P;
pharma5;72;1;L&P;L&P;
pharma5;73;1;L&P;L&P;
pharma5;74;1;L&P;L&P;
pharma5;75;1;L&P;L&P;
pharma5;76;1;L&P;L&P;
pharma5;77;1;L&P;L&P;
pharma5;78;1;L&P;L&P;
pharma5;79;1;L&P;L&P;
pharma5;80;1;L&P;L&P;
pharma5;81;1;L&P;L&P;
pharma5;82;1;L&P;L&P;
pharma5;83;1;L&P;L&P;
pharma5;84;1;L&P;L&P;
pharma5;85;1;L&P;L&P;
pharma5;86;1;L&P;L&P;
pharma5;87;1;L&P;L&P;
pharma5;88;1;L&P;L&P;
pharma5;89;1;L&P;L&P;
pharma5;90;1;L&P;L&P;
pharma5;91;1;L&P;L&P;
pharma5;92;1;L&P;L&P;
pharma5;93;1;L&P;L&P;
pharma5;94;1;L&P;L&P;
pharma5;95;1;L&P;L&P;
pharma5;96;1;L&P;L&P;
pharma5;97;1;L&P;L&P;
pharma5;98;1;L&P;L&P;
pharma5;100;1;L&P;L&P;
pharma5;101;1;L&P;L&P;
pharma5;102;1;L&P;L&P;
pharma5;103;1;L&P;L&P;
pharma5;104;1;L&P;L&P;
pharma5;106;1;L&P;L&P;
pharma5;107;1;L&P;L&P;
pharma5;108;1;L&P;L&P;
pharma5;109;1;L&P;L&P;
pharma5;110;1;L&P;L&P;
pharma5;111;1;L&P;L&P;
pharma5;112;1;L&P;L&P;
pharma5;113;1;L&P;L&P;
pharma5;114;1;L&P;L&P;
pharma5;116;1;L&P;L&P;
pharma5;117;1;L&P;L&P;
pharma5;118;1;L&P;L&P;
pharma5;119;1;L&P;L&P;
pharma5;120;1;L&P;L&P;
pharma5;121;1;L&P;L&P;
pharma5;122;1;L&P;L&P;
pharma5;123;1;L&P;L&P;
pharma5;124;1;L&P;L&P;
pharma5;125;1;L&P;L&P;
pharma5;126;1;L&P;L&P;
pharma5;127;1;L&P;L&P;
pharma5;128;1;L&P;L&P;
pharma5;129;1;L&P;L&P;
pharma5;130;1;L&P;L&P;
pharma5;131;1;L&P;L&P;
pharma5;132;1;L&P;L&P;
pharma5;134;1;L&P;L&P;
pharma5;135;1;L&P;L&P;
pharma5;137;1;LLS;LLS;
pharma5;138;1;LLS;LLS;
pharma5;139;1;LLS;LLS;
pharma5;140;1;LLS;LLS;
pharma5;141;1;LLS;LLS;
pharma5;142;1;LLS;LLS;
pharma5;143;1;LLS;LLS;
pharma5;144;1;LLS;LLS;
pharma5;145;1;LLS;LLS;
pharma5;146;0;;;no stations, no factory - needs a decision
pharma5;147;0;;;no stations, no factory - needs a decision
pharma5;148;0;;;no stations, no factory - needs a decision
pharma5;149;0;;;no stations, no factory - needs a decision
pharma5;150;0;;;no stations, no factory - needs a decision
pharma5;151;0;;;no stations, no factory - needs a decision
pharma5;152;0;;;no stations, no factory - needs a decision
pharma5;153;0;;;no stations, no factory - needs a decision
pharma5;154;0;;;no stations, no factory - needs a decision
pharma5;155;1;PHARMED;PHARMED;
pharma5;156;1;PHARMED;PHARMED;
pharma5;157;1;PHARMED;PHARMED;
pharma5;158;1;PHARMED;PHARMED;
pharma5;159;1;PHARMED;PHARMED;
pharma5;160;1;PHARMED;PHARMED;
pharma5;161;1;PHARMED;PHARMED;
pharma5;162;1;PHARMED;PHARMED;
pharma5;163;1;PHARMED;PHARMED;
pharma5;164;1;PHARMED;PHARMED;
pharma5;165;1;PHARMED;PHARMED;
pharma5;166;1;PHARMED;PHARMED;
pharma5;167;1;PHARMED;PHARMED;
pharma5;169;1;PHARMED;PHARMED;
pharma5;170;1;PHARMED;PHARMED;
pharma5;171;1;PHARMED;PHARMED;
pharma5;172;1;PHARMED;PHARMED;
pharma5;173;1;PHARMED;PHARMED;
pharma5;174;1;PHARMED;PHARMED;
pharma5;175;1;PHARMED;PHARMED;
pharma5;176;1;PHARMED;PHARMED;
pharma5;177;1;PHARMED;PHARMED;
pharma5;178;1;PHARMED;PHARMED;
pharma5;179;1;PHARMED;PHARMED;
pharma5;180;1;PHARMED;PHARMED;
pharma5;181;1;PHARMED;PHARMED;
pharma5;182;1;PHARMED;PHARMED;
pharma5;185;1;PHARMED;PHARMED;
pharma5;186;1;PHARMED;PHARMED;
pharma5;188;1;PHARMED;PHARMED;
pharma5;189;1;PHARMED;PHARMED;
pharma5;190;1;PHARMED;PHARMED;
pharma5;191;1;PHARMED;PHARMED;
pharma5;192;1;PHARMED;PHARMED;
pharma5;193;1;PHARMED;PHARMED;
pharma5;194;1;PHARMED;PHARMED;
pharma5;195;1;PHARMED;PHARMED;
pharma5;196;1;PHARMED;PHARMED;
pharma5;197;1;PHARMED;PHARMED;
pharma5;198;1;PHARMED;PHARMED;
pharma5;199;1;PHARMED;PHARMED;
pharma5;200;1;PHARMED;PHARMED;
pharma5;201;1;PHARMED;PHARMED;
pharma5;202;1;PHARMED;PHARMED;
pharma5;203;1;PHARMED;PHARMED;
pharma5;204;1;PHARMED;PHARMED;
pharma5;205;1;PHARMED;PHARMED;
pharma5;206;1;PHARMED;PHARMED;
pharma5;207;1;PHARMED;PHARMED;
pharma5;208;1;PHARMED;PHARMED;
pharma5;209;1;PHARMED;PHARMED;
pharma5;210;1;PHARMED;PHARMED;
pharma5;211;1;PHARMED;PHARMED;
pharma5;212;1;PHARMED;PHARMED;
pharma5;213;1;PHARMED;PHARMED;
pharma5;214;1;PHARMED;PHARMED;
pharma5;215;1;PHARMED;PHARMED;
pharma5;216;1;PHARMED;PHARMED;
pharma5;218;1;PHARMED;PHARMED;
pharma5;219;1;PHARMED;PHARMED;
pharma5;220;1;PHARMED;PHARMED;
pharma5;221;1;PHARMED;PHARMED;
pharma5;222;1;PHARMED;PHARMED;
pharma5;223;1;PHARMED;PHARMED;
pharma5;224;1;PHARMED;PHARMED;
pharma5;225;1;PHARMED;PHARMED;
pharma5;226;1;PHARMED;PHARMED;
pharma5;227;1;PHARMED;PHARMED;
pharma5;230;1;BETA;BETA;
pharma5;231;1;BETA;BETA;
pharma5;232;1;BETA;BETA;
pharma5;233;1;BETA;BETA;
pharma5;234;1;BETA;BETA;
pharma5;235;1;BETA;BETA;
pharma5;236;1;BETA;BETA;
pharma5;237;1;BETA;BETA;
pharma5;238;1;BETA;BETA;
pharma5;239;1;BETA;BETA;
pharma5;240;1;BETA;BETA;
pharma5;241;1;BETA;BETA;
pharma5;242;1;BETA;BETA;
pharma5;243;1;BETA;BETA;
pharma5;244;1;BETA;BETA;
pharma5;245;1;BETA;BETA;
pharma5;246;1;BETA;BETA;
pharma5;247;1;BETA;BETA;
pharma5;248;1;BETA;BETA;
pharma5;249;1;BETA;BETA;
pharma5;250;1;BETA;BETA;
pharma5;251;1;BETA;BETA;
pharma5;252;1;BETA;BETA;
pharma5;253;1;BETA;BETA;
pharma5;254;1;BETA;BETA;
pharma5;255;1;BETA;BETA;
pharma5;256;1;BETA;BETA;
pharma5;258;1;BETA;BETA;
pharma5;259;1;BETA;BETA;
pharma5;260;1;BETA;BETA;
pharma5;261;1;BETA;BETA;
pharma5;262;1;BETA;BETA;
pharma5;263;1;BETA;BETA;
pharma5;264;1;BETA;BETA;
pharma5;265;1;BETA;BETA;
pharma5;266;1;BETA;BETA;
pharma5;267;1;BETA;BETA;
pharma5;268;1;BETA;BETA;
pharma5;269;1;BETA;BETA;
pharma5;270;1;BETA;BETA;
pharma5;271;1;BETA;BETA;
pharma5;272;1;BETA;BETA;
pharma5;273;1;BETA;BETA;
pharma5;274;1;BETA;BETA;
pharma5;275;1;BETA;BETA;
pharma5;276;1;BETA;BETA;
pharma5;277;1;BETA;BETA;
pharma5;278;1;BETA;BETA;
pharma5;279;1;BETA;BETA;
pharma5;280;1;BETA;BETA;
pharma5;281;1;BETA;BETA;
pharma5;282;1;BETA;BETA;
pharma5;283;1;BETA;BETA;
pharma5;284;1;BETA;BETA;
pharma5;285;1;BETA;BETA;
pharma5;287;1;L&P;L&P;
pharma5;288;1;BETA;BETA;
pharma5;289;1;L&P;L&P;
pharma5;290;1;L&P;L&P;
pharma5;291;1;L&P;L&P;
pharma5;292;1;L&P;L&P;
pharma5;293;1;PHARMED;PHARMED;
pharma5;294;1;PHARMED;PHARMED;
pharma5;295;1;PHARMED;PHARMED;
pharma5;296;1;PHARMED;PHARMED;
pharma5;297;1;PHARMED;PHARMED;
pharma5;298;1;PHARMED;PHARMED;
pharma5;299;1;PHARMED;PHARMED;
pharma5;300;1;PHARMED;PHARMED;
pharma5;301;1;PHARMED;PHARMED;
pharma5;302;1;PHARMED;PHARMED;
pharma5;303;1;PHARMED;PHARMED;
pharma5;304;1;PHARMED;PHARMED;
pharma5;305;1;PHARMED;PHARMED;
pharma5;308;1;PHARMED;PHARMED;
pharma5;309;1;PHARMED;PHARMED;
pharma5;310;1;PHARMED;PHARMED;
pharma5;311;1;PHARMED;PHARMED;
pharma5;312;1;PHARMED;PHARMED;
pharma5;313;1;PHARMED;PHARMED;
pharma5;314;1;PHARMED;PHARMED;
pharma5;315;1;PHARMED;PHARMED;
pharma5;316;1;PHARMED;PHARMED;
pharma5;317;1;PHARMED;PHARMED;
pharma5;318;1;Smart Factory;Smart Factory;
pharma5;319;1;Smart Factory;Smart Factory;
pharma5;320;1;Smart Factory;Smart Factory;
pharma5;322;1;Smart Factory;Smart Factory;
pharma5;323;1;Smart Factory;Smart Factory;
pharma5;327;1;Smart Factory;Smart Factory;
pharma5;328;1;Smart Factory;Smart Factory;
pharma5;329;1;Smart Factory;Smart Factory;
pharma5;330;1;Smart Factory;Smart Factory;
pharma5;331;1;BETA;BETA;
pharma5;332;1;PHARMED;PHARMED;
pharma5;333;1;BETA;BETA;
pharma5;334;1;PHARMED;PHARMED;
pharma5;335;1;PHARMED;PHARMED;
pharma5;336;1;Smart Factory;Smart Factory;
warmeston;1;1;Purila;Purila;
warmeston;2;1;Purila;Purila;
warmeston;3;1;Purila;Purila;
warmeston;4;1;Purila;Purila;
warmeston;5;1;Purila;Purila;
warmeston;6;1;Purila;Purila;
warmeston;7;1;Purila;Purila;
warmeston;8;1;Purila;Purila;
warmeston;9;1;Purila;Purila;
warmeston;10;1;Purila;Purila;
warmeston;11;1;Purila;Purila;
denelavaspack;2;1;Denelavaspack;Denelavaspack;
denelavaspack;3;1;Denelavaspack;Denelavaspack;
denelavaspack;5;1;Denelavaspack;Denelavaspack;
denelavaspack;12;1;Denelavaspack;Denelavaspack;
denelavaspack;15;1;Denelavaspack;Denelavaspack;
denelavaspack;16;1;Denelavaspack;Denelavaspack;
denelavaspack;17;1;Denelavaspack;Denelavaspack;
denelavaspack;18;1;Denelavaspack;Denelavaspack;
denelavaspack;19;1;Denelavaspack;Denelavaspack;
denelavaspack;20;1;Denelavaspack;Denelavaspack;
denelavaspack;22;1;Denelavaspack;Denelavaspack;
denelavaspack;23;1;Denelavaspack;Denelavaspack;
denelavaspack;24;1;Denelavaspack;Denelavaspack;
denelavaspack;25;1;Denelavaspack;Denelavaspack;
denelavaspack;26;1;Denelavaspack;Denelavaspack;
denelavaspack;27;1;Denelavaspack;Denelavaspack;
denelavaspack;28;1;Denelavaspack;Denelavaspack;
hilding;40;0;;;no stations, no factory - needs a decision
hilding;41;0;;;no stations, no factory - needs a decision
hilding;43;0;;;no stations, no factory - needs a decision
hilding;45;0;;;no stations, no factory - needs a decision
hilding;46;0;;;no stations, no factory - needs a decision
hilding;47;0;;;no stations, no factory - needs a decision
hilding;51;0;;;no stations, no factory - needs a decision
hilding;53;0;;;no stations, no factory - needs a decision
hilding;56;1;Sweden;Sweden;
hilding;57;1;Sweden;Sweden;
hilding;58;1;Sweden;Sweden;
hilding;61;1;Sweden;Sweden;
hilding;67;0;;;no stations, no factory - needs a decision
hilding;68;1;Estonia;Estonia;
hilding;70;1;Estonia;Estonia;
hilding;71;1;Estonia;Estonia;
hilding;74;1;Estonia;Estonia;
hilding;75;1;Estonia;Estonia;
hilding;76;1;Estonia;Estonia;
hilding;77;1;Estonia;Estonia;
hilding;83;1;Estonia;Estonia;
hilding;84;1;Estonia;Estonia;
hilding;86;1;Estonia;Estonia;
hilding;87;1;Estonia;Estonia;
hilding;88;1;Estonia;Estonia;
hilding;89;1;Estonia;Estonia;
hilding;91;1;Estonia;Estonia;
hilding;96;1;Norway;Norway;
hilding;97;1;Norway;Norway;
hilding;100;1;Norway;Norway;
hilding;101;1;Norway;Norway;
hilding;118;1;Finland;Finland;
hilding;119;1;Finland;Finland;
hilding;120;1;Finland;Finland;
hilding;121;1;Finland;Finland;
hilding;122;1;Finland;Finland;
hilding;123;1;Finland;Finland;
hilding;124;1;Finland;Finland;
hilding;126;1;Finland;Finland;
hilding;127;1;Finland;Finland;
hilding;128;1;Finland;Finland;
hilding;129;1;Finland;Finland;
hilding;130;1;Estonia;Estonia;
hilding;132;1;Estonia;Estonia;
hilding;142;0;;;no stations, no factory - needs a decision
hilding;143;0;;;no stations, no factory - needs a decision
hilding;182;1;Estonia;Estonia;
hilding;186;1;Estonia;Estonia;
hilding;187;1;Norway;Norway;
hilding;191;1;Norway;Norway;
hilding;192;1;Norway;Norway;
hilding;210;1;Estonia;Estonia;
hilding;211;1;Finland;Finland;
hilding;212;1;Finland;Finland;
hilding;213;1;Finland;Finland;
hilding;214;1;Finland;Finland;
hilding;215;1;Finland;Finland;
hilding;216;1;Finland;Finland;
hilding;217;1;Finland;Finland;
hilding;218;1;Finland;Finland;
hilding;219;1;Finland;Finland;
hilding;220;1;Finland;Finland;
hilding;221;1;Finland;Finland;
hilding;222;1;Finland;Finland;
hilding;223;1;Finland;Finland;
hilding;224;1;Finland;Finland;
hilding;225;1;Finland;Finland;
hilding;226;1;Finland;Finland;
hilding;227;1;Finland;Finland;
hilding;237;1;Estonia;Estonia;
hilding;258;1;Spain;Spain;
hilding;286;1;Shanghai;Shanghai;
hilding;288;1;Norway;Norway;
hilding;289;1;Norway;Norway;
hilding;290;1;Norway;Norway;
hilding;291;1;Norway;Norway;
hilding;292;1;Norway;Norway;
hilding;293;1;Norway;Norway;
hilding;296;1;Norway;Norway;
hilding;301;1;Norway;Norway;
hilding;305;1;Norway;Norway;
hilding;324;0;;;no stations, no factory - needs a decision
hilding;331;1;Spain;Spain;
hilding;332;1;Spain;Spain;
hilding;340;1;Spain;Spain;
hilding;342;1;Spain;Spain;
hilding;350;1;Spain;Spain;
hilding;353;1;Spain;Spain;
hilding;354;1;Spain;Spain;
hilding;374;1;Spain;Spain;
hilding;381;1;Estonia;Estonia;
hilding;382;1;Estonia;Estonia;
hilding;383;1;Estonia;Estonia;
hilding;384;1;Estonia;Estonia;
hilding;387;1;Estonia;Estonia;
hilding;392;1;Estonia;Estonia;
hilding;396;1;Estonia;Estonia;
hilding;397;1;Estonia;Estonia;
hilding;401;1;Estonia;Estonia;
hilding;402;1;Estonia;Estonia;
hilding;404;1;Estonia;Estonia;
hilding;405;1;Estonia;Estonia;
hilding;407;1;Estonia;Estonia;
hilding;408;1;Estonia;Estonia;
hilding;409;1;Estonia;Estonia;
hilding;410;1;Estonia;Estonia;
hilding;411;1;Spain;Spain;
hilding;420;0;;;no stations, no factory - needs a decision
hilding;421;0;;;no stations, no factory - needs a decision
hilding;424;0;;;no stations, no factory - needs a decision
hilding;428;1;Spain;Spain;
hilding;443;1;Spain;Spain;
hilding;445;0;;;no stations, no factory - needs a decision
hilding;474;0;;;no stations, no factory - needs a decision
hilding;475;0;;;no stations, no factory - needs a decision
hilding;476;0;;;no stations, no factory - needs a decision
hilding;478;0;;;no stations, no factory - needs a decision
hilding;479;0;;;no stations, no factory - needs a decision
hilding;481;0;;;no stations, no factory - needs a decision
hilding;489;0;;;no stations, no factory - needs a decision
hilding;491;1;Spain;Spain;
hilding;500;1;Spain;Spain;
hilding;504;1;Spain;Spain;
hilding;518;1;Spain 2;Spain 2;
hilding;519;1;Spain 2;Spain 2;
hilding;522;1;Estonia;Estonia;
hilding;525;1;Spain 2;Spain 2;
hilding;526;1;Spain 2;Spain 2;
hilding;527;1;Spain 2;Spain 2;
hilding;529;1;Estonia;Estonia;
hilding;530;1;Estonia;Estonia;
hilding;531;1;Estonia;Estonia;
hilding;532;1;Spain;Spain;
hilding;533;1;Estonia;Estonia;
hilding;535;1;Spain 2;Spain 2;
hilding;536;1;Spain 2;Spain 2;
hilding;538;1;Spain 2;Spain 2;
hilding;539;1;Spain 2;Spain 2;
hilding;541;1;Estonia;Estonia;
hilding;542;1;Estonia;Estonia;
hilding;548;1;Norway;Norway;
hilding;549;1;Norway;Norway;
hilding;550;1;Estonia;Estonia;
hilding;551;1;Spain 2;Spain 2;
hilding;553;1;Estonia;Estonia;
hilding;554;1;Estonia;Estonia;
hilding;555;1;Estonia;Estonia;
hilding;556;1;Estonia;Estonia;
hilding;557;1;Estonia;Estonia;
hilding;561;1;Norway;Norway;
hilding;562;1;Norway;Norway;
hilding;577;1;Estonia;Estonia;
hilding;582;1;Norway;Norway;
hilding;584;1;Norway;Norway;
hilding;590;1;Spain 2;Spain 2;
hilding;591;1;Spain 2;Spain 2;
hilding;592;1;Spain 2;Spain 2;
hilding;593;1;Spain;Spain;
hilding;594;0;;;no stations, no factory - needs a decision
hilding;595;0;;;no stations, no factory - needs a decision
hilding;596;0;;;no stations, no factory - needs a decision
hilding;597;1;Spain;Spain;
hilding;598;1;Norway;Norway;
hilding;599;1;Spain;Spain;
hilding;601;0;;;no stations, no factory - needs a decision
hilding;603;0;;;no stations, no factory - needs a decision
hilding;606;1;Spain 2;Spain 2;
hilding;607;1;Spain 2;Spain 2;
hilding;608;1;Spain 2;Spain 2;
hilding;609;1;Spain 2;Spain 2;
hilding;610;1;Spain 2;Spain 2;
hilding;611;1;Spain 2;Spain 2;
hilding;612;1;Spain 2;Spain 2;
hilding;614;1;Norway;Norway;
hilding;615;1;Norway;Norway;
hilding;616;1;Norway;Norway;
hilding;617;1;Norway;Norway;
hilding;618;1;Norway;Norway;
hilding;625;1;Spain 2;Spain 2;
hilding;628;1;Spain 2;Spain 2;
hilding;629;1;Spain 2;Spain 2;
hilding;630;1;Spain 2;Spain 2;
hilding;631;1;Spain 2;Spain 2;
hilding;632;1;Spain 2;Spain 2;
hilding;633;1;Spain 2;Spain 2;
hilding;634;1;Spain 2;Spain 2;
hilding;635;1;Spain 2;Spain 2;
hilding;636;1;Spain 2;Spain 2;
hilding;637;1;Spain 2;Spain 2;
hilding;638;1;Spain;Spain;
hilding;639;1;Spain;Spain;
hilding;640;1;Norway;Norway;
hilding;641;1;Norway;Norway;
hilding;645;1;Norway;Norway;
hilding;646;1;Norway;Norway;
hilding;647;1;Estonia;Estonia;
hilding;649;1;Norway;Norway;
hilding;650;1;Norway;Norway;
hilding;651;1;Norway;Norway;
hilding;652;1;Norway;Norway;
aurorainutrition;1;1;Aurorainutrition;Aurorainutrition;
aurorainutrition;2;1;Aurorainutrition;Aurorainutrition;
aurorainutrition;3;1;Aurorainutrition;Aurorainutrition;
aurorainutrition;5;1;Aurorainutrition;Aurorainutrition;
yaravietnam;30179;1;Default;Default;
yaravietnam;30180;1;Default;Default;
yaravietnam;30181;1;Default;Default;
corvaglia;1;1;Eschlikon;Eschlikon;
corvaglia;2;1;Eschlikon;Eschlikon;
corvaglia;3;1;Eschlikon;Eschlikon;
corvaglia;5;1;Newnan;Newnan;
corvaglia;6;1;Newnan;Newnan;
corvaglia;7;1;Ixtlahuaca;Ixtlahuaca;
corvaglia;8;1;Newnan;Newnan;
corvaglia;9;1;Newnan;Newnan;
corvaglia;10;1;Newnan;Newnan;
corvaglia;13;1;Newnan;Newnan;
corvaglia;14;1;Newnan;Newnan;
corvaglia;15;1;Newnan;Newnan;
corvaglia;21;1;Ixtlahuaca;Ixtlahuaca;
corvaglia;22;1;Ixtlahuaca;Ixtlahuaca;
corvaglia;23;1;Ixtlahuaca;Ixtlahuaca;
corvaglia;24;1;Ixtlahuaca;Ixtlahuaca;
corvaglia;25;1;Ixtlahuaca;Ixtlahuaca;
corvaglia;29;1;Newnan;Newnan;
corvaglia;30;1;Newnan;Newnan;
corvaglia;31;1;Newnan;Newnan;
corvaglia;32;1;Newnan;Newnan;
corvaglia;33;1;Newnan;Newnan;
corvaglia;36;1;Newnan;Newnan;
corvaglia;40;1;Newnan;Newnan;
corvaglia;41;1;Newnan;Newnan;
corvaglia;42;1;Newnan;Newnan;
corvaglia;44;1;Newnan;Newnan;
corvaglia;46;1;Newnan;Newnan;
corvaglia;49;1;Newnan;Newnan;
adiumpharma;1;1;Default;Default;
adiumpharma;2;1;Default;Default;
adiumpharma;3;1;Default;Default;
adiumpharma;4;1;Default;Default;
adiumpharma;6;1;Default;Default;
adiumpharma;7;1;Default;Default;
adiumpharma;8;1;Default;Default;
adiumpharma;10;1;Default;Default;
adiumpharma;11;1;Default;Default;
adiumpharma;12;1;Default;Default;
adiumpharma;13;1;Default;Default;
adiumpharma;14;1;Default;Default;
adiumpharma;15;1;Default;Default;
adiumpharma;16;1;Default;Default;
adiumpharma;18;1;Default;Default;
adiumpharma;19;1;Default;Default;
adiumpharma;20;1;Default;Default;
adiumpharma;21;1;Default;Default;
adiumpharma;22;1;Default;Default;
adiumpharma;23;1;Default;Default;
adiumpharma;24;1;Default;Default;
adiumpharma;25;1;Default;Default;
adiumpharma;26;1;Default;Default;
adiumpharma;27;1;Default;Default;
adiumpharma;29;1;Default;Default;
adiumpharma;32;1;Default;Default;
adiumpharma;35;1;Default;Default;
adiumpharma;36;1;Default;Default;
adiumpharma;38;1;Default;Default;
adiumpharma;39;1;Default;Default;
adiumpharma;40;1;Default;Default;
adiumpharma;41;1;Default;Default;
adiumpharma;42;1;Default;Default;
adiumpharma;43;1;Default;Default;
adiumpharma;44;1;Default;Default;
adiumpharma;45;1;Default;Default;
adiumpharma;46;1;Default;Default;
adiumpharma;47;1;Default;Default;
adiumpharma;52;1;Default;Default;
adiumpharma;53;1;Default;Default;
adiumpharma;54;1;Default;Default;
adiumpharma;55;1;Default;Default;
adiumpharma;56;1;Default;Default;
adiumpharma;57;1;Default;Default;
adiumpharma;58;1;Default;Default;
adiumpharma;59;1;Default;Default;
adiumpharma;60;1;Default;Default;
adiumpharma;61;1;Default;Default;
adiumpharma;62;1;Default;Default;
adiumpharma;63;1;Default;Default;
adiumpharma;64;1;Default;Default;
adiumpharma;65;1;Default;Default;
adiumpharma;66;1;Default;Default;
adiumpharma;67;1;Default;Default;
adiumpharma;68;1;Default;Default;
adiumpharma;71;1;Default;Default;
adiumpharma;74;1;Default;Default;
adiumpharma;78;1;Default;Default;
adiumpharma;79;1;Default;Default;
adiumpharma;80;1;Default;Default;
adiumpharma;81;1;Default;Default;
adiumpharma;82;1;Default;Default;
adiumpharma;83;1;Default;Default;
adiumpharma;84;1;Default;Default;
marsgreenville;4;1;Marsgreenville;Marsgreenville;
marsgreenville;5;1;Marsgreenville;Marsgreenville;
marsgreenville;6;1;Marsgreenville;Marsgreenville;
marsgreenville;7;1;Marsgreenville;Marsgreenville;
marsgreenville;9;1;Marsgreenville;Marsgreenville;
marsgreenville;10;1;Marsgreenville;Marsgreenville;
marsgreenville;11;1;Marsgreenville;Marsgreenville;
ajdir;1;1;Default;Default;
ajdir;3;1;Default;Default;
ajdir;5;1;Default;Default;
ajdir;6;1;Default;Default;
ajdir;7;1;Default;Default;
ajdir;8;1;Default;Default;
ajdir;11;1;Default;Default;
ajdir;12;1;Default;Default;
ajdir;14;1;Default;Default;
ajdir;32;1;Default;Default;
ajdir;37;1;Default;Default;
ajdir;38;1;Default;Default;
ajdir;39;1;Default;Default;
ajdir;41;1;Default;Default;
ajdir;43;1;Default;Default;
ajdir;44;1;Default;Default;
ajdir;47;1;Default;Default;
ajdir;48;1;Default;Default;
ajdir;49;1;Default;Default;
ajdir;50;1;Default;Default;
ajdir;51;1;Default;Default;
ajdir;52;1;Default;Default;
ajdir;53;1;Default;Default;
ajdir;54;1;Default;Default;
ajdir;57;1;Default;Default;
ajdir;58;1;Default;Default;
ajdir;76;1;Default;Default;
ajdir;77;1;Default;Default;
ajdir;78;1;Default;Default;
ajdir;79;1;Default;Default;
ajdir;80;1;Default;Default;
ajdir;83;1;Default;Default;
ajdir;84;1;Default;Default;
ajdir;86;1;Default;Default;
ajdir;89;1;Default;Default;
ajdir;93;1;Default;Default;
ajdir;94;1;Default;Default;
ajdir;96;1;Default;Default;
ajdir;98;1;Default;Default;
ajdir;100;1;Default;Default;
ajdir;101;1;Default;Default;
ajdir;106;1;Default;Default;
ajdir;131;1;Default;Default;
ajdir;132;1;Default;Default;
ajdir;133;1;Default;Default;
ajdir;134;1;Default;Default;
ajdir;135;1;Default;Default;
ajdir;136;1;Default;Default;
ajdir;137;1;Default;Default;
acino;2;1;Põlva;Põlva;
acino;3;1;Põlva;Põlva;
acino;4;1;Põlva;Põlva;
acino;5;1;Põlva;Põlva;
acino;6;1;Põlva;Põlva;
acino;7;1;Põlva;Põlva;
acino;10;1;Põlva;Põlva;
acino;11;1;Põlva;Põlva;
acino;13;1;Põlva;Põlva;
acino;14;1;Põlva;Põlva;
acino;15;1;Põlva;Põlva;
acino;17;1;Põlva;Põlva;
acino;18;1;Põlva;Põlva;
acino;19;1;Põlva;Põlva;
acino;21;1;Põlva;Põlva;
acino;22;1;Põlva;Põlva;
acino;23;1;Põlva;Põlva;
acino;24;1;Põlva;Põlva;
acino;25;1;Põlva;Põlva;
acino;28;1;Põlva;Põlva;
acino;29;1;Põlva;Põlva;
acino;30;1;Põlva;Põlva;
acino;31;1;Põlva;Põlva;
acino;32;1;Põlva;Põlva;
acino;34;1;Põlva;Põlva;
acino;36;1;Põlva;Põlva;
acino;46;1;Kyiv;Kyiv;
acino;47;1;Kyiv;Kyiv;
acino;49;1;Kyiv;Kyiv;
acino;50;1;Kyiv;Kyiv;
acino;53;1;Kyiv;Kyiv;
acino;54;1;Kyiv;Kyiv;
acino;56;1;Kyiv;Kyiv;
acino;57;1;Kyiv;Kyiv;
acino;58;1;Kyiv;Kyiv;
acino;60;1;Kyiv;Kyiv;
acino;61;1;Kyiv;Kyiv;
acino;66;1;Switzerland;Switzerland;
acino;68;1;Switzerland;Switzerland;
acino;70;1;Switzerland;Switzerland;
acino;71;1;Switzerland;Switzerland;
acino;72;1;Switzerland;Switzerland;
acino;73;1;Switzerland;Switzerland;
acino;74;1;Switzerland;Switzerland;
acino;76;1;Dubai;Dubai;
acino;77;1;Dubai;Dubai;
acino;78;1;Dubai;Dubai;
acino;79;1;Dubai;Dubai;
acino;80;1;Dubai;Dubai;
acino;81;1;Dubai;Dubai;
acino;82;1;Dubai;Dubai;
acino;83;1;Dubai;Dubai;
acino;84;1;Dubai;Dubai;
acino;85;1;Dubai;Dubai;
acino;86;1;Dubai;Dubai;
acino;87;1;Dubai;Dubai;
acino;88;1;Dubai;Dubai;
acino;89;1;Dubai;Dubai;
acino;91;1;Põlva;Põlva;
acino;92;1;Põlva;Põlva;
acino;93;1;Dubai;Dubai;
acino;96;1;Kyiv;Kyiv;
acino;97;1;Kyiv;Kyiv;
acino;98;1;Kyiv;Kyiv;
acino;99;1;Kyiv;Kyiv;
acino;100;1;Kyiv;Kyiv;
acino;101;1;Kyiv;Kyiv;
acino;103;1;Põlva;Põlva;
acino;104;1;Dubai;Dubai;
acino;105;1;Dubai;Dubai;
acino;106;1;Dubai;Dubai;
acino;107;1;Kyiv;Kyiv;
acino;108;1;Switzerland;Switzerland;
acino;109;1;Switzerland;Switzerland;
acino;111;1;Switzerland;Switzerland;
acino;115;1;Switzerland;Switzerland;
acino;116;1;Switzerland;Switzerland;
acino;117;1;Switzerland;Switzerland;
acino;118;1;Switzerland;Switzerland;
acino;119;1;Switzerland;Switzerland;
acino;120;1;Switzerland;Switzerland;
acino;121;1;Switzerland;Switzerland;
acino;124;1;Switzerland;Switzerland;
acino;125;1;Switzerland;Switzerland;
acino;126;1;Switzerland;Switzerland;
acino;127;1;Switzerland;Switzerland;
acino;128;1;Switzerland;Switzerland;
acino;130;1;Switzerland;Switzerland;
acino;131;1;Switzerland;Switzerland;
acino;132;1;Switzerland;Switzerland;
acino;133;1;Switzerland;Switzerland;
acino;134;1;Switzerland;Switzerland;
acino;135;1;Switzerland;Switzerland;
acino;137;1;Switzerland;Switzerland;
acino;138;1;Switzerland;Switzerland;
acino;139;1;Switzerland;Switzerland;
acino;140;1;Switzerland;Switzerland;
acino;141;1;Switzerland;Switzerland;
acino;143;1;Switzerland;Switzerland;
acino;144;1;Switzerland;Switzerland;
acino;145;1;Switzerland;Switzerland;
acino;146;1;Switzerland;Switzerland;
acino;147;1;Switzerland;Switzerland;
acino;148;1;Switzerland;Switzerland;
acino;149;1;Switzerland;Switzerland;
acino;150;1;Kyiv;Kyiv;
acino;151;1;Kyiv;Kyiv;
acino;155;1;Dubai;Dubai;
deltafoods;1;1;AGIOS STEFANOS;AGIOS STEFANOS;
deltafoods;2;1;AGIOS STEFANOS;AGIOS STEFANOS;
deltafoods;3;1;AGIOS STEFANOS;AGIOS STEFANOS;
deltafoods;5;1;AGIOS STEFANOS;AGIOS STEFANOS;
deltafoods;6;1;AGIOS STEFANOS;AGIOS STEFANOS;
deltafoods;7;1;AGIOS STEFANOS;AGIOS STEFANOS;
deltafoods;8;1;AGIOS STEFANOS;AGIOS STEFANOS;
deltafoods;9;1;AGIOS STEFANOS;AGIOS STEFANOS;
deltafoods;10;1;AGIOS STEFANOS;AGIOS STEFANOS;
deltafoods;11;1;AGIOS STEFANOS;AGIOS STEFANOS;
deltafoods;12;1;AGIOS STEFANOS;AGIOS STEFANOS;
deltafoods;14;1;AGIOS STEFANOS;AGIOS STEFANOS;
deltafoods;15;1;AGIOS STEFANOS;AGIOS STEFANOS;
deltafoods;16;1;AGIOS STEFANOS;AGIOS STEFANOS;
deltafoods;17;1;AGIOS STEFANOS;AGIOS STEFANOS;
deltafoods;18;1;AGIOS STEFANOS;AGIOS STEFANOS;
deltafoods;19;1;AGIOS STEFANOS;AGIOS STEFANOS;
deltafoods;20;1;AGIOS STEFANOS;AGIOS STEFANOS;
deltafoods;21;1;AGIOS STEFANOS;AGIOS STEFANOS;
deltafoods;24;1;AGIOS STEFANOS;AGIOS STEFANOS;
deltafoods;30;1;LAMIA;LAMIA;
deltafoods;36;1;LAMIA;LAMIA;
deltafoods;39;0;;;no stations, no factory - needs a decision
deltafoods;40;0;;;no stations, no factory - needs a decision
deltafoods;45;1;SINDOS;SINDOS;
deltafoods;47;1;SINDOS;SINDOS;
deltafoods;48;1;SINDOS;SINDOS;
deltafoods;49;1;SINDOS;SINDOS;
deltafoods;53;1;SINDOS;SINDOS;
deltafoods;54;1;SINDOS;SINDOS;
deltafoods;56;1;SINDOS;SINDOS;
deltafoods;57;1;SINDOS;SINDOS;
deltafoods;58;1;SINDOS;SINDOS;
deltafoods;59;1;SINDOS;SINDOS;
deltafoods;60;1;SINDOS;SINDOS;
deltafoods;63;1;SINDOS;SINDOS;
deltafoods;68;1;AGIOS STEFANOS;AGIOS STEFANOS;
deltafoods;69;1;AGIOS STEFANOS;AGIOS STEFANOS;
deltafoods;70;1;AGIOS STEFANOS;AGIOS STEFANOS;
deltafoods;71;1;AGIOS STEFANOS;AGIOS STEFANOS;
deltafoods;72;1;AGIOS STEFANOS;AGIOS STEFANOS;
deltafoods;73;1;AGIOS STEFANOS;AGIOS STEFANOS;
deltafoods;74;1;AGIOS STEFANOS;AGIOS STEFANOS;
deltafoods;75;1;AGIOS STEFANOS;AGIOS STEFANOS;
deltafoods;76;1;AGIOS STEFANOS;AGIOS STEFANOS;
deltafoods;77;1;AGIOS STEFANOS;AGIOS STEFANOS;
deltafoods;78;1;AGIOS STEFANOS;AGIOS STEFANOS;
deltafoods;79;1;AGIOS STEFANOS;AGIOS STEFANOS;
deltafoods;80;1;AGIOS STEFANOS;AGIOS STEFANOS;
deltafoods;81;1;AGIOS STEFANOS;AGIOS STEFANOS;
deltafoods;84;1;AGIOS STEFANOS;AGIOS STEFANOS;
deltafoods;86;1;AGIOS STEFANOS;AGIOS STEFANOS;
deltafoods;87;1;AGIOS STEFANOS;AGIOS STEFANOS;
deltafoods;88;1;AGIOS STEFANOS;AGIOS STEFANOS;
deltafoods;89;1;AGIOS STEFANOS;AGIOS STEFANOS;
deltafoods;91;1;AGIOS STEFANOS;AGIOS STEFANOS;
deltafoods;92;1;AGIOS STEFANOS;AGIOS STEFANOS;
deltafoods;100;1;AGIOS STEFANOS;AGIOS STEFANOS;
deltafoods;102;1;AGIOS STEFANOS;AGIOS STEFANOS;
deltafoods;104;1;AGIOS STEFANOS;AGIOS STEFANOS;
deltafoods;106;1;AGIOS STEFANOS;AGIOS STEFANOS;
deltafoods;109;1;AGIOS STEFANOS;AGIOS STEFANOS;
deltafoods;111;1;LAMIA;LAMIA;
deltafoods;113;1;SINDOS;SINDOS;
deltafoods;114;1;SINDOS;SINDOS;
deltafoods;115;1;AGIOS STEFANOS;AGIOS STEFANOS;
deltafoods;116;1;AGIOS STEFANOS;AGIOS STEFANOS;
deltafoods;117;1;AGIOS STEFANOS;AGIOS STEFANOS;
deltafoods;118;1;AGIOS STEFANOS;AGIOS STEFANOS;
deltafoods;122;1;AGIOS STEFANOS;AGIOS STEFANOS;
deltafoods;123;1;AGIOS STEFANOS;AGIOS STEFANOS;
deltafoods;124;1;AGIOS STEFANOS;AGIOS STEFANOS;
deltafoods;125;1;AGIOS STEFANOS;AGIOS STEFANOS;
deltafoods;126;1;AGIOS STEFANOS;AGIOS STEFANOS;
deltafoods;127;1;AGIOS STEFANOS;AGIOS STEFANOS;
deltafoods;128;1;AGIOS STEFANOS;AGIOS STEFANOS;
deltafoods;129;1;AGIOS STEFANOS;AGIOS STEFANOS;
deltafoods;130;1;AGIOS STEFANOS;AGIOS STEFANOS;
deltafoods;131;1;AGIOS STEFANOS;AGIOS STEFANOS;
deltafoods;132;1;AGIOS STEFANOS;AGIOS STEFANOS;
deltafoods;134;1;AGIOS STEFANOS;AGIOS STEFANOS;
deltafoods;135;1;AGIOS STEFANOS;AGIOS STEFANOS;
deltafoods;137;1;AGIOS STEFANOS;AGIOS STEFANOS;
deltafoods;140;1;SINDOS;SINDOS;
deltafoods;141;1;SINDOS;SINDOS;
deltafoods;142;1;SINDOS;SINDOS;
deltafoods;143;1;SINDOS;SINDOS;
deltafoods;144;1;SINDOS;SINDOS;
deltafoods;145;1;SINDOS;SINDOS;
deltafoods;147;1;SINDOS;SINDOS;
deltafoods;148;1;SINDOS;SINDOS;
deltafoods;149;1;SINDOS;SINDOS;
deltafoods;150;1;AGIOS STEFANOS;AGIOS STEFANOS;
deltafoods;152;1;AGIOS STEFANOS;AGIOS STEFANOS;
deltafoods;153;1;LAMIA;LAMIA;
deltafoods;154;1;SINDOS;SINDOS;
deltafoods;155;1;SINDOS;SINDOS;
deltafoods;156;1;AGIOS STEFANOS;AGIOS STEFANOS;
deltafoods;158;1;SINDOS;SINDOS;
deltafoods;159;1;SINDOS;SINDOS;
deltafoods;160;1;SINDOS;SINDOS;
deltafoods;161;1;AGIOS STEFANOS;AGIOS STEFANOS;
deltafoods;162;1;SINDOS;SINDOS;
deltafoods;163;1;AGIOS STEFANOS;AGIOS STEFANOS;
deltafoods;164;1;AGIOS STEFANOS;AGIOS STEFANOS;
deltafoods;167;1;SINDOS;SINDOS;
deltafoods;168;1;SINDOS;SINDOS;
deltafoods;170;1;AGIOS STEFANOS;AGIOS STEFANOS;
deltafoods;171;1;AGIOS STEFANOS;AGIOS STEFANOS;
deltafoods;172;1;AGIOS STEFANOS;AGIOS STEFANOS;
deltafoods;173;1;AGIOS STEFANOS;AGIOS STEFANOS;
deltafoods;174;1;AGIOS STEFANOS;AGIOS STEFANOS;
deltafoods;175;1;AGIOS STEFANOS;AGIOS STEFANOS;
deltafoods;176;1;AGIOS STEFANOS;AGIOS STEFANOS;
deltafoods;177;1;AGIOS STEFANOS;AGIOS STEFANOS;
deltafoods;178;1;AGIOS STEFANOS;AGIOS STEFANOS;
deltafoods;179;1;AGIOS STEFANOS;AGIOS STEFANOS;
deltafoods;180;1;AGIOS STEFANOS;AGIOS STEFANOS;
harmet;1;1;Harmet;Harmet;
harmet;3;1;Harmet;Harmet;
harmet;4;1;Harmet;Harmet;
harmet;5;1;Harmet;Harmet;
harmet;6;1;Harmet;Harmet;
harmet;7;1;Harmet;Harmet;
harmet;8;1;Harmet;Harmet;
harmet;9;1;Harmet;Harmet;
harmet;10;1;Harmet;Harmet;
harmet;11;1;Harmet;Harmet;
harmet;12;1;Harmet;Harmet;
harmet;13;1;Harmet;Harmet;
plastipack;1;1;Default;Default;
plastipack;2;1;Default;Default;
plastipack;3;1;Default;Default;
plastipack;4;1;Default;Default;
plastipack;9;1;Default;Default;
plastipack;10;1;Default;Default;
plastipack;11;1;Default;Default;
plastipack;13;1;Default;Default;
plastipack;16;1;Default;Default;
plastipack;17;1;Default;Default;
plastipack;18;1;Default;Default;
plastipack;20;1;Default;Default;
plastipack;22;1;Default;Default;
plastipack;23;1;Default;Default;
plastipack;25;1;Default;Default;
plastipack;26;1;Default;Default;
plastipack;27;1;Default;Default;
plastipack;28;1;Default;Default;
plastipack;32;1;Default;Default;
korres;3;1;Default;Default;
korres;4;1;Default;Default;
korres;5;1;Default;Default;
korres;6;1;Default;Default;
korres;8;1;Default;Default;
korres;10;1;Default;Default;
korres;11;1;Default;Default;
korres;12;1;Default;Default;
korres;13;1;Default;Default;
korres;14;1;Default;Default;
korres;15;1;Default;Default;
korres;16;1;Default;Default;
korres;17;1;Default;Default;
korres;18;1;Default;Default;
korres;19;1;Default;Default;
korres;20;1;Default;Default;
korres;21;1;Default;Default;
korres;22;1;Default;Default;
korres;23;1;Default;Default;
korres;24;1;Default;Default;
korres;25;1;Default;Default;
mollbetonwerk;1;1;PL - Strunbet;PL - Strunbet;
mollbetonwerk;9;1;DE - Biebesheim;DE - Biebesheim;
mollbetonwerk;10;1;DE - Biebesheim;DE - Biebesheim;
mollbetonwerk;11;1;DE - Güsen;DE - Güsen;
mollbetonwerk;12;1;DE - Güsen;DE - Güsen;
mollbetonwerk;13;1;DE - Güsen;DE - Güsen;
mollbetonwerk;14;1;DE - Güsen;DE - Güsen;
mollbetonwerk;15;1;CZ - ŽPSV;CZ - ŽPSV;
mollbetonwerk;16;1;CZ - ŽPSV;CZ - ŽPSV;
mollbetonwerk;17;1;CZ - ŽPSV;CZ - ŽPSV;
mollbetonwerk;18;1;SK - ŽPSV;SK - ŽPSV;
mollbetonwerk;19;1;SK - ŽPSV;SK - ŽPSV;
mollbetonwerk;20;1;UK - Trackwork Moll;UK - Trackwork Moll;
mollbetonwerk;21;1;UK - Trackwork Moll;UK - Trackwork Moll;
mollbetonwerk;22;1;UK - Trackwork Moll;UK - Trackwork Moll;
mollbetonwerk;23;1;CZ - ŽPSV;CZ - ŽPSV;
mollbetonwerk;24;1;CZ - ŽPSV;CZ - ŽPSV;
mollbetonwerk;25;1;CZ - ŽPSV;CZ - ŽPSV;
mollbetonwerk;30;1;DE - Güsen;DE - Güsen;
mollbetonwerk;31;1;CZ - ŽPSV;CZ - ŽPSV;
mollbetonwerk;32;1;CZ - ŽPSV;CZ - ŽPSV;
mollbetonwerk;33;1;CZ - ŽPSV;CZ - ŽPSV;
fluggardenmark;1;1;Flügger;Flügger;
fluggardenmark;2;1;Flügger;Flügger;
fluggardenmark;3;1;Flügger;Flügger;
fluggardenmark;4;1;Flügger;Flügger;
fluggardenmark;5;1;Flügger;Flügger;
fluggardenmark;6;1;Flügger;Flügger;
fluggardenmark;7;1;Flügger;Flügger;
fluggardenmark;8;1;Flügger;Flügger;
fluggardenmark;9;1;Flügger;Flügger;
fluggardenmark;10;1;Flügger;Flügger;
cocacolahbc;2;1;Zagreb;Zagreb;
cocacolahbc;3;1;Zagreb;Zagreb;
cocacolahbc;4;1;Zagreb;Zagreb;
cocacolahbc;5;1;Zagreb;Zagreb;
cocacolahbc;6;1;Zagreb;Zagreb;
cocacolahbc;7;1;Zagreb;Zagreb;
cocacolahbc;8;1;Zagreb;Zagreb;
cocacolahbc;9;1;Zagreb;Zagreb;
cocacolahbc;10;1;Zagreb;Zagreb;
cocacolahbc;11;1;Zagreb;Zagreb;
cocacolahbc;12;1;Zagreb;Zagreb;
cocacolahbc;13;1;Zagreb;Zagreb;
cocacolahbc;14;1;Zagreb;Zagreb;
cocacolahbc;15;1;Zagreb;Zagreb;
cocacolahbc;16;1;Zagreb;Zagreb;
cocacolahbc;17;1;Zagreb;Zagreb;
cocacolahbc;18;1;Sarajevo;Sarajevo;
cocacolahbc;19;1;Sarajevo;Sarajevo;
cocacolahbc;20;1;Sarajevo;Sarajevo;
cocacolahbc;21;1;Sarajevo;Sarajevo;
cocacolahbc;22;1;Sarajevo;Sarajevo;
cocacolahbc;23;1;Sarajevo;Sarajevo;
cocacolahbc;24;1;Sarajevo;Sarajevo;
cocacolahbc;25;1;Sarajevo;Sarajevo;
cocacolahbc;26;1;Sarajevo;Sarajevo;
cocacolahbc;27;1;Sarajevo;Sarajevo;
cocacolahbc;28;1;Sarajevo;Sarajevo;
cocacolahbc;29;1;Sarajevo;Sarajevo;
cocacolahbc;30;1;Sarajevo;Sarajevo;
cocacolahbc;31;1;Sarajevo;Sarajevo;
cocacolahbc;32;1;Sarajevo;Sarajevo;
cocacolahbc;33;1;Sarajevo;Sarajevo;
cocacolahbc;34;1;Sarajevo;Sarajevo;
cocacolahbc;35;1;Sarajevo;Sarajevo;
cocacolahbc;36;1;Sarajevo;Sarajevo;
cocacolahbc;37;1;Sarajevo;Sarajevo;
cocacolahbc;39;1;Sarajevo;Sarajevo;
cocacolahbc;41;1;Sarajevo;Sarajevo;
cocacolahbc;42;1;Sarajevo;Sarajevo;
cocacolahbc;43;1;Sarajevo;Sarajevo;
cocacolahbc;44;1;Sarajevo;Sarajevo;
cocacolahbc;45;1;Sarajevo;Sarajevo;
cocacolahbc;46;1;Sarajevo;Sarajevo;
cocacolahbc;47;1;Sarajevo;Sarajevo;
cocacolahbc;48;1;Sarajevo;Sarajevo;
cocacolahbc;49;1;Sarajevo;Sarajevo;
cocacolahbc;50;1;Sarajevo;Sarajevo;
cocacolahbc;51;1;Sarajevo;Sarajevo;
cocacolahbc;52;1;Sarajevo;Sarajevo;
cocacolahbc;53;1;Sarajevo;Sarajevo;
cocacolahbc;54;1;Sarajevo;Sarajevo;
cocacolahbc;55;1;Sarajevo;Sarajevo;
cocacolahbc;56;1;Sarajevo;Sarajevo;
cocacolahbc;57;1;Kostinbrod;Kostinbrod;
cocacolahbc;58;1;Kostinbrod;Kostinbrod;
cocacolahbc;60;1;Kostinbrod;Kostinbrod;
cocacolahbc;61;1;Kostinbrod;Kostinbrod;
cocacolahbc;62;1;Kostinbrod;Kostinbrod;
cocacolahbc;63;1;Kostinbrod;Kostinbrod;
cocacolahbc;64;1;Kostinbrod;Kostinbrod;
cocacolahbc;65;1;Kostinbrod;Kostinbrod;
cocacolahbc;66;1;Kostinbrod;Kostinbrod;
cocacolahbc;67;1;Kostinbrod;Kostinbrod;
cocacolahbc;68;1;Kostinbrod;Kostinbrod;
cocacolahbc;69;1;Kostinbrod;Kostinbrod;
cocacolahbc;70;1;Kostinbrod;Kostinbrod;
cocacolahbc;71;1;Kostinbrod;Kostinbrod;
cocacolahbc;72;1;Kostinbrod;Kostinbrod;
cocacolahbc;73;1;Kostinbrod;Kostinbrod;
cocacolahbc;74;1;Kostinbrod;Kostinbrod;
cocacolahbc;75;1;Kostinbrod;Kostinbrod;
cocacolahbc;76;1;Kostinbrod;Kostinbrod;
cocacolahbc;77;1;Kostinbrod;Kostinbrod;
cocacolahbc;78;1;Kostinbrod;Kostinbrod;
cocacolahbc;79;1;Kostinbrod;Kostinbrod;
cocacolahbc;80;1;Kostinbrod;Kostinbrod;
cocacolahbc;81;1;Kostinbrod;Kostinbrod;
cocacolahbc;82;1;Kostinbrod;Kostinbrod;
cocacolahbc;83;1;Kostinbrod;Kostinbrod;
cocacolahbc;84;1;Kostinbrod;Kostinbrod;
cocacolahbc;85;1;Kostinbrod;Kostinbrod;
cocacolahbc;86;1;Kostinbrod;Kostinbrod;
cocacolahbc;87;1;Kostinbrod;Kostinbrod;
cocacolahbc;88;1;Kostinbrod;Kostinbrod;
cocacolahbc;89;1;Kostinbrod;Kostinbrod;
cocacolahbc;90;1;Kostinbrod;Kostinbrod;
cocacolahbc;91;1;Kostinbrod;Kostinbrod;
cocacolahbc;92;1;Kostinbrod;Kostinbrod;
cocacolahbc;93;1;Kostinbrod;Kostinbrod;
cocacolahbc;94;1;Kostinbrod;Kostinbrod;
cocacolahbc;95;1;Kostinbrod;Kostinbrod;
cocacolahbc;96;1;Kostinbrod;Kostinbrod;
cocacolahbc;97;1;Kostinbrod;Kostinbrod;
cocacolahbc;98;1;Kostinbrod;Kostinbrod;
cocacolahbc;99;1;Kostinbrod;Kostinbrod;
cocacolahbc;100;1;Kostinbrod;Kostinbrod;
cocacolahbc;101;0;;;no stations, no factory - needs a decision
cocacolahbc;102;0;;;no stations, no factory - needs a decision
cocacolahbc;103;0;;;no stations, no factory - needs a decision
cocacolahbc;104;0;;;no stations, no factory - needs a decision
cocacolahbc;105;0;;;no stations, no factory - needs a decision
cocacolahbc;106;0;;;no stations, no factory - needs a decision
cocacolahbc;107;0;;;no stations, no factory - needs a decision
cocacolahbc;108;0;;;no stations, no factory - needs a decision
cocacolahbc;109;0;;;no stations, no factory - needs a decision
cocacolahbc;110;0;;;no stations, no factory - needs a decision
cocacolahbc;111;0;;;no stations, no factory - needs a decision
cocacolahbc;112;0;;;no stations, no factory - needs a decision
cocacolahbc;113;0;;;no stations, no factory - needs a decision
cocacolahbc;114;0;;;no stations, no factory - needs a decision
cocacolahbc;115;0;;;no stations, no factory - needs a decision
cocacolahbc;116;0;;;no stations, no factory - needs a decision
cocacolahbc;117;0;;;no stations, no factory - needs a decision
cocacolahbc;118;0;;;no stations, no factory - needs a decision
cocacolahbc;119;0;;;no stations, no factory - needs a decision
cocacolahbc;120;0;;;no stations, no factory - needs a decision
cocacolahbc;121;0;;;no stations, no factory - needs a decision
cocacolahbc;122;0;;;no stations, no factory - needs a decision
cocacolahbc;123;0;;;no stations, no factory - needs a decision
cocacolahbc;124;0;;;no stations, no factory - needs a decision
cocacolahbc;125;0;;;no stations, no factory - needs a decision
cocacolahbc;126;0;;;no stations, no factory - needs a decision
cocacolahbc;127;0;;;no stations, no factory - needs a decision
cocacolahbc;128;0;;;no stations, no factory - needs a decision
cocacolahbc;129;0;;;no stations, no factory - needs a decision
cocacolahbc;130;0;;;no stations, no factory - needs a decision
cocacolahbc;131;0;;;no stations, no factory - needs a decision
cocacolahbc;132;0;;;no stations, no factory - needs a decision
cocacolahbc;133;0;;;no stations, no factory - needs a decision
cocacolahbc;134;0;;;no stations, no factory - needs a decision
cocacolahbc;135;0;;;no stations, no factory - needs a decision
cocacolahbc;136;0;;;no stations, no factory - needs a decision
cocacolahbc;137;0;;;no stations, no factory - needs a decision
cocacolahbc;138;0;;;no stations, no factory - needs a decision
cocacolahbc;139;0;;;no stations, no factory - needs a decision
cocacolahbc;140;0;;;no stations, no factory - needs a decision
cocacolahbc;141;0;;;no stations, no factory - needs a decision
cocacolahbc;142;0;;;no stations, no factory - needs a decision
cocacolahbc;143;0;;;no stations, no factory - needs a decision
cocacolahbc;144;0;;;no stations, no factory - needs a decision
cocacolahbc;145;0;;;no stations, no factory - needs a decision
cocacolahbc;146;0;;;no stations, no factory - needs a decision
cocacolahbc;147;0;;;no stations, no factory - needs a decision
cocacolahbc;148;0;;;no stations, no factory - needs a decision
cocacolahbc;150;1;Zagreb;Zagreb;
cocacolahbc;151;1;Bankia;Bankia;
cocacolahbc;152;1;Bankia;Bankia;
cocacolahbc;153;1;Bankia;Bankia;
cocacolahbc;154;1;Bankia;Bankia;
cocacolahbc;155;1;Bankia;Bankia;
cocacolahbc;156;1;Bankia;Bankia;
cocacolahbc;157;1;Bankia;Bankia;
cocacolahbc;158;1;Bankia;Bankia;
cocacolahbc;159;1;Bankia;Bankia;
cocacolahbc;160;1;Bankia;Bankia;
cocacolahbc;161;1;Bankia;Bankia;
cocacolahbc;162;1;Bankia;Bankia;
cocacolahbc;163;1;Bankia;Bankia;
cocacolahbc;164;1;Bankia;Bankia;
cocacolahbc;165;1;Bankia;Bankia;
cocacolahbc;166;1;Bankia;Bankia;
cocacolahbc;167;1;Bankia;Bankia;
cocacolahbc;168;1;Bankia;Bankia;
cocacolahbc;169;1;Bankia;Bankia;
cocacolahbc;170;1;Bankia;Bankia;
cocacolahbc;171;1;Bankia;Bankia;
cocacolahbc;172;1;Bankia;Bankia;
cocacolahbc;173;1;Bankia;Bankia;
cocacolahbc;174;1;Bankia;Bankia;
cocacolahbc;175;1;Bankia;Bankia;
cocacolahbc;176;1;Bankia;Bankia;
cocacolahbc;177;1;Bankia;Bankia;
cocacolahbc;178;1;Bankia;Bankia;
cocacolahbc;179;1;Bankia;Bankia;
cocacolahbc;180;1;Bankia;Bankia;
cocacolahbc;181;1;Kostinbrod;Kostinbrod;
cocacolahbc;184;1;Kostinbrod;Kostinbrod;
cocacolahbc;185;1;Kostinbrod;Kostinbrod;
cocacolahbc;186;1;Kostinbrod;Kostinbrod;
cocacolahbc;189;1;Kostinbrod;Kostinbrod;
cocacolahbc;194;1;Kostinbrod;Kostinbrod;
cocacolahbc;196;1;Kostinbrod;Kostinbrod;
cocacolahbc;198;1;Kostinbrod;Kostinbrod;
cocacolahbc;200;1;Kostinbrod;Kostinbrod;
cocacolahbc;202;1;Kostinbrod;Kostinbrod;
cocacolahbc;205;1;Kostinbrod;Kostinbrod;
cocacolahbc;206;1;Kostinbrod;Kostinbrod;
cocacolahbc;207;1;Kostinbrod;Kostinbrod;
cocacolahbc;208;1;Kostinbrod;Kostinbrod;
cocacolahbc;212;1;Kostinbrod;Kostinbrod;
cocacolahbc;213;1;Kostinbrod;Kostinbrod;
cocacolahbc;214;1;Kostinbrod;Kostinbrod;
cocacolahbc;219;1;Kostinbrod;Kostinbrod;
cocacolahbc;220;1;Kostinbrod;Kostinbrod;
cocacolahbc;221;1;Kostinbrod;Kostinbrod;
cocacolahbc;226;1;Kostinbrod;Kostinbrod;
cocacolahbc;230;1;Kostinbrod;Kostinbrod;
cocacolahbc;231;1;Kostinbrod;Kostinbrod;
cocacolahbc;232;1;Kostinbrod;Kostinbrod;
cocacolahbc;236;1;Kostinbrod;Kostinbrod;
cocacolahbc;237;1;Kostinbrod;Kostinbrod;
cocacolahbc;241;1;Kostinbrod;Kostinbrod;
cocacolahbc;242;1;Kostinbrod;Kostinbrod;
cocacolahbc;243;1;Kostinbrod;Kostinbrod;
cocacolahbc;246;1;Kostinbrod;Kostinbrod;
cocacolahbc;250;1;Kostinbrod;Kostinbrod;
cocacolahbc;251;1;Kostinbrod;Kostinbrod;
cocacolahbc;252;1;Kostinbrod;Kostinbrod;
cocacolahbc;253;1;Kostinbrod;Kostinbrod;
cocacolahbc;256;1;Kostinbrod;Kostinbrod;
cocacolahbc;258;1;Kostinbrod;Kostinbrod;
cocacolahbc;259;1;Kostinbrod;Kostinbrod;
cocacolahbc;261;1;Kostinbrod;Kostinbrod;
cocacolahbc;262;1;Sarajevo;Sarajevo;
cocacolahbc;263;1;Sarajevo;Sarajevo;
cocacolahbc;264;1;Sarajevo;Sarajevo;
cocacolahbc;265;1;Sarajevo;Sarajevo;
cocacolahbc;266;1;Sarajevo;Sarajevo;
cocacolahbc;267;1;Sarajevo;Sarajevo;
cocacolahbc;268;1;Sarajevo;Sarajevo;
cocacolahbc;269;1;Sarajevo;Sarajevo;
cocacolahbc;270;1;Sarajevo;Sarajevo;
cocacolahbc;271;1;Sarajevo;Sarajevo;
cocacolahbc;272;1;Sarajevo;Sarajevo;
polyplast;1;1;Default;Default;
polyplast;2;1;Default;Default;
polyplast;3;1;Default;Default;
polyplast;4;1;Default;Default;
earthpac;1;1;Default;Default;
earthpac;2;1;Default;Default;
earthpac;3;1;Default;Default;
earthpac;4;1;Default;Default;
earthpac;5;1;Default;Default;
earthpac;6;1;Default;Default;
earthpac;7;1;Default;Default;
earthpac;8;1;Default;Default;
earthpac;9;1;Default;Default;
earthpac;10;1;Default;Default;
earthpac;11;1;Default;Default;
earthpac;12;1;Default;Default;
earthpac;13;1;Default;Default;
earthpac;14;1;Default;Default;
earthpac;15;1;Default;Default;
earthpac;16;1;Default;Default;
earthpac;17;1;Default;Default;
ibccocacola;4;1;IBC Congo;IBC Congo;
ibccocacola;5;1;IBC Congo;IBC Congo;
ibccocacola;18;1;IBC Congo;IBC Congo;
ibccocacola;19;1;IBC Congo;IBC Congo;
ibccocacola;20;1;IBC Congo;IBC Congo;
ibccocacola;21;1;IBC Congo;IBC Congo;
ibccocacola;22;1;IBC Congo;IBC Congo;
ibccocacola;23;1;IBC Congo;IBC Congo;
ibccocacola;54;1;IBC Congo;IBC Congo;
varasaeveski;1;1;Varasaeveski;Varasaeveski;
varasaeveski;2;1;Varasaeveski;Varasaeveski;
varasaeveski;3;1;Varasaeveski;Varasaeveski;
varasaeveski;4;1;Varasaeveski;Varasaeveski;
varasaeveski;6;1;Varasaeveski;Varasaeveski;
varasaeveski;7;1;Varasaeveski;Varasaeveski;
varasaeveski;8;1;Varasaeveski;Varasaeveski;
varasaeveski;9;1;Varasaeveski;Varasaeveski;
varasaeveski;10;1;Varasaeveski;Varasaeveski;
varasaeveski;11;1;Varasaeveski;Varasaeveski;
varasaeveski;12;1;Varasaeveski;Varasaeveski;
varasaeveski;13;1;Varasaeveski;Varasaeveski;
varasaeveski;14;1;Varasaeveski;Varasaeveski;
varasaeveski;15;1;Varasaeveski;Varasaeveski;
varasaeveski;16;1;Varasaeveski;Varasaeveski;
viiratsi;1;1;Viiratsi;Viiratsi;
viiratsi;2;1;Viiratsi;Viiratsi;
viiratsi;3;1;Viiratsi;Viiratsi;
viiratsi;4;1;Viiratsi;Viiratsi;
viiratsi;5;1;Viiratsi;Viiratsi;
viiratsi;6;1;Viiratsi;Viiratsi;
viiratsi;7;1;Viiratsi;Viiratsi;
viiratsi;8;1;Viiratsi;Viiratsi;
viiratsi;9;1;Viru-Nigula;Viru-Nigula;
viiratsi;10;1;Viru-Nigula;Viru-Nigula;
viiratsi;11;1;Aegviidu;Aegviidu;
viiratsi;12;1;Aegviidu;Aegviidu;
viiratsi;13;1;Viiratsi;Viiratsi;
viiratsi;14;1;Viiratsi;Viiratsi;
viiratsi;15;1;Viiratsi;Viiratsi;
viiratsi;16;1;Viiratsi;Viiratsi;
viiratsi;17;1;Viiratsi;Viiratsi;
viiratsi;18;1;Viru-Nigula;Viru-Nigula;
viiratsi;19;1;Viiratsi;Viiratsi;
viiratsi;20;1;Viiratsi;Viiratsi;
viiratsi;22;1;Viiratsi;Viiratsi;
viiratsi;23;1;Viiratsi;Viiratsi;
viiratsi;24;1;Viiratsi;Viiratsi;
viiratsi;25;1;Viiratsi;Viiratsi;
viiratsi;26;1;Viiratsi;Viiratsi;
viiratsi;27;1;Viiratsi;Viiratsi;
viiratsi;28;1;Viiratsi;Viiratsi;
viiratsi;29;1;Viiratsi;Viiratsi;
viiratsi;30;1;Viru-Nigula;Viru-Nigula;
viiratsi;31;1;Viru-Nigula;Viru-Nigula;
viiratsi;32;1;Viru-Nigula;Viru-Nigula;
viiratsi;34;1;Viru-Nigula;Viru-Nigula;
viiratsi;35;1;Viru-Nigula;Viru-Nigula;
viiratsi;36;1;Viru-Nigula;Viru-Nigula;
viiratsi;37;1;Viru-Nigula;Viru-Nigula;
viiratsi;38;1;Viru-Nigula;Viru-Nigula;
viiratsi;39;1;Viru-Nigula;Viru-Nigula;
viiratsi;40;1;Viru-Nigula;Viru-Nigula;
viiratsi;41;1;Viiratsi;Viiratsi;
viiratsi;42;1;Viiratsi;Viiratsi;
viiratsi;46;1;Aegviidu;Aegviidu;
viiratsi;47;1;Aegviidu;Aegviidu;
viiratsi;48;1;Aegviidu;Aegviidu;
viiratsi;49;1;Aegviidu;Aegviidu;
viiratsi;50;1;Aegviidu;Aegviidu;
viiratsi;51;1;Aegviidu;Aegviidu;
viiratsi;52;1;Aegviidu;Aegviidu;
viiratsi;53;1;Viiratsi;Viiratsi;
viiratsi;54;1;Viiratsi;Viiratsi;
viiratsi;55;1;Viiratsi;Viiratsi;
kernowcoatings;1;1;Kernowcoatings;Kernowcoatings;
kernowcoatings;2;1;Kernowcoatings;Kernowcoatings;
kernowcoatings;3;1;Kernowcoatings;Kernowcoatings;
kernowcoatings;4;1;Kernowcoatings;Kernowcoatings;
hpw;1;1;Hpw;Hpw;
hpw;2;1;Hpw;Hpw;
hpw;3;1;Hpw;Hpw;
hpw;4;1;Hpw;Hpw;
hpw;5;1;Hpw;Hpw;
hpw;6;1;Hpw;Hpw;
hpw;7;1;Hpw;Hpw;
natsu;1;1;Natsu;Natsu;
natsu;2;1;Natsu;Natsu;
natsu;5;1;Natsu;Natsu;
natsu;16;1;Natsu;Natsu;
natsu;19;1;Natsu;Natsu;
natsu;21;1;Natsu;Natsu;
natsu;22;1;Natsu;Natsu;
natsu;23;1;Natsu;Natsu;
natsu;24;1;Natsu;Natsu;
natsu;25;1;Natsu;Natsu;
natsu;26;1;Natsu;Natsu;
natsu;29;1;Natsu;Natsu;
natsu;30;1;Natsu;Natsu;
natsu;31;1;Natsu;Natsu;
natsu;32;1;Natsu;Natsu;
natsu;33;1;Natsu;Natsu;
cocacolamaroc;1;1;Marrakesh;Marrakesh;
cocacolamaroc;2;1;TCCBCG;TCCBCG;
cocacolamaroc;3;1;Marrakesh;Marrakesh;
cocacolamaroc;4;1;Marrakesh;Marrakesh;
cocacolamaroc;5;1;Marrakesh;Marrakesh;
cocacolamaroc;6;1;Marrakesh;Marrakesh;
cocacolamaroc;9;1;TCCBCG;TCCBCG;
cocacolamaroc;10;1;TCCBCG;TCCBCG;
cocacolamaroc;11;1;TCCBCG;TCCBCG;
cocacolamaroc;12;1;TCCBCG;TCCBCG;
cocacolamaroc;13;1;TCCBCG;TCCBCG;
cocacolamaroc;14;1;TCCBCG;TCCBCG;
cocacolamaroc;15;1;Cape Verde;Cape Verde;
cocacolamaroc;16;1;Cape Verde;Cape Verde;
cocacolamaroc;17;1;Cape Verde;Cape Verde;
cocacolamaroc;18;1;Cape Verde;Cape Verde;
cocacolamaroc;25;1;Cape Verde;Cape Verde;
cocacolamaroc;26;1;Marrakesh;Marrakesh;
cocacolamaroc;27;1;Marrakesh;Marrakesh;
cocacolamaroc;28;1;Marrakesh;Marrakesh;
cocacolamaroc;29;1;Guinea Conakry;Guinea Conakry;
cocacolamaroc;30;1;Guinea Conakry;Guinea Conakry;
cocacolamaroc;31;1;Guinea Conakry;Guinea Conakry;
cocacolamaroc;32;1;Guinea Conakry;Guinea Conakry;
cocacolamaroc;33;1;Guinea Conakry;Guinea Conakry;
cocacolamaroc;34;1;Guinea Conakry;Guinea Conakry;
cocacolamaroc;35;1;Marrakesh;Marrakesh;
cocacolamaroc;36;1;Marrakesh;Marrakesh;
cocacolamaroc;37;1;Marrakesh;Marrakesh;
cocacolamaroc;38;1;Marrakesh;Marrakesh;
cocacolamaroc;39;1;Marrakesh;Marrakesh;
cocacolamaroc;43;1;Marrakesh;Marrakesh;
cocacolamaroc;44;1;Marrakesh;Marrakesh;
cocacolamaroc;46;1;Marrakesh;Marrakesh;
cocacolamaroc;48;1;Marrakesh;Marrakesh;
cocacolamaroc;50;1;Tanger;Tanger;
cocacolamaroc;51;1;Tanger;Tanger;
cocacolamaroc;52;1;Tanger;Tanger;
cocacolamaroc;53;1;Tanger;Tanger;
cocacolamaroc;54;1;Tanger;Tanger;
cocacolamaroc;61;1;TCCBCG;TCCBCG;
cocacolamaroc;62;1;TCCBCG;TCCBCG;
cocacolamaroc;64;1;Oujda;Oujda;
cocacolamaroc;65;1;FRUITAL;FRUITAL;
cocacolamaroc;68;1;FRUITAL;FRUITAL;
cocacolamaroc;70;1;FRUITAL;FRUITAL;
cocacolamaroc;71;1;FRUITAL;FRUITAL;
cocacolamaroc;72;1;FRUITAL;FRUITAL;
cocacolamaroc;73;1;FRUITAL;FRUITAL;
cocacolamaroc;74;1;FRUITAL;FRUITAL;
cocacolamaroc;76;1;FRUITAL;FRUITAL;
cocacolamaroc;78;1;FRUITAL;FRUITAL;
cocacolamaroc;79;1;FRUITAL;FRUITAL;
cocacolamaroc;80;1;FRUITAL;FRUITAL;
cocacolamaroc;84;1;FRUITAL;FRUITAL;
cocacolamaroc;85;1;FRUITAL;FRUITAL;
cocacolamaroc;86;1;FRUITAL;FRUITAL;
cocacolamaroc;88;1;TCCBCG;TCCBCG;
cocacolamaroc;89;1;FRUITAL;FRUITAL;
cocacolamaroc;90;1;FRUITAL;FRUITAL;
cocacolamaroc;91;1;FRUITAL;FRUITAL;
cocacolamaroc;92;1;FRUITAL;FRUITAL;
cocacolamaroc;93;1;FRUITAL;FRUITAL;
cocacolamaroc;94;1;Oujda;Oujda;
cocacolamaroc;95;1;Oujda;Oujda;
cocacolamaroc;96;1;Oujda;Oujda;
cocacolamaroc;97;1;Oujda;Oujda;
cocacolamaroc;98;1;Oujda;Oujda;
cocacolamaroc;99;1;FRUITAL;FRUITAL;
cocacolamaroc;101;1;SBC;SBC;
cocacolamaroc;102;1;SBC;SBC;
cocacolamaroc;103;1;SBC;SBC;
cocacolamaroc;104;1;SBC;SBC;
cocacolamaroc;105;1;SBC;SBC;
cocacolamaroc;106;1;SBC;SBC;
cocacolamaroc;107;1;SBC;SBC;
cocacolamaroc;108;1;SBC;SBC;
cocacolamaroc;109;1;SBC;SBC;
cocacolamaroc;110;1;SBC;SBC;
cocacolamaroc;111;1;SBC;SBC;
cocacolamaroc;112;1;SBOA;SBOA;
cocacolamaroc;113;1;SBOA;SBOA;
cocacolamaroc;114;1;SBOA;SBOA;
cocacolamaroc;115;1;SBOA;SBOA;
cocacolamaroc;116;1;SBOA;SBOA;
cocacolamaroc;118;1;SBOA;SBOA;
cocacolamaroc;119;1;SBOA;SBOA;
cocacolamaroc;120;1;SBOA;SBOA;
cocacolamaroc;121;1;SBOA;SBOA;
cocacolamaroc;122;1;Cape Verde;Cape Verde;
cocacolamaroc;123;1;Cape Verde;Cape Verde;
cocacolamaroc;125;1;COBOMI;COBOMI;
cocacolamaroc;126;1;COBOMI;COBOMI;
cocacolamaroc;127;1;COBOMI;COBOMI;
cocacolamaroc;128;1;COBOMI;COBOMI;
cocacolamaroc;129;1;COBOMI;COBOMI;
cocacolamaroc;130;1;COBOMI;COBOMI;
cocacolamaroc;131;1;COBOMI;COBOMI;
cocacolamaroc;132;1;COBOMI;COBOMI;
cocacolamaroc;134;1;COBOMI;COBOMI;
cocacolamaroc;138;1;Marrakesh;Marrakesh;
cocacolamaroc;140;1;Marrakesh;Marrakesh;
cocacolamaroc;141;1;Marrakesh;Marrakesh;
cocacolamaroc;142;1;SBC;SBC;
cocacolamaroc;143;1;SBC;SBC;
cocacolamaroc;144;1;SBC;SBC;
cocacolamaroc;145;1;SBC;SBC;
cocacolamaroc;146;1;SBC;SBC;
cocacolamaroc;147;1;SBC;SBC;
cocacolamaroc;148;1;COBOMI;COBOMI;
cocacolamaroc;149;1;Tanger;Tanger;
cocacolamaroc;150;1;COBOMI;COBOMI;
cocacolamaroc;151;1;COBOMI;COBOMI;
cocacolamaroc;152;1;COBOMI;COBOMI;
cocacolamaroc;153;1;COBOMI;COBOMI;
cocacolamaroc;155;1;Marrakesh;Marrakesh;
cocacolamaroc;160;1;SBOA;SBOA;
cocacolamaroc;161;1;SBOA;SBOA;
cocacolamaroc;162;1;SBOA;SBOA;
cocacolamaroc;163;1;SBOA;SBOA;
cocacolamaroc;164;1;SBOA;SBOA;
cocacolamaroc;165;1;COBOMI;COBOMI;
cocacolamaroc;167;1;FRUITAL;FRUITAL;
cocacolamaroc;168;1;Medie;Medie;
cocacolamaroc;169;1;Medie;Medie;
cocacolamaroc;170;1;Medie;Medie;
cocacolamaroc;171;1;Medie;Medie;
cocacolamaroc;172;1;Medie;Medie;
cocacolamaroc;173;1;Akwadum;Akwadum;
cocacolamaroc;174;1;Akwadum;Akwadum;
cocacolamaroc;175;1;Akwadum;Akwadum;
cocacolamaroc;176;1;Akwadum;Akwadum;
cocacolamaroc;177;1;Medie;Medie;
cocacolamaroc;178;1;Tanger;Tanger;
cocacolamaroc;179;1;TCCBCG;TCCBCG;
cocacolamaroc;180;0;;;no stations, no factory - needs a decision
cocacolamaroc;181;1;COBOMI;COBOMI;
cocacolamaroc;182;1;COBOMI;COBOMI;
cocacolamaroc;183;1;COBOMI;COBOMI;
cocacolamaroc;184;1;COBOMI;COBOMI;
cocacolamaroc;185;1;COBOMI;COBOMI;
cocacolamaroc;186;1;COBOMI;COBOMI;
cocacolamaroc;187;1;TCCBCG;TCCBCG;
cocacolamaroc;188;1;TCCBCG;TCCBCG;
cocacolamaroc;189;1;TCCBCG;TCCBCG;
cocacolamaroc;191;1;Cape Verde;Cape Verde;
cocacolamaroc;192;1;COBOMI;COBOMI;
cocacolamaroc;193;1;COBOMI;COBOMI;
cocacolamaroc;194;1;COBOMI;COBOMI;
cocacolamaroc;195;1;COBOMI;COBOMI;
cocacolamaroc;198;1;COBOMI;COBOMI;
cocacolamaroc;199;1;COBOMI;COBOMI;
cocacolamaroc;200;1;COBOMI;COBOMI;
cocacolamaroc;201;1;Marrakesh;Marrakesh;
cocacolamaroc;202;1;Marrakesh;Marrakesh;
cocacolamaroc;203;1;Marrakesh;Marrakesh;
cocacolamaroc;204;1;Tanger;Tanger;
cocacolamaroc;205;1;COBOMI;COBOMI;
cocacolamaroc;207;1;Cape Verde;Cape Verde;
cocacolamaroc;208;1;Cape Verde;Cape Verde;
wipak;1;1;Nastola;Nastola;
wipak;2;1;Nastola;Nastola;
wipak;3;1;Nastola;Nastola;
wipak;4;1;Nastola;Nastola;
wipak;5;1;Nastola;Nastola;
wipak;6;1;Nastola;Nastola;
wipak;7;1;Nastola;Nastola;
wipak;8;1;Nastola;Nastola;
wipak;11;1;Valkeakoski;Valkeakoski;
wipak;12;1;Valkeakoski;Valkeakoski;
wipak;13;1;Valkeakoski;Valkeakoski;
wipak;14;1;Valkeakoski;Valkeakoski;
wipak;15;1;Valkeakoski;Valkeakoski;
wipak;17;1;Nastola;Nastola;
wipak;18;1;Nastola;Nastola;
wipak;19;1;Nastola;Nastola;
wipak;20;1;Nastola;Nastola;
wipak;21;1;Nastola;Nastola;
wipak;22;1;Nastola;Nastola;
wipak;23;1;Nastola;Nastola;
wipak;24;1;Nastola;Nastola;
wipak;25;1;Nastola;Nastola;
wipak;26;1;Nastola;Nastola;
wipak;27;1;Nastola;Nastola;
wipak;28;1;Nastola;Nastola;
wipak;29;1;Nastola;Nastola;
wipak;30;1;Nastola;Nastola;
wipak;32;1;Nastola;Nastola;
wipak;33;1;Nastola;Nastola;
wipak;34;1;Nastola;Nastola;
wipak;35;1;Nastola;Nastola;
wipak;36;1;Nastola;Nastola;
wipak;37;1;Nastola;Nastola;
wipak;38;1;Nastola;Nastola;
wipak;39;1;Nastola;Nastola;
wipak;40;1;Nastola;Nastola;
wipak;41;1;Nastola;Nastola;
wipak;42;1;Nastola;Nastola;
wipak;43;1;Nastola;Nastola;
wipak;44;1;Nastola;Nastola;
wipak;45;1;Nastola;Nastola;
wipak;46;1;Nastola;Nastola;
wipak;47;1;Nastola;Nastola;
wipak;48;1;Nastola;Nastola;
wipak;49;1;Nastola;Nastola;
wipak;51;1;Nastola;Nastola;
wipak;53;1;Nastola;Nastola;
wipak;54;1;Nastola;Nastola;
wipak;55;1;Nastola;Nastola;
wipak;56;1;Nastola;Nastola;
wipak;57;1;Nastola;Nastola;
wipak;58;1;Nastola;Nastola;
wipak;59;1;Nastola;Nastola;
wipak;60;1;Nastola;Nastola;
wipak;61;1;Nastola;Nastola;
wipak;62;1;Nastola;Nastola;
wipak;63;1;Nastola;Nastola;
wipak;64;1;Nastola;Nastola;
wipak;65;1;Nastola;Nastola;
wipak;66;1;Nastola;Nastola;
wipak;67;1;Nastola;Nastola;
wipak;68;1;Nastola;Nastola;
wipak;69;1;Nastola;Nastola;
wipak;70;1;Nastola;Nastola;
wipak;71;1;Nastola;Nastola;
wipak;72;1;Nastola;Nastola;
wipak;73;1;Nastola;Nastola;
wipak;74;1;Nastola;Nastola;
wipak;75;1;Nastola;Nastola;
wipak;76;1;Nastola;Nastola;
wipak;78;1;Nastola;Nastola;
wipak;79;1;Nastola;Nastola;
wipak;80;1;Nastola;Nastola;
wipak;81;1;Nastola;Nastola;
wipak;82;1;Nastola;Nastola;
wipak;83;1;Nastola;Nastola;
wipak;84;1;Nastola;Nastola;
wipak;85;1;Nastola;Nastola;
wipak;87;1;Nastola;Nastola;
wipak;88;1;Nastola;Nastola;
wipak;89;1;Nastola;Nastola;
wipak;90;1;Nastola;Nastola;
wipak;91;1;Nastola;Nastola;
wipak;92;1;Nastola;Nastola;
wipak;93;1;Nastola;Nastola;
wipak;94;1;Nastola;Nastola;
wipak;97;1;Nastola;Nastola;
wipak;98;1;Nastola;Nastola;
wipak;99;1;Nastola;Nastola;
wipak;100;1;Nastola;Nastola;
wipak;101;1;Nastola;Nastola;
wipak;102;1;Nastola;Nastola;
wipak;103;1;Nastola;Nastola;
wipak;104;1;Nastola;Nastola;
wipak;105;1;Nastola;Nastola;
wipak;108;1;Nastola;Nastola;
wipak;109;1;Nastola;Nastola;
wipak;110;1;Nastola;Nastola;
wipak;111;1;Nastola;Nastola;
wipak;112;1;Nastola;Nastola;
wipak;113;1;Nastola;Nastola;
wipak;114;1;Nastola;Nastola;
wipak;115;1;Nastola;Nastola;
wipak;116;1;Nastola;Nastola;
wipak;117;1;Nastola;Nastola;
wipak;118;1;Nastola;Nastola;
abegoaria;1;1;Granja - Abegoaria;Granja - Abegoaria;
abegoaria;2;1;Granja - Abegoaria;Granja - Abegoaria;
abegoaria;3;1;Granja - Abegoaria;Granja - Abegoaria;
acquaamata;1;1;Default;Default;
acquaamata;2;1;Default;Default;
acquaamata;3;1;Default;Default;
acquaamata;4;1;Default;Default;
acquaamata;5;1;Default;Default;
acquaamata;6;1;Default;Default;
thetford;1;1;Default;Default;
thetford;2;1;Default;Default;
thetford;3;1;Default;Default;
thetford;4;1;Default;Default;
thetford;5;1;Default;Default;
thetford;6;1;Default;Default;
thetford;7;1;Default;Default;
thetford;8;1;Default;Default;
thetford;9;1;Default;Default;
thetford;10;1;Default;Default;
thetford;11;1;Default;Default;
thetford;12;1;Default;Default;
thetford;13;1;Default;Default;
thetford;14;1;Default;Default;
thetford;15;1;Default;Default;
winestone;1;1;Winestone;Winestone;
winestone;2;1;Winestone;Winestone;
winestone;3;1;Winestone;Winestone;
aptiv;2;1;Saltillo;Saltillo;
aptiv;3;1;Saltillo;Saltillo;
aptiv;4;1;Saltillo;Saltillo;
aptiv;5;1;Saltillo;Saltillo;
aptiv;6;1;Saltillo;Saltillo;
aptiv;7;1;Saltillo;Saltillo;
aptiv;8;1;Saltillo;Saltillo;
aptiv;9;1;Saltillo;Saltillo;
aptiv;10;1;Saltillo;Saltillo;
aptiv;11;1;Saltillo;Saltillo;
aptiv;12;1;Saltillo;Saltillo;
aptiv;13;1;Saltillo;Saltillo;
aptiv;14;1;Saltillo;Saltillo;
aptiv;15;1;Saltillo;Saltillo;
aptiv;16;1;Saltillo;Saltillo;
aptiv;17;1;Saltillo;Saltillo;
aptiv;18;1;Saltillo;Saltillo;
aptiv;19;1;Saltillo;Saltillo;
aptiv;20;1;Saltillo;Saltillo;
aptiv;21;1;Saltillo;Saltillo;
aptiv;22;1;Saltillo;Saltillo;
aptiv;23;1;Saltillo;Saltillo;
aptiv;24;1;Saltillo;Saltillo;
aptiv;25;1;Saltillo;Saltillo;
aptiv;26;1;Saltillo;Saltillo;
aptiv;27;1;Saltillo;Saltillo;
aptiv;28;1;Saltillo;Saltillo;
aptiv;29;1;Saltillo;Saltillo;
aptiv;30;1;Saltillo;Saltillo;
aptiv;31;1;Saltillo;Saltillo;
aptiv;32;1;Saltillo;Saltillo;
aptiv;33;1;Saltillo;Saltillo;
aptiv;34;1;Saltillo;Saltillo;
aptiv;35;1;Saltillo;Saltillo;
aptiv;36;1;Saltillo;Saltillo;
aptiv;37;1;Saltillo;Saltillo;
aptiv;38;1;Saltillo;Saltillo;
aptiv;39;1;Saltillo;Saltillo;
aptiv;40;1;Saltillo;Saltillo;
aptiv;41;1;Saltillo;Saltillo;
aptiv;42;1;Saltillo;Saltillo;
aptiv;43;1;Saltillo;Saltillo;
aptiv;44;1;Saltillo;Saltillo;
aptiv;45;1;Saltillo;Saltillo;
aptiv;46;1;Saltillo;Saltillo;
aptiv;47;1;Saltillo;Saltillo;
unisol;1;1;Unisol;Unisol;
unisol;2;1;Unisol;Unisol;
unisol;3;1;Unisol;Unisol;
unisol;4;1;Unisol;Unisol;
unisol;5;1;Unisol;Unisol;
unisol;6;1;Unisol;Unisol;
unisol;8;1;Unisol;Unisol;
unisol;9;1;Unisol;Unisol;
unisol;11;1;Unisol;Unisol;
unisol;14;1;Unisol;Unisol;
unisol;15;1;Unisol;Unisol;
unisol;16;1;Unisol;Unisol;
unisol;17;1;Unisol;Unisol;
unisol;18;1;Unisol;Unisol;
unisol;19;1;Unisol;Unisol;
unisol;20;1;Unisol;Unisol;
unisol;21;1;Unisol;Unisol;
carthago;1;1;Carthago;Carthago;
carthago;2;1;Carthago;Carthago;
carthago;3;1;Carthago;Carthago;
carthago;4;1;Carthago;Carthago;
carthago;5;1;Carthago;Carthago;
carthago;6;1;Carthago;Carthago;
carthago;7;1;Carthago;Carthago;
carthago;8;1;Carthago;Carthago;
carthago;9;1;Carthago;Carthago;
carthago;10;1;Carthago;Carthago;
carthago;11;1;Carthago;Carthago;
carthago;12;1;Carthago;Carthago;
carthago;13;1;Carthago;Carthago;
carthago;14;1;Carthago;Carthago;
carthago;15;1;Carthago;Carthago;
carthago;16;1;Carthago;Carthago;
carthago;17;1;Carthago;Carthago;
lpc;9;1;Default;Default;
lpc;10;1;Default;Default;
lpc;11;1;Default;Default;
lpc;12;1;Default;Default;
lpc;13;1;Default;Default;
lpc;14;1;Default;Default;
lpc;15;1;Default;Default;
lpc;16;1;Default;Default;
zagori;16;1;Default;Default;
zagori;19;1;Default;Default;
zagori;21;1;Default;Default;
zagori;23;1;Default;Default;
zagori;24;1;Default;Default;
zagori;27;1;Default;Default;
zagori;28;1;Default;Default;
zagori;30;1;Default;Default;
zagori;31;1;Default;Default;
zagori;32;1;Default;Default;
zagori;33;1;Default;Default;
zagori;34;1;Default;Default;
zagori;35;1;Default;Default;
zagori;38;1;Default;Default;
zagori;39;1;Default;Default;
zagori;40;1;Default;Default;
zagori;41;1;Default;Default;
zagori;42;1;Default;Default;
zagori;47;1;Default;Default;
zagori;48;1;Default;Default;
zagori;49;1;Default;Default;
zagori;50;1;Default;Default;
zagori;51;1;Default;Default;
zagori;52;1;Default;Default;
zagori;53;1;Default;Default;
zagori;54;1;Default;Default;
zagori;55;1;Default;Default;
zagori;56;1;Default;Default;
zagori;57;1;Default;Default;
zagori;58;1;Default;Default;
zagori;59;1;Default;Default;
danfoss;2;1;SV;SV;
danfoss;3;1;SV;SV;
danfoss;7;1;SV;SV;
danfoss;8;1;SV;SV;
danfoss;9;1;SV;SV;
danfoss;10;1;SV;SV;
danfoss;12;1;SV;SV;
danfoss;13;1;SV;SV;
danfoss;14;1;SV;SV;
danfoss;15;1;SV;SV;
danfoss;16;1;SV;SV;
danfoss;17;1;SV;SV;
danfoss;18;1;SV;SV;
danfoss;19;1;SV;SV;
danfoss;20;1;SV;SV;
danfoss;21;1;SV;SV;
danfoss;22;1;SV;SV;
danfoss;23;1;SV;SV;
danfoss;24;1;Switches;Switches;
danfoss;25;1;Switches;Switches;
danfoss;26;1;Switches;Switches;
danfoss;27;1;Switches;Switches;
danfoss;28;1;Switches;Switches;
danfoss;29;1;Switches;Switches;
danfoss;30;1;Switches;Switches;
danfoss;31;1;Switches;Switches;
danfoss;32;1;Switches;Switches;
danfoss;33;1;Switches;Switches;
danfoss;34;1;Switches;Switches;
danfoss;35;1;Switches;Switches;
danfoss;36;1;Switches;Switches;
danfoss;37;1;Switches;Switches;
danfoss;38;1;Switches;Switches;
danfoss;39;1;Switches;Switches;
danfoss;40;1;SV;SV;
danfoss;41;1;SV;SV;
danfoss;42;1;Switches;Switches;
danfoss;43;1;Switches;Switches;
danfoss;44;1;Switches;Switches;
danfoss;45;1;Switches;Switches;
danfoss;46;1;Switches;Switches;
danfoss;47;1;Switches;Switches;
danfoss;48;1;Switches;Switches;
danfoss;49;1;Switches;Switches;
danfoss;50;1;Switches;Switches;
danfoss;51;1;Switches;Switches;
danfoss;52;1;Switches;Switches;
danfoss;53;1;Switches;Switches;
danfoss;54;1;Switches;Switches;
danfoss;55;1;Switches;Switches;
danfoss;56;1;Switches;Switches;
danfoss;57;1;Switches;Switches;
danfoss;58;1;Switches;Switches;
danfoss;59;1;Switches;Switches;
danfoss;60;1;Switches;Switches;
danfoss;61;1;Switches;Switches;
danfoss;62;1;IRF;IRF;
danfoss;63;1;IRF;IRF;
danfoss;64;1;IRF;IRF;
danfoss;65;1;IRF;IRF;
danfoss;66;1;IRF;IRF;
danfoss;67;1;IRF;IRF;
danfoss;69;1;Switches;Switches;
danfoss;70;1;Switches;Switches;
danfoss;71;1;Switches;Switches;
danfoss;72;1;Switches;Switches;
danfoss;73;1;SV;SV;
danfoss;74;1;Switches;Switches;
danfoss;75;1;IRF;IRF;
danfoss;76;1;IRF;IRF;
danfoss;77;1;IRF;IRF;
danfoss;78;1;IRF;IRF;
danfoss;79;1;IRF;IRF;
danfoss;80;1;IRF;IRF;
danfoss;81;1;IRF;IRF;
danfoss;82;1;IRF;IRF;
danfoss;83;1;IRF;IRF;
danfoss;84;1;IRF;IRF;
danfoss;85;1;IRF;IRF;
danfoss;86;1;IRF;IRF;
danfoss;87;1;IRF;IRF;
danfoss;88;1;IRF;IRF;
danfoss;89;1;IRF;IRF;
danfoss;90;1;IRF;IRF;
danfoss;91;1;IRF;IRF;
danfoss;92;1;IRF;IRF;
danfoss;93;1;IRF;IRF;
danfoss;94;1;IRF;IRF;
danfoss;95;1;IRF;IRF;
danfoss;96;1;IRF;IRF;
danfoss;97;1;IRF;IRF;
danfoss;98;1;IRF;IRF;
danfoss;99;1;IRF;IRF;
danfoss;100;1;IRF;IRF;
danfoss;101;1;IRF;IRF;
danfoss;102;1;IRF;IRF;
danfoss;103;1;IRF;IRF;
danfoss;104;1;IRF;IRF;
danfoss;105;1;IRF;IRF;
danfoss;106;1;IRF;IRF;
danfoss;107;1;IRF;IRF;
danfoss;108;1;IRF;IRF;
danfoss;109;1;IRF;IRF;
danfoss;110;1;IRF;IRF;
danfoss;111;1;IRF;IRF;
danfoss;112;1;IRF;IRF;
danfoss;113;1;IRF;IRF;
danfoss;114;1;IRF;IRF;
danfoss;115;1;IRF;IRF;
danfoss;116;1;IRF;IRF;
danfoss;117;1;IRF;IRF;
danfoss;120;1;SV;SV;
danfoss;122;1;IRF;IRF;
danfoss;123;1;IRF;IRF;
danfoss;124;1;IRF;IRF;
danfoss;125;1;IRF;IRF;
danfoss;126;1;SV;SV;
danfoss;127;1;Switches;Switches;
danfoss;128;1;IRF;IRF;
danfoss;129;1;IRF;IRF;
danfoss;130;1;IRF;IRF;
danfoss;133;1;IRF;IRF;
danfoss;134;1;SV;SV;
danfoss;135;1;Switches;Switches;
danfoss;136;1;Switches;Switches;
danfoss;137;1;Switches;Switches;
danfoss;142;1;Switches;Switches;
danfoss;143;1;IRF;IRF;
danfoss;144;1;IRF;IRF;
danfoss;145;1;Switches;Switches;
danfoss;146;1;Switches;Switches;
danfoss;147;1;SV;SV;
danfoss;148;1;SV;SV;
danfoss;149;1;SV;SV;
danfoss;150;1;SV;SV;
danfoss;151;1;SV;SV;
danfoss;152;1;SV;SV;
danfoss;153;1;SV;SV;
danfoss;154;1;SV;SV;
danfoss;155;1;SV;SV;
danfoss;156;1;SV;SV;
danfoss;157;1;SV;SV;
danfoss;158;1;SV;SV;
danfoss;159;1;SV;SV;
danfoss;160;1;SV;SV;
danfoss;161;1;SV;SV;
danfoss;162;1;SV;SV;
danfoss;163;1;SV;SV;
danfoss;164;1;SV;SV;
danfoss;165;1;IRF;IRF;
danfoss;166;1;SV;SV;
danfoss;171;1;Switches;Switches;
danfoss;172;1;IRF;IRF;
danfoss;173;1;Switches;Switches;
danfoss;174;1;Switches;Switches;
danfoss;175;1;IRF;IRF;
danfoss;176;1;IRF;IRF;
danfoss;177;1;IRF;IRF;
danfoss;178;1;IRF;IRF;
danfoss;179;1;IRF;IRF;
danfoss;180;1;IRF;IRF;
danfoss;181;1;IRF;IRF;
danfoss;182;1;IRF;IRF;
danfoss;183;1;IRF;IRF;
danfoss;184;1;IRF;IRF;
danfoss;185;1;IRF;IRF;
danfoss;186;1;IRF;IRF;
danfoss;187;1;IRF;IRF;
danfoss;188;1;IRF;IRF;
danfoss;189;1;IRF;IRF;
danfoss;190;1;IRF;IRF;
danfoss;191;1;IRF;IRF;
danfoss;192;1;Switches;Switches;
danfoss;193;1;Switches;Switches;
vital;1;1;Vital;Vital;
vital;2;1;Vital;Vital;
vital;3;1;Vital;Vital;
vital;4;1;Vital;Vital;
vital;5;1;Vital;Vital;
bateriastudor;2;1;Bateriastudor;Bateriastudor;
bateriastudor;3;1;Bateriastudor;Bateriastudor;
bateriastudor;4;1;Bateriastudor;Bateriastudor;
bateriastudor;6;1;Bateriastudor;Bateriastudor;
everesticecream;2;1;Everesticecream;Everesticecream;
everesticecream;3;1;Everesticecream;Everesticecream;
everesticecream;4;1;Everesticecream;Everesticecream;
everesticecream;5;1;Everesticecream;Everesticecream;
everesticecream;6;1;Everesticecream;Everesticecream;
everesticecream;7;1;Everesticecream;Everesticecream;
everesticecream;8;1;Everesticecream;Everesticecream;
everesticecream;9;1;Everesticecream;Everesticecream;
everesticecream;10;1;Everesticecream;Everesticecream;
everesticecream;11;1;Everesticecream;Everesticecream;
everesticecream;12;1;Everesticecream;Everesticecream;
everesticecream;13;1;Everesticecream;Everesticecream;
southmillpackaging;1;1;Southmillpackaging;Southmillpackaging;
weberholland;1;1;Netherlands;Netherlands;
weberholland;5;1;Netherlands;Netherlands;
weberholland;6;1;Netherlands;Netherlands;
weberholland;9;1;Netherlands;Netherlands;
weberholland;11;1;Netherlands;Netherlands;
weberholland;13;1;Netherlands;Netherlands;
weberholland;16;1;Netherlands;Netherlands;
weberholland;17;1;Netherlands;Netherlands;
weberholland;1001;1;Belgium;Belgium;
weberholland;1003;1;Belgium;Belgium;
weberholland;1004;1;Belgium;Belgium;
weberholland;1005;1;Belgium;Belgium;
weberholland;1012;1;Belgium;Belgium;
weberholland;1013;1;Netherlands;Netherlands;
weberholland;1014;1;Belgium;Belgium;
weberholland;1015;1;Belgium;Belgium;
weberholland;1016;1;Netherlands;Netherlands;
sbfoods;1;1;Lebanon;Lebanon;
sbfoods;2;1;Lebanon;Lebanon;
sbfoods;3;1;Lebanon;Lebanon;
creativecomposites;3;1;Creativecomposites;Creativecomposites;
creativecomposites;6;1;Creativecomposites;Creativecomposites;
creativecomposites;8;1;Creativecomposites;Creativecomposites;
creativecomposites;10;1;Creativecomposites;Creativecomposites;
alifrut;2;1;Rengo;Rengo;
alifrut;3;1;Rengo;Rengo;
alifrut;4;1;Rengo;Rengo;
alifrut;5;1;Rengo;Rengo;
alifrut;8;1;Rengo;Rengo;
alifrut;10;1;Rengo;Rengo;
alifrut;11;1;Rengo;Rengo;
alifrut;12;1;Rengo;Rengo;
alifrut;13;1;Rengo;Rengo;
alifrut;14;1;Rengo;Rengo;
alifrut;16;1;Rengo;Rengo;
alifrut;19;1;Rengo;Rengo;
alifrut;20;1;Rengo;Rengo;
alifrut;23;1;Rengo;Rengo;
alifrut;24;1;Rengo;Rengo;
alifrut;25;1;Rengo;Rengo;
alifrut;27;1;Rengo;Rengo;
alifrut;28;1;Rengo;Rengo;
alifrut;29;1;Rengo;Rengo;
alifrut;30;0;;;no stations, no factory - needs a decision
alifrut;31;0;;;no stations, no factory - needs a decision
alifrut;32;1;Rengo;Rengo;
alifrut;33;1;San Carlos;San Carlos;
alifrut;34;1;San Carlos;San Carlos;
alifrut;35;1;San Carlos;San Carlos;
alifrut;36;1;Rengo;Rengo;
alifrut;39;1;Rengo;Rengo;
alifrut;41;1;San Carlos;San Carlos;
alifrut;42;1;San Carlos;San Carlos;
alifrut;43;1;Rengo;Rengo;
toplabel;1;1;Default;Default;
toplabel;2;1;Default;Default;
toplabel;5;1;Default;Default;
toplabel;15;1;Default;Default;
toplabel;16;1;Default;Default;
toplabel;17;1;Default;Default;
toplabel;18;1;Default;Default;
toplabel;20;1;Default;Default;
corotop;1;1;Corotop;Corotop;
corotop;2;1;Corotop;Corotop;
rtu;1;1;Colinwell;Colinwell;
rtu;2;1;Colinwell;Colinwell;
rtu;3;1;Colinwell;Colinwell;
iitimber;1;1;Trafford Park;Trafford Park;
iitimber;2;1;Trafford Park;Trafford Park;
iitimber;4;1;Trafford Park;Trafford Park;
iitimber;5;1;Trafford Park;Trafford Park;
iitimber;6;1;Trafford Park;Trafford Park;
iitimber;8;1;Trafford Park;Trafford Park;
iitimber;9;1;Trafford Park;Trafford Park;
iitimber;10;1;Trafford Park;Trafford Park;
iitimber;11;1;Trafford Park;Trafford Park;
iitimber;12;1;Trafford Park;Trafford Park;
iitimber;13;1;Trafford Park;Trafford Park;
iitimber;14;1;Trafford Park;Trafford Park;
krikri;1;1;YOGURT;YOGURT;
krikri;2;0;;;no stations, no factory - needs a decision
krikri;3;1;YOGURT;YOGURT;
krikri;4;1;YOGURT;YOGURT;
krikri;5;1;YOGURT;YOGURT;
krikri;6;1;YOGURT;YOGURT;
krikri;7;1;YOGURT;YOGURT;
krikri;8;1;YOGURT;YOGURT;
krikri;9;1;YOGURT;YOGURT;
krikri;10;1;YOGURT;YOGURT;
krikri;11;1;YOGURT;YOGURT;
krikri;12;1;YOGURT;YOGURT;
krikri;13;1;YOGURT;YOGURT;
krikri;14;1;YOGURT;YOGURT;
krikri;17;1;YOGURT;YOGURT;
krikri;18;1;YOGURT;YOGURT;
krikri;19;1;YOGURT;YOGURT;
krikri;20;1;YOGURT;YOGURT;
krikri;28;1;YOGURT;YOGURT;
krikri;29;1;YOGURT;YOGURT;
krikri;30;1;YOGURT;YOGURT;
krikri;31;1;YOGURT;YOGURT;
krikri;32;1;YOGURT;YOGURT;
krikri;33;1;YOGURT;YOGURT;
krikri;34;1;YOGURT;YOGURT;
krikri;35;1;YOGURT;YOGURT;
krikri;36;1;YOGURT;YOGURT;
krikri;37;1;YOGURT;YOGURT;
krikri;38;1;YOGURT;YOGURT;
krikri;39;1;YOGURT;YOGURT;
krikri;40;1;YOGURT;YOGURT;
krikri;41;1;YOGURT;YOGURT;
krikri;42;1;YOGURT;YOGURT;
krikri;43;1;YOGURT;YOGURT;
krikri;44;1;YOGURT;YOGURT;
krikri;45;1;YOGURT;YOGURT;
krikri;46;1;YOGURT;YOGURT;
krikri;47;1;YOGURT;YOGURT;
krikri;48;1;YOGURT;YOGURT;
krikri;49;1;YOGURT;YOGURT;
krikri;50;1;YOGURT;YOGURT;
krikri;51;1;YOGURT;YOGURT;
krikri;52;1;YOGURT;YOGURT;
krikri;54;1;YOGURT;YOGURT;
krikri;55;1;YOGURT;YOGURT;
krikri;56;1;YOGURT;YOGURT;
krikri;57;1;YOGURT;YOGURT;
krikri;58;1;YOGURT;YOGURT;
krikri;59;1;YOGURT;YOGURT;
krikri;60;1;YOGURT;YOGURT;
krikri;61;1;YOGURT;YOGURT;
krikri;62;1;YOGURT;YOGURT;
krikri;63;1;YOGURT;YOGURT;
krikri;64;1;YOGURT;YOGURT;
krikri;65;1;YOGURT;YOGURT;
krikri;66;1;YOGURT;YOGURT;
krikri;67;1;YOGURT;YOGURT;
krikri;68;1;YOGURT;YOGURT;
krikri;69;1;YOGURT;YOGURT;
krikri;71;1;YOGURT;YOGURT;
krikri;72;1;YOGURT;YOGURT;
krikri;77;1;YOGURT;YOGURT;
krikri;78;1;YOGURT;YOGURT;
krikri;81;1;YOGURT;YOGURT;
krikri;82;1;YOGURT;YOGURT;
krikri;83;1;YOGURT;YOGURT;
krikri;85;1;YOGURT;YOGURT;
krikri;86;1;YOGURT;YOGURT;
krikri;87;1;YOGURT;YOGURT;
krikri;88;1;YOGURT;YOGURT;
krikri;90;1;YOGURT;YOGURT;
krikri;95;1;YOGURT;YOGURT;
krikri;96;1;YOGURT;YOGURT;
krikri;98;1;YOGURT;YOGURT;
krikri;99;1;YOGURT;YOGURT;
krikri;100;1;YOGURT;YOGURT;
krikri;101;1;YOGURT;YOGURT;
krikri;102;1;YOGURT;YOGURT;
krikri;103;1;YOGURT;YOGURT;
krikri;104;1;YOGURT;YOGURT;
krikri;105;1;YOGURT;YOGURT;
krikri;106;1;YOGURT;YOGURT;
krikri;107;1;YOGURT;YOGURT;
krikri;109;1;YOGURT;YOGURT;
krikri;110;1;YOGURT;YOGURT;
krikri;111;1;YOGURT;YOGURT;
krikri;112;1;YOGURT;YOGURT;
krikri;113;1;YOGURT;YOGURT;
krikri;115;1;YOGURT;YOGURT;
krikri;116;1;YOGURT;YOGURT;
krikri;117;1;YOGURT;YOGURT;
krikri;118;1;YOGURT;YOGURT;
krikri;119;1;YOGURT;YOGURT;
krikri;120;1;YOGURT;YOGURT;
krikri;121;1;YOGURT;YOGURT;
krikri;122;1;YOGURT;YOGURT;
krikri;123;1;YOGURT;YOGURT;
krikri;124;1;YOGURT;YOGURT;
krikri;125;1;YOGURT;YOGURT;
krikri;126;1;YOGURT;YOGURT;
krikri;127;1;YOGURT;YOGURT;
krikri;128;1;YOGURT;YOGURT;
krikri;130;1;YOGURT;YOGURT;
krikri;131;1;ICE CREAM;ICE CREAM;
krikri;132;1;ICE CREAM;ICE CREAM;
krikri;133;1;ICE CREAM;ICE CREAM;
krikri;134;1;YOGURT;YOGURT;
krikri;136;1;YOGURT;YOGURT;
krikri;137;1;YOGURT;YOGURT;
krikri;138;1;YOGURT;YOGURT;
krikri;139;1;YOGURT;YOGURT;
krikri;140;1;YOGURT;YOGURT;
krikri;141;1;YOGURT;YOGURT;
krikri;142;1;YOGURT;YOGURT;
krikri;143;1;YOGURT;YOGURT;
ekovilla;1;1;Kouvola;Kouvola;
ekovilla;2;1;Kouvola;Kouvola;
ekovilla;3;1;Kouvola;Kouvola;
ekovilla;4;1;Kouvola;Kouvola;
ekovilla;5;1;Kouvola;Kouvola;
ekovilla;6;1;Kouvola;Kouvola;
ekovilla;7;1;Kouvola;Kouvola;
ekovilla;8;1;Kouvola;Kouvola;
ekovilla;9;1;Kouvola;Kouvola;
ekovilla;10;1;Kiiminki;Kiiminki;
ekovilla;11;1;Kiiminki;Kiiminki;
ekovilla;12;1;Kiiminki;Kiiminki;
ekovilla;13;1;Kiiminki;Kiiminki;
ekovilla;14;1;Kiiminki;Kiiminki;
ekovilla;15;1;Vantaa;Vantaa;
ekovilla;16;1;Vantaa;Vantaa;
ekovilla;17;1;Vantaa;Vantaa;
ekovilla;18;1;Vantaa;Vantaa;
ekovilla;19;1;Kouvola;Kouvola;
ekovilla;20;1;Kouvola;Kouvola;
ekovilla;21;1;Kouvola;Kouvola;
ekovilla;22;1;Kouvola;Kouvola;
ekovilla;23;1;Kouvola;Kouvola;
ekovilla;24;1;Kouvola;Kouvola;
ekovilla;25;1;Kouvola;Kouvola;
grammenos;1;1;Default;Default;
grammenos;2;1;Default;Default;
grammenos;3;1;Default;Default;
grammenos;4;1;Default;Default;
grammenos;5;1;Default;Default;
groupeavril;1;1;Costa D'Oro;Costa D'Oro;
groupeavril;2;1;Costa D'Oro;Costa D'Oro;
groupeavril;3;1;Costa D'Oro;Costa D'Oro;
groupeavril;4;1;Costa D'Oro;Costa D'Oro;
groupeavril;5;1;Costa D'Oro;Costa D'Oro;
groupeavril;6;1;Costa D'Oro;Costa D'Oro;
groupeavril;7;1;Costa D'Oro;Costa D'Oro;
groupeavril;8;1;Costa D'Oro;Costa D'Oro;
groupeavril;9;1;Costa D'Oro;Costa D'Oro;
groupeavril;10;1;Costa D'Oro;Costa D'Oro;
groupeavril;11;1;Costa D'Oro;Costa D'Oro;
groupeavril;12;1;Costa D'Oro;Costa D'Oro;
groupeavril;13;1;Costa D'Oro;Costa D'Oro;
groupeavril;14;1;Costa D'Oro;Costa D'Oro;
groupeavril;15;1;Costa D'Oro;Costa D'Oro;
groupeavril;16;1;Costa D'Oro;Costa D'Oro;
groupeavril;17;1;Costa D'Oro;Costa D'Oro;
groupeavril;18;1;Costa D'Oro;Costa D'Oro;
groupeavril;19;1;Costa D'Oro;Costa D'Oro;
groupeavril;20;1;Costa D'Oro;Costa D'Oro;
groupeavril;21;1;Costa D'Oro;Costa D'Oro;
groupeavril;22;1;Costa D'Oro;Costa D'Oro;
groupeavril;23;1;Costa D'Oro;Costa D'Oro;
groupeavril;24;1;Costa D'Oro;Costa D'Oro;
groupeavril;25;1;Costa D'Oro;Costa D'Oro;
groupeavril;26;1;Costa D'Oro;Costa D'Oro;
groupeavril;27;1;Costa D'Oro;Costa D'Oro;
groupeavril;28;1;Costa D'Oro;Costa D'Oro;
groupeavril;29;1;Costa D'Oro;Costa D'Oro;
groupeavril;30;1;Costa D'Oro;Costa D'Oro;
groupeavril;31;1;Costa D'Oro;Costa D'Oro;
groupeavril;32;1;Costa D'Oro;Costa D'Oro;
groupeavril;33;1;Costa D'Oro;Costa D'Oro;
groupeavril;34;1;Costa D'Oro;Costa D'Oro;
groupeavril;35;1;Costa D'Oro;Costa D'Oro;
groupeavril;37;1;Costa D'Oro;Costa D'Oro;
groupeavril;38;1;Costa D'Oro;Costa D'Oro;
groupeavril;39;1;Costa D'Oro;Costa D'Oro;
groupeavril;40;1;Costa D'Oro;Costa D'Oro;
groupeavril;41;1;Costa D'Oro;Costa D'Oro;
groupeavril;42;1;Costa D'Oro;Costa D'Oro;
groupeavril;43;1;Costa D'Oro;Costa D'Oro;
groupeavril;44;1;Costa D'Oro;Costa D'Oro;
hillbiscuits;1;1;Default;Default;
hillbiscuits;5;1;Default;Default;
hillbiscuits;6;1;Default;Default;
hillbiscuits;7;1;Default;Default;
hillbiscuits;8;1;Default;Default;
hillbiscuits;9;1;Default;Default;
hillbiscuits;10;1;Default;Default;
hillbiscuits;11;1;Default;Default;
hillbiscuits;12;1;Default;Default;
hillbiscuits;14;1;Default;Default;
hillbiscuits;15;1;Default;Default;
hillbiscuits;16;1;Default;Default;
hillbiscuits;17;1;Default;Default;
hillbiscuits;18;1;Default;Default;
hillbiscuits;19;1;Default;Default;
hillbiscuits;20;1;Default;Default;
hillbiscuits;28;1;Default;Default;
hillbiscuits;34;1;Default;Default;
hillbiscuits;35;1;Default;Default;
hillbiscuits;36;1;Default;Default;
hillbiscuits;37;1;Default;Default;
hillbiscuits;38;1;Default;Default;
hillbiscuits;39;1;Default;Default;
hillbiscuits;40;1;Default;Default;
hillbiscuits;41;1;Default;Default;
hillbiscuits;42;1;Default;Default;
hillbiscuits;43;1;Default;Default;
hillbiscuits;44;1;Default;Default;
hillbiscuits;45;1;Default;Default;
hillbiscuits;47;1;Default;Default;
hillbiscuits;48;1;Default;Default;
hillbiscuits;49;1;Default;Default;
hillbiscuits;51;1;Default;Default;
teknos;1;1;Rajamäki Neste;Rajamäki Neste;
teknos;3;1;Rajamäki Neste;Rajamäki Neste;
teknos;4;1;Rajamäki Neste;Rajamäki Neste;
teknos;5;1;Rajamäki Neste;Rajamäki Neste;
teknos;6;1;Rajamäki Neste;Rajamäki Neste;
teknos;7;1;Rajamäki Neste;Rajamäki Neste;
teknos;8;1;Rajamäki Neste;Rajamäki Neste;
teknos;9;1;Rajamäki Neste;Rajamäki Neste;
teknos;10;1;Rajamäki Neste;Rajamäki Neste;
teknos;11;1;Rajamäki Neste;Rajamäki Neste;
teknos;12;1;Rajamäki Neste;Rajamäki Neste;
teknos;13;1;Rajamäki Neste;Rajamäki Neste;
teknos;14;1;Rajamäki Neste;Rajamäki Neste;
teknos;15;1;Rajamäki Neste;Rajamäki Neste;
teknos;16;1;Rajamäki Neste;Rajamäki Neste;
teknos;17;1;Rajamäki Neste;Rajamäki Neste;
teknos;18;1;Rajamäki Neste;Rajamäki Neste;
teknos;19;1;Rajamäki Neste;Rajamäki Neste;
teknos;20;1;Rajamäki Neste;Rajamäki Neste;
mulrines;1;1;Mulrines;Mulrines;
mulrines;2;1;Mulrines;Mulrines;
mulrines;3;1;Mulrines;Mulrines;
vessena;2;1;Vessena;Vessena;
vessena;3;1;Vessena;Vessena;
vessena;5;1;Vessena;Vessena;
vessena;6;1;Vessena;Vessena;
vessena;7;1;Vessena;Vessena;
vessena;8;1;Vessena;Vessena;
vessena;10;1;Vessena;Vessena;
vessena;11;1;Vessena;Vessena;
vessena;12;1;Vessena;Vessena;
vessena;13;1;Vessena;Vessena;
vessena;14;1;Vessena;Vessena;
vessena;16;1;Vessena;Vessena;
vessena;17;1;Vessena;Vessena;
vessena;18;1;Vessena;Vessena;
vessena;19;1;Vessena;Vessena;
vessena;20;1;Vessena;Vessena;
vessena;21;1;Vessena;Vessena;
vessena;22;1;Vessena;Vessena;
vessena;23;1;Vessena;Vessena;
vessena;25;1;Vessena;Vessena;
vessena;28;1;Vessena;Vessena;
vessena;31;1;Vessena;Vessena;
vessena;32;1;Vessena;Vessena;
vessena;33;1;Vessena;Vessena;
vessena;34;1;Vessena;Vessena;
vessena;35;1;Vessena;Vessena;
vessena;36;1;Vessena;Vessena;
vessena;37;1;Vessena;Vessena;
sami;1;1;Sami;Sami;
palaplast;1;1;Injection;Injection;
palaplast;16;1;Extrusion;Extrusion;
palaplast;19;1;Extrusion;Extrusion;
palaplast;24;1;Extrusion;Extrusion;
palaplast;25;1;Extrusion;Extrusion;
palaplast;26;1;Extrusion;Extrusion;
palaplast;28;1;Extrusion;Extrusion;
palaplast;30;1;Extrusion;Extrusion;
palaplast;31;1;Extrusion;Extrusion;
palaplast;35;1;Extrusion;Extrusion;
palaplast;39;1;Extrusion;Extrusion;
palaplast;43;1;Extrusion;Extrusion;
palaplast;50;1;Extrusion;Extrusion;
palaplast;55;1;Extrusion;Extrusion;
palaplast;61;1;Extrusion;Extrusion;
palaplast;62;1;Extrusion;Extrusion;
palaplast;67;1;Injection;Injection;
palaplast;68;1;Injection;Injection;
palaplast;79;1;Extrusion;Extrusion;
palaplast;80;1;Extrusion;Extrusion;
palaplast;86;1;Extrusion;Extrusion;
palaplast;99;1;Extrusion;Extrusion;
palaplast;114;1;Extrusion;Extrusion;
palaplast;115;1;Extrusion;Extrusion;
palaplast;121;1;Injection;Injection;
palaplast;125;1;Extrusion;Extrusion;
palaplast;129;1;Assembly;Assembly;
palaplast;134;1;Extrusion;Extrusion;
palaplast;143;1;Extrusion;Extrusion;
palaplast;148;1;Assembly;Assembly;
palaplast;150;1;Assembly;Assembly;
palaplast;151;1;Extrusion;Extrusion;
palaplast;158;1;Thiva extrusion;Thiva extrusion;
palaplast;159;1;Thiva extrusion;Thiva extrusion;
palaplast;160;1;Thiva extrusion;Thiva extrusion;
palaplast;161;1;Extrusion;Extrusion;
palaplast;174;1;Extrusion;Extrusion;
palaplast;185;1;Extrusion;Extrusion;
palaplast;188;1;Extrusion;Extrusion;
palaplast;189;1;Assembly;Assembly;
palaplast;200;1;Extrusion;Extrusion;
palaplast;202;1;Extrusion;Extrusion;
palaplast;204;1;Extrusion;Extrusion;
palaplast;208;1;Extrusion;Extrusion;
palaplast;209;1;Extrusion;Extrusion;
palaplast;211;1;Extrusion;Extrusion;
palaplast;213;1;Extrusion;Extrusion;
palaplast;214;1;Assembly;Assembly;
palaplast;216;1;Assembly;Assembly;
palaplast;217;1;Extrusion;Extrusion;
palaplast;219;1;Extrusion;Extrusion;
palaplast;221;1;Extrusion;Extrusion;
palaplast;222;1;Assembly;Assembly;
palaplast;224;1;Extrusion;Extrusion;
palaplast;229;1;Extrusion;Extrusion;
palaplast;230;1;Extrusion;Extrusion;
palaplast;232;1;Assembly;Assembly;
palaplast;234;1;Extrusion;Extrusion;
palaplast;244;1;Extrusion;Extrusion;
palaplast;247;1;Assembly;Assembly;
palaplast;250;1;Extrusion;Extrusion;
palaplast;251;1;Extrusion;Extrusion;
palaplast;252;1;Extrusion;Extrusion;
palaplast;253;1;Extrusion;Extrusion;
palaplast;261;1;Assembly;Assembly;
palaplast;263;1;Assembly;Assembly;
palaplast;266;1;Assembly;Assembly;
palaplast;267;1;Assembly;Assembly;
palaplast;268;1;Assembly;Assembly;
palaplast;269;1;Assembly;Assembly;
palaplast;270;1;Assembly;Assembly;
palaplast;271;1;Assembly;Assembly;
palaplast;272;1;Assembly;Assembly;
palaplast;273;1;Assembly;Assembly;
palaplast;274;1;Assembly;Assembly;
palaplast;275;1;Assembly;Assembly;
palaplast;276;1;Assembly;Assembly;
palaplast;277;1;Assembly;Assembly;
palaplast;278;1;Assembly;Assembly;
palaplast;279;1;Assembly;Assembly;
palaplast;280;1;Assembly;Assembly;
palaplast;281;1;Assembly;Assembly;
palaplast;282;1;Assembly;Assembly;
palaplast;283;1;Assembly;Assembly;
palaplast;284;1;Assembly;Assembly;
palaplast;285;1;Assembly;Assembly;
palaplast;286;1;Assembly;Assembly;
palaplast;287;1;Assembly;Assembly;
palaplast;288;1;Assembly;Assembly;
palaplast;289;1;Assembly;Assembly;
palaplast;290;1;Assembly;Assembly;
palaplast;291;1;Assembly;Assembly;
palaplast;292;1;Assembly;Assembly;
palaplast;293;1;Assembly;Assembly;
palaplast;294;1;Assembly;Assembly;
palaplast;296;1;Extrusion;Extrusion;
palaplast;297;1;Assembly;Assembly;
palaplast;298;1;Extrusion;Extrusion;
palaplast;299;1;Extrusion;Extrusion;
palaplast;300;1;Extrusion;Extrusion;
palaplast;301;1;Assembly;Assembly;
palaplast;303;1;Assembly;Assembly;
palaplast;304;1;Assembly;Assembly;
palaplast;305;1;Extrusion;Extrusion;
palaplast;306;1;Assembly;Assembly;
palaplast;307;1;Assembly;Assembly;
palaplast;310;1;Assembly;Assembly;
palaplast;311;1;Extrusion;Extrusion;
palaplast;313;1;Extrusion;Extrusion;
palaplast;314;1;Extrusion;Extrusion;
thglabs;9;1;Thglabs;Thglabs;
thglabs;10;1;Thglabs;Thglabs;
thglabs;11;1;Thglabs;Thglabs;
thglabs;12;1;Thglabs;Thglabs;
thglabs;13;1;Thglabs;Thglabs;
thglabs;14;1;Thglabs;Thglabs;
thglabs;17;1;Thglabs;Thglabs;
thglabs;18;1;Thglabs;Thglabs;
thglabs;21;1;Thglabs;Thglabs;
thglabs;22;1;Thglabs;Thglabs;
thglabs;24;1;Thglabs;Thglabs;
thglabs;25;1;Thglabs;Thglabs;
thglabs;26;1;Thglabs;Thglabs;
thglabs;27;1;Thglabs;Thglabs;
thglabs;28;1;Thglabs;Thglabs;
thglabs;30;1;Thglabs;Thglabs;
thglabs;31;1;Thglabs;Thglabs;
thglabs;33;1;Thglabs;Thglabs;
thglabs;34;1;Thglabs;Thglabs;
thglabs;110;1;Thglabs;Thglabs;
thglabs;111;1;Thglabs;Thglabs;
thglabs;112;1;Thglabs;Thglabs;
thglabs;113;1;Thglabs;Thglabs;
thglabs;114;1;Thglabs;Thglabs;
thglabs;115;1;Thglabs;Thglabs;
thglabs;116;1;Thglabs;Thglabs;
thglabs;117;1;Thglabs;Thglabs;
thglabs;118;1;Thglabs;Thglabs;
thglabs;119;1;Thglabs;Thglabs;
thglabs;120;1;Thglabs;Thglabs;
thglabs;121;1;Thglabs;Thglabs;
thglabs;122;1;Thglabs;Thglabs;
thglabs;123;1;Thglabs;Thglabs;
thglabs;124;1;Thglabs;Thglabs;
thglabs;125;1;Thglabs;Thglabs;
thglabs;126;1;Thglabs;Thglabs;
thglabs;127;1;Thglabs;Thglabs;
thglabs;128;1;Thglabs;Thglabs;
thglabs;129;1;Thglabs;Thglabs;
thglabs;130;1;Thglabs;Thglabs;
thglabs;131;1;Thglabs;Thglabs;
thglabs;134;1;Thglabs;Thglabs;
thglabs;137;1;Thglabs;Thglabs;
thglabs;138;1;Thglabs;Thglabs;
thglabs;139;1;Thglabs;Thglabs;
thglabs;140;1;Thglabs;Thglabs;
thglabs;141;1;Thglabs;Thglabs;
thglabs;142;1;Thglabs;Thglabs;
thglabs;143;1;Thglabs;Thglabs;
thglabs;144;1;Thglabs;Thglabs;
thglabs;145;1;Thglabs;Thglabs;
thglabs;146;1;Thglabs;Thglabs;
thglabs;147;1;Thglabs;Thglabs;
thglabs;148;1;Thglabs;Thglabs;
thglabs;149;1;Thglabs;Thglabs;
thglabs;150;1;Thglabs;Thglabs;
thglabs;151;1;Thglabs;Thglabs;
thglabs;152;1;Thglabs;Thglabs;
ficosota;1;1;Ficosota;Ficosota;
ficosota;2;1;Ficosota;Ficosota;
avkcomponents;4;1;AVK Pniewy;AVK Pniewy;
avkcomponents;5;1;AVK Pniewy;AVK Pniewy;
avkcomponents;6;1;AVK Pniewy;AVK Pniewy;
avkcomponents;7;1;AVK Pniewy;AVK Pniewy;
avkcomponents;8;1;AVK Pniewy;AVK Pniewy;
avkcomponents;9;1;AVK Pniewy;AVK Pniewy;
avkcomponents;10;1;AVK Pniewy;AVK Pniewy;
avkcomponents;11;1;AVK Pniewy;AVK Pniewy;
avkcomponents;12;1;AVK Pniewy;AVK Pniewy;
avkcomponents;13;1;AVK Pniewy;AVK Pniewy;
avkcomponents;14;1;AVK Pniewy;AVK Pniewy;
avkcomponents;15;1;AVK Pniewy;AVK Pniewy;
avkcomponents;16;1;AVK Pniewy;AVK Pniewy;
avkcomponents;18;1;AVK Pniewy;AVK Pniewy;
avkcomponents;19;1;AVK Pniewy;AVK Pniewy;
avkcomponents;20;1;AVK Pniewy;AVK Pniewy;
avkcomponents;21;1;AVK Pniewy;AVK Pniewy;
avkcomponents;22;1;AVK Pniewy;AVK Pniewy;
marsmtm1;1;1;Marsmtm;Marsmtm;
marsmtm1;2;1;Marsmtm;Marsmtm;
marsmtm1;3;1;Marsmtm;Marsmtm;
marsmtm1;4;1;Marsmtm;Marsmtm;
marsmtm1;5;1;Marsmtm;Marsmtm;
marsmtm1;6;1;Marsmtm;Marsmtm;
marsmtm1;7;1;Marsmtm;Marsmtm;
marsmtm1;8;1;Marsmtm;Marsmtm;
hkscanpoland;27;1;Hkscanpoland;Hkscanpoland;
hkscanpoland;117;1;Hkscanpoland;Hkscanpoland;
hkscanpoland;176;1;Hkscanpoland;Hkscanpoland;
hkscanpoland;177;1;Hkscanpoland;Hkscanpoland;
hkscanpoland;178;1;Hkscanpoland;Hkscanpoland;
hkscanpoland;179;1;Hkscanpoland;Hkscanpoland;
hkscanpoland;180;1;Hkscanpoland;Hkscanpoland;
hkscanpoland;181;1;Hkscanpoland;Hkscanpoland;
hkscanpoland;182;1;Hkscanpoland;Hkscanpoland;
hkscanpoland;183;1;Hkscanpoland;Hkscanpoland;
hkscanpoland;184;1;Hkscanpoland;Hkscanpoland;
hkscanpoland;187;1;Hkscanpoland;Hkscanpoland;
hkscanpoland;188;1;Hkscanpoland;Hkscanpoland;
hkscanpoland;189;1;Hkscanpoland;Hkscanpoland;
hkscanpoland;190;1;Hkscanpoland;Hkscanpoland;
hkscanpoland;191;1;Hkscanpoland;Hkscanpoland;
hkscanpoland;192;1;Hkscanpoland;Hkscanpoland;
hkscanpoland;194;1;Hkscanpoland;Hkscanpoland;
hkscanpoland;198;1;Hkscanpoland;Hkscanpoland;
hkscanpoland;199;1;Hkscanpoland;Hkscanpoland;
hkscanpoland;200;1;Hkscanpoland;Hkscanpoland;
hkscanpoland;201;1;Hkscanpoland;Hkscanpoland;
hkscanpoland;205;1;Hkscanpoland;Hkscanpoland;
hkscanpoland;206;1;Hkscanpoland;Hkscanpoland;
hkscanpoland;207;1;Hkscanpoland;Hkscanpoland;
hkscanpoland;208;1;Hkscanpoland;Hkscanpoland;
hkscanpoland;209;1;Hkscanpoland;Hkscanpoland;
hkscanpoland;210;1;Hkscanpoland;Hkscanpoland;
hkscanpoland;212;1;Hkscanpoland;Hkscanpoland;
hkscanpoland;213;1;Hkscanpoland;Hkscanpoland;
hkscanpoland;214;1;Hkscanpoland;Hkscanpoland;
hkscanpoland;216;1;Hkscanpoland;Hkscanpoland;
hkscanpoland;218;1;Hkscanpoland;Hkscanpoland;
hkscanpoland;219;1;Hkscanpoland;Hkscanpoland;
hkscanpoland;220;1;Hkscanpoland;Hkscanpoland;
hkscanpoland;221;1;Hkscanpoland;Hkscanpoland;
hkscanpoland;222;1;Hkscanpoland;Hkscanpoland;
hkscanpoland;224;1;Hkscanpoland;Hkscanpoland;
hkscanpoland;225;1;Hkscanpoland;Hkscanpoland;
hkscanpoland;233;1;Hkscanpoland;Hkscanpoland;
hkscanpoland;237;1;Hkscanpoland;Hkscanpoland;
hkscanpoland;238;1;Hkscanpoland;Hkscanpoland;
hkscanpoland;239;1;Hkscanpoland;Hkscanpoland;
hkscanpoland;240;1;Hkscanpoland;Hkscanpoland;
hkscanpoland;241;1;Hkscanpoland;Hkscanpoland;
hkscanpoland;242;1;Hkscanpoland;Hkscanpoland;
hkscanpoland;243;1;Hkscanpoland;Hkscanpoland;
cfm;1;1;Default;Default;
cfm;2;1;Default;Default;
cfm;4;1;Default;Default;
cfm;9;1;Default;Default;
cfm;10;1;Default;Default;
cfm;11;1;Default;Default;
cfm;12;1;Default;Default;
cfm;13;1;Default;Default;
cfm;14;1;Default;Default;
chestermedical;1;1;Wirral;Wirral;
chestermedical;2;1;Wirral;Wirral;
chestermedical;3;1;Wirral;Wirral;
chestermedical;4;1;Wirral;Wirral;
chestermedical;5;1;Wirral;Wirral;
chestermedical;6;1;Wirral;Wirral;
chestermedical;7;1;Wirral;Wirral;
chestermedical;8;1;Wirral;Wirral;
chestermedical;9;1;Wirral;Wirral;
chestermedical;10;1;Wirral;Wirral;
chestermedical;11;1;Wirral;Wirral;
ion;3;1;Arta;Arta;
ion;4;1;Arta;Arta;
ion;5;1;Arta;Arta;
ion;12;1;Neo Faliro;Neo Faliro;
ion;17;1;Arta;Arta;
ion;18;1;Arta;Arta;
ion;19;1;Arta;Arta;
ion;20;1;Arta;Arta;
ion;21;1;Arta;Arta;
ion;22;1;Arta;Arta;
ion;24;1;Neo Faliro;Neo Faliro;
ion;26;1;Neo Faliro;Neo Faliro;
ion;29;1;Neo Faliro;Neo Faliro;
ion;30;1;Neo Faliro;Neo Faliro;
ion;32;1;Neo Faliro;Neo Faliro;
ion;41;1;Neo Faliro;Neo Faliro;
ion;44;1;Arta;Arta;
ion;50;1;Neo Faliro;Neo Faliro;
ion;51;1;Neo Faliro;Neo Faliro;
ion;52;1;Neo Faliro;Neo Faliro;
ion;53;1;Neo Faliro;Neo Faliro;
ion;55;1;Neo Faliro;Neo Faliro;
ion;56;1;Neo Faliro;Neo Faliro;
ion;57;1;Neo Faliro;Neo Faliro;
ion;58;1;Neo Faliro;Neo Faliro;
ion;59;1;Neo Faliro;Neo Faliro;
ion;60;1;Neo Faliro;Neo Faliro;
ion;61;1;Neo Faliro;Neo Faliro;
ion;62;1;Neo Faliro;Neo Faliro;
ion;63;1;Neo Faliro;Neo Faliro;
ion;67;1;Neo Faliro;Neo Faliro;
ion;68;1;Neo Faliro;Neo Faliro;
ion;69;1;Neo Faliro;Neo Faliro;
ion;70;1;Neo Faliro;Neo Faliro;
ion;71;1;Neo Faliro;Neo Faliro;
ion;72;1;Neo Faliro;Neo Faliro;
holcimguatemala;1;1;Holcimguatemala;Holcimguatemala;
holcimguatemala;2;1;Holcimguatemala;Holcimguatemala;
holcimguatemala;3;1;Holcimguatemala;Holcimguatemala;
holcimguatemala;4;1;Holcimguatemala;Holcimguatemala;
ericsson;134;1;Default;Default;
ericsson;136;1;Default;Default;
ericsson;137;1;Default;Default;
ericsson;138;1;Default;Default;
ericsson;140;1;Default;Default;
ericsson;141;1;Default;Default;
ericsson;145;1;Default;Default;
ericsson;147;1;Default;Default;
ericsson;148;1;Default;Default;
ericsson;175;1;Default;Default;
ericsson;188;1;Default;Default;
ericsson;203;1;Default;Default;
ericsson;204;1;Default;Default;
ericsson;227;1;Default;Default;
ericsson;228;1;Default;Default;
ericsson;229;1;Default;Default;
ericsson;230;1;Default;Default;
ericsson;231;1;Default;Default;
ericsson;232;1;Default;Default;
ericsson;233;1;Default;Default;
ericsson;235;1;Default;Default;
ericsson;236;1;Default;Default;
ericsson;237;1;Default;Default;
ericsson;238;1;Default;Default;
ericsson;239;1;Default;Default;
ericsson;240;1;Default;Default;
ericsson;241;1;Default;Default;
ericsson;242;1;Default;Default;
ericsson;243;1;Default;Default;
ericsson;244;1;Default;Default;
ericsson;245;1;Default;Default;
ericsson;246;1;Default;Default;
ericsson;247;1;Default;Default;
ericsson;248;1;Default;Default;
ericsson;249;1;Default;Default;
ericsson;250;1;Default;Default;
ericsson;251;1;Default;Default;
ericsson;252;1;Default;Default;
ericsson;253;1;Default;Default;
ericsson;254;1;Default;Default;
ericsson;255;1;Default;Default;
ericsson;258;1;Default;Default;
ericsson;295;1;Default;Default;
ericsson;296;1;Default;Default;
ericsson;297;1;Default;Default;
ericsson;298;1;Default;Default;
ericsson;301;1;Default;Default;
ericsson;302;1;Default;Default;
ericsson;303;1;Default;Default;
ericsson;304;1;Default;Default;
ericsson;305;1;Default;Default;
ericsson;306;1;Default;Default;
ericsson;307;1;Default;Default;
ericsson;308;1;Default;Default;
ericsson;309;1;Default;Default;
ericsson;310;1;Default;Default;
ericsson;311;1;Default;Default;
bewi;2;1;Norplasta;Norplasta;
bewi;4;1;Norplasta;Norplasta;
bewi;6;1;Norplasta;Norplasta;
bewi;7;1;Norplasta;Norplasta;
bewi;8;1;Norplasta;Norplasta;
bewi;9;1;Norplasta;Norplasta;
bewi;10;1;Norplasta;Norplasta;
bewi;11;1;Norplasta;Norplasta;
bewi;12;1;Norplasta;Norplasta;
bewi;13;1;Norplasta;Norplasta;
bewi;14;1;Norplasta;Norplasta;
bewi;15;1;Norplasta;Norplasta;
bewi;16;1;Norplasta;Norplasta;
bewi;17;1;Norplasta;Norplasta;
bewi;18;1;Norplasta;Norplasta;
bewi;19;1;Norplasta;Norplasta;
bewi;21;1;Norplasta;Norplasta;
bewi;22;1;Norplasta;Norplasta;
bewi;23;1;Norplasta;Norplasta;
bewi;24;1;Norplasta;Norplasta;
bewi;25;1;Norplasta;Norplasta;
minervasch;1;1;Default;Default;
minervasch;2;1;Default;Default;
minervasch;3;1;Default;Default;
minervasch;4;1;Default;Default;
minervasch;5;1;Default;Default;
minervasch;7;1;Default;Default;
minervasch;8;1;Default;Default;
minervasch;9;1;Default;Default;
minervasch;10;1;Default;Default;
minervasch;11;1;Default;Default;
minervasch;12;1;Default;Default;
minervasch;13;1;Default;Default;
brandenburg;1;1;Brandenburg;Brandenburg;
hkscan;23;1;Default;Default;
hkscan;25;1;Default;Default;
hkscan;26;1;Default;Default;
flir;1;1;Default;Default;
flir;10;1;Default;Default;
flir;65;1;Default;Default;
flir;67;1;Default;Default;
flir;68;1;Default;Default;
flir;72;1;Default;Default;
flir;74;1;Default;Default;
flir;76;1;Default;Default;
flir;78;1;Default;Default;
flir;79;1;Default;Default;
flir;82;1;Default;Default;
flir;83;1;Default;Default;
flir;84;1;Default;Default;
flir;85;1;Default;Default;
flir;86;1;Default;Default;
flir;87;1;Default;Default;
flir;95;1;Default;Default;
flir;96;1;Default;Default;
flir;99;1;Default;Default;
flir;100;1;Default;Default;
flir;101;1;Default;Default;
flir;102;1;Default;Default;
metaprint;1;1;Default;Default;
metaprint;2;1;Default;Default;
metaprint;3;1;Default;Default;
metaprint;4;1;Default;Default;
metaprint;5;1;Default;Default;
metaprint;6;1;Default;Default;
metaprint;7;1;Default;Default;
metaprint;8;1;Default;Default;
metaprint;9;1;Default;Default;
metaprint;10;1;Default;Default;
metaprint;12;1;Default;Default;
metaprint;13;1;Default;Default;
metaprint;14;1;Default;Default;
metaprint;16;1;Default;Default;
metaprint;17;1;Default;Default;
metaprint;18;1;Default;Default;
metaprint;19;1;Default;Default;
metaprint;20;1;Default;Default;
metaprint;21;1;Default;Default;
metaprint;22;1;Default;Default;
metaprint;23;1;Default;Default;
metaprint;25;1;Default;Default;
metaprint;26;1;Default;Default;
metaprint;27;1;Default;Default;
metaprint;28;1;Default;Default;
metaprint;29;1;Default;Default;
metaprint;32;1;Default;Default;
metaprint;33;1;Default;Default;
metaprint;34;1;Default;Default;
metaprint;35;1;Default;Default;
metaprint;36;1;Default;Default;
metaprint;37;1;Default;Default;
metaprint;38;1;Default;Default;
metaprint;39;1;Default;Default;
metaprint;40;1;Default;Default;
metaprint;43;1;Default;Default;
metaprint;45;1;Default;Default;
metaprint;47;1;Default;Default;
metaprint;48;1;Default;Default;
metaprint;50;1;Default;Default;
metaprint;52;1;Default;Default;
metaprint;53;1;Default;Default;
metaprint;54;1;Default;Default;
metaprint;56;1;Default;Default;
metaprint;59;1;Default;Default;
metaprint;60;1;Default;Default;
metaprint;61;1;Default;Default;
metaprint;62;1;Default;Default;
metaprint;65;1;Default;Default;
metaprint;66;1;Default;Default;
metaprint;67;1;Default;Default;
metaprint;68;1;Default;Default;
metaprint;69;1;Default;Default;
metaprint;72;1;Default;Default;
metaprint;73;1;Default;Default;
metaprint;75;1;Default;Default;
metaprint;76;1;Default;Default;
metaprint;77;1;Default;Default;
metaprint;78;1;Default;Default;
metaprint;79;1;Default;Default;
metaprint;83;1;Default;Default;
metaprint;84;1;Default;Default;
metaprint;85;1;Default;Default;
metaprint;86;1;Default;Default;
metaprint;87;1;Default;Default;
metaprint;90;1;Default;Default;
metaprint;91;1;Default;Default;
metaprint;93;1;Default;Default;
metaprint;94;1;Default;Default;
metaprint;95;1;Default;Default;
metaprint;96;1;Default;Default;
metaprint;98;1;Default;Default;
metaprint;99;1;Default;Default;
metaprint;100;1;Default;Default;
metaprint;101;1;Default;Default;
metaprint;102;1;Default;Default;
metaprint;103;1;Default;Default;
metaprint;104;1;Default;Default;
metaprint;106;1;Default;Default;
metaprint;107;1;Default;Default;
metaprint;108;1;Default;Default;
metaprint;109;1;Default;Default;
metaprint;110;1;Default;Default;
metaprint;111;1;Default;Default;
metaprint;112;1;Default;Default;
metaprint;114;1;Default;Default;
metaprint;115;1;Default;Default;
metaprint;116;1;Default;Default;
metaprint;117;1;Default;Default;
metaprint;119;1;Default;Default;
metaprint;122;1;Default;Default;
amcor;1;1;Swansea;Swansea;
amcor;2;1;Swansea;Swansea;
amcor;3;1;Swansea;Swansea;
amcor;4;1;Swansea;Swansea;
amcor;5;1;Swansea;Swansea;
amcor;6;1;Swansea;Swansea;
amcor;7;1;Swansea;Swansea;
amcor;8;1;Swansea;Swansea;
amcor;9;1;Swansea;Swansea;
amcor;10;1;Swansea;Swansea;
amcor;11;1;Swansea;Swansea;
amcor;12;1;Swansea;Swansea;
amcor;13;1;Swansea;Swansea;
amcor;14;1;Swansea;Swansea;
amcor;15;1;Swansea;Swansea;
amcor;16;1;Swansea;Swansea;
amcor;17;1;Swansea;Swansea;
amcor;18;1;Swansea;Swansea;
amcor;19;1;Swansea;Swansea;
amcor;20;1;Swansea;Swansea;
amcor;21;1;Swansea;Swansea;
amcor;22;1;Swansea;Swansea;
amcor;23;1;Swansea;Swansea;
amcor;24;1;Swansea;Swansea;
amcor;25;1;Swansea;Swansea;
amcor;26;1;Swansea;Swansea;
amcor;27;1;Swansea;Swansea;
amcor;28;1;Swansea;Swansea;
amcor;29;1;Swansea;Swansea;
amcor;30;1;Swansea;Swansea;
amcor;31;1;Swansea;Swansea;
amcor;32;1;Swansea;Swansea;
amcor;33;1;Swansea;Swansea;
amcor;34;1;Swansea;Swansea;
amcor;35;1;Swansea;Swansea;
amcor;36;1;Swansea;Swansea;
amcor;37;1;Swansea;Swansea;
amcor;38;1;Swansea;Swansea;
amcor;39;1;Swansea;Swansea;
amcor;40;1;Swansea;Swansea;
amcor;42;1;Swansea;Swansea;
amcor;43;1;Swansea;Swansea;
amcor;44;1;Swansea;Swansea;
amcor;45;1;Swansea;Swansea;
amcor;46;1;Swansea;Swansea;
amcor;47;1;Swansea;Swansea;
amcor;48;1;Swansea;Swansea;
amcor;49;1;Swansea;Swansea;
amcor;50;1;Swansea;Swansea;
amcor;51;1;Swansea;Swansea;
amcor;52;1;Swansea;Swansea;
amcor;53;1;Swansea;Swansea;
amcor;54;1;Swansea;Swansea;
amcor;55;1;Swansea;Swansea;
amcor;56;1;Swansea;Swansea;
amcor;57;1;Swansea;Swansea;
amcor;58;1;Swansea;Swansea;
amcor;59;1;Swansea;Swansea;
amcor;60;1;Swansea;Swansea;
amcor;63;1;Swansea;Swansea;
amcor;64;1;Swansea;Swansea;
amcor;65;1;Swansea;Swansea;
amcor;68;1;Swansea;Swansea;
amcor;69;1;Swansea;Swansea;
amcor;72;1;Swansea;Swansea;
amcor;73;1;Swansea;Swansea;
amcor;74;1;Swansea;Swansea;
amcor;75;1;Swansea;Swansea;
amcor;76;1;Swansea;Swansea;
amcor;77;1;Swansea;Swansea;
amcor;78;1;Swansea;Swansea;
amcor;79;1;Swansea;Swansea;
amcor;80;1;Swansea;Swansea;
amcor;81;1;Swansea;Swansea;
amcor;82;1;Swansea;Swansea;
amcor;83;1;Swansea;Swansea;
amcor;91;1;Swansea;Swansea;
amcor;92;1;Swansea;Swansea;
amcor;93;1;Swansea;Swansea;
amcor;94;1;Swansea;Swansea;
amcor;95;1;Swansea;Swansea;
amcor;96;1;Swansea;Swansea;
amcor;97;1;Swansea;Swansea;
amcor;98;1;Swansea;Swansea;
amcor;99;1;Swansea;Swansea;
amcor;100;1;Swansea;Swansea;
amcor;101;1;Swansea;Swansea;
amcor;102;1;Swansea;Swansea;
amcor;103;1;Swansea;Swansea;
amcor;104;1;Swansea;Swansea;
nordcrunch;1;1;Nordcrunch;Nordcrunch;
nordcrunch;2;1;Nordcrunch;Nordcrunch;
lallemand;2;1;Default;Default;
lallemand;8;1;Default;Default;
lallemand;10;1;Default;Default;
lallemand;11;1;Default;Default;
lallemand;13;1;Default;Default;
lallemand;16;1;Default;Default;
lallemand;17;1;Default;Default;
lallemand;18;1;Default;Default;
lallemand;19;1;Default;Default;
lallemand;25;1;Default;Default;
lallemand;36;1;Default;Default;
lallemand;46;1;Default;Default;
lallemand;48;1;Default;Default;
lallemand;50;1;Default;Default;
lallemand;56;1;Default;Default;
lallemand;62;1;Default;Default;
lallemand;73;1;Default;Default;
lallemand;74;1;Default;Default;
lallemand;75;1;Default;Default;
lallemand;78;1;Default;Default;
lallemand;80;1;Default;Default;
lallemand;89;1;Default;Default;
lallemand;102;1;Default;Default;
lallemand;103;1;Default;Default;
lallemand;104;1;Default;Default;
lallemand;108;1;Default;Default;
lallemand;111;1;Default;Default;
lallemand;118;1;Default;Default;
lallemand;122;1;Default;Default;
lallemand;124;1;Default;Default;
lallemand;125;1;Default;Default;
lallemand;126;1;Default;Default;
lallemand;128;1;Default;Default;
lallemand;133;1;Default;Default;
lallemand;134;1;Default;Default;
lallemand;135;1;Default;Default;
lallemand;138;1;Default;Default;
lallemand;139;1;Default;Default;
lallemand;142;1;Default;Default;
lallemand;143;1;Default;Default;
lallemand;145;1;Default;Default;
lallemand;147;1;Default;Default;
lallemand;148;1;Default;Default;
lallemand;152;1;Default;Default;
lallemand;154;1;Default;Default;
lallemand;163;1;Default;Default;
lallemand;166;1;Default;Default;
lallemand;167;1;Default;Default;
lallemand;168;1;Default;Default;
lallemand;171;1;Default;Default;
panagiotopoulos;1;1;Panagiotopoulos;Panagiotopoulos;
panagiotopoulos;2;1;Panagiotopoulos;Panagiotopoulos;
panagiotopoulos;3;0;;;no stations, no factory - needs a decision
panagiotopoulos;4;1;Panagiotopoulos;Panagiotopoulos;
panagiotopoulos;5;1;Panagiotopoulos;Panagiotopoulos;
panagiotopoulos;6;1;Panagiotopoulos;Panagiotopoulos;
panagiotopoulos;7;1;Panagiotopoulos;Panagiotopoulos;
panagiotopoulos;8;1;Panagiotopoulos;Panagiotopoulos;
panagiotopoulos;9;1;Panagiotopoulos;Panagiotopoulos;
panagiotopoulos;10;1;Panagiotopoulos;Panagiotopoulos;
panagiotopoulos;12;1;Panagiotopoulos;Panagiotopoulos;
panagiotopoulos;13;1;Panagiotopoulos;Panagiotopoulos;
panagiotopoulos;14;1;Panagiotopoulos;Panagiotopoulos;
panagiotopoulos;15;1;Panagiotopoulos;Panagiotopoulos;
panagiotopoulos;16;1;Panagiotopoulos;Panagiotopoulos;
panagiotopoulos;17;1;Panagiotopoulos;Panagiotopoulos;
panagiotopoulos;18;1;Panagiotopoulos;Panagiotopoulos;
kbpackaging;1;1;KB Packaging UK;KB Packaging UK;
kbpackaging;3;1;KB Packaging UK;KB Packaging UK;
kbpackaging;4;1;KB Packaging UK;KB Packaging UK;
kbpackaging;5;1;KB Packaging UK;KB Packaging UK;
kbpackaging;6;1;KB Packaging UK;KB Packaging UK;
kbpackaging;7;1;KB Packaging UK;KB Packaging UK;
kbpackaging;8;1;KB Packaging UK;KB Packaging UK;
kbpackaging;9;1;KB Packaging UK;KB Packaging UK;
kbpackaging;10;1;KB Packaging UK;KB Packaging UK;
weberswitzerland;1;1;Default;Default;
weberswitzerland;2;1;Default;Default;
weberswitzerland;4;1;Default;Default;
weberswitzerland;7;0;;;no stations, no factory - needs a decision
weberswitzerland;16;0;;;no stations, no factory - needs a decision
weberswitzerland;20;1;Default;Default;
weberswitzerland;21;1;Default;Default;
weberswitzerland;23;0;;;no stations, no factory - needs a decision
weberswitzerland;25;1;Default;Default;
weberswitzerland;26;1;Default;Default;
weberswitzerland;30;1;Default;Default;
weberswitzerland;31;0;;;no stations, no factory - needs a decision
weberswitzerland;34;1;Default;Default;
weberswitzerland;35;1;Default;Default;
weberswitzerland;40;0;;;no stations, no factory - needs a decision
weberswitzerland;41;0;;;no stations, no factory - needs a decision
weberswitzerland;43;1;Default;Default;
weberswitzerland;46;0;;;no stations, no factory - needs a decision
weberswitzerland;47;1;Default;Default;
weberswitzerland;48;0;;;no stations, no factory - needs a decision
weberswitzerland;50;1;Default;Default;
stamou;1;1;Stamou;Stamou;
stamou;2;1;Stamou;Stamou;
stamou;3;1;Stamou;Stamou;
stamou;4;1;Stamou;Stamou;
stamou;6;1;Stamou;Stamou;
stamou;8;1;Stamou;Stamou;
stamou;9;1;Stamou;Stamou;
stamou;10;1;Stamou;Stamou;
stamou;12;1;Stamou;Stamou;
stamou;13;1;Stamou;Stamou;
stamou;14;1;Stamou;Stamou;
stamou;15;1;Stamou;Stamou;
stamou;16;1;Stamou;Stamou;
stamou;17;1;Stamou;Stamou;
stamou;19;1;Stamou;Stamou;
stamou;20;1;Stamou;Stamou;
stamou;21;1;Stamou;Stamou;
stamou;22;1;Stamou;Stamou;
stamou;23;1;Stamou;Stamou;
stamou;24;1;Stamou;Stamou;
stamou;25;1;Stamou;Stamou;
stamou;27;1;Stamou;Stamou;
stamou;28;1;Stamou;Stamou;
stamou;29;1;Stamou;Stamou;
stamou;30;1;Stamou;Stamou;
stamou;31;1;Stamou;Stamou;
cpitegus;1;1;Cpitegus;Cpitegus;
cpitegus;2;1;Cpitegus;Cpitegus;
cpitegus;3;1;Cpitegus;Cpitegus;
ppgdenmark;26;1;Ppgdenmark;Ppgdenmark;
ppgdenmark;27;1;Ppgdenmark;Ppgdenmark;
ppgdenmark;28;1;Ppgdenmark;Ppgdenmark;
ppgdenmark;29;1;Ppgdenmark;Ppgdenmark;
ppgdenmark;30;1;Ppgdenmark;Ppgdenmark;
ppgdenmark;31;1;Ppgdenmark;Ppgdenmark;
ppgdenmark;32;1;Ppgdenmark;Ppgdenmark;
ppgdenmark;33;1;Ppgdenmark;Ppgdenmark;
ppgdenmark;34;1;Ppgdenmark;Ppgdenmark;
ppgdenmark;35;1;Ppgdenmark;Ppgdenmark;
ppgdenmark;36;1;Ppgdenmark;Ppgdenmark;
ppgdenmark;37;1;Ppgdenmark;Ppgdenmark;
ppgdenmark;38;1;Ppgdenmark;Ppgdenmark;
ppgdenmark;39;1;Ppgdenmark;Ppgdenmark;
ppgdenmark;40;1;Ppgdenmark;Ppgdenmark;
ppgdenmark;41;1;Ppgdenmark;Ppgdenmark;
canway;33;1;Default;Default;
canway;43;1;Default;Default;
canway;51;1;Default;Default;
canway;60;1;Default;Default;
canway;63;1;Default;Default;
canway;70;1;Default;Default;
canway;79;1;Default;Default;
canway;87;1;Default;Default;
canway;92;1;Default;Default;
canway;93;1;Default;Default;
canway;94;1;Default;Default;
canway;103;1;Default;Default;
canway;106;1;Default;Default;
canway;107;1;Default;Default;
canway;108;1;Default;Default;
canway;109;1;Default;Default;
canway;110;1;Default;Default;
canway;113;1;Default;Default;
canway;116;1;Default;Default;
canway;117;1;Default;Default;
rightpack;1;1;Rightpack;Rightpack;
rightpack;2;1;Rightpack;Rightpack;
rightpack;3;1;Rightpack;Rightpack;
orangepackaging;2;1;Orangepackaging;Orangepackaging;
orangepackaging;3;1;Orangepackaging;Orangepackaging;
orangepackaging;4;1;Orangepackaging;Orangepackaging;
orangepackaging;5;1;Orangepackaging;Orangepackaging;
orangepackaging;6;1;Orangepackaging;Orangepackaging;
orangepackaging;7;1;Orangepackaging;Orangepackaging;
orangepackaging;8;1;Orangepackaging;Orangepackaging;
orangepackaging;9;1;Orangepackaging;Orangepackaging;
orangepackaging;10;1;Orangepackaging;Orangepackaging;
orangepackaging;11;1;Orangepackaging;Orangepackaging;
orangepackaging;12;1;Orangepackaging;Orangepackaging;
orangepackaging;13;1;Orangepackaging;Orangepackaging;
orangepackaging;14;1;Orangepackaging;Orangepackaging;
orangepackaging;15;1;Orangepackaging;Orangepackaging;
orangepackaging;17;1;Orangepackaging;Orangepackaging;
orangepackaging;18;1;Orangepackaging;Orangepackaging;
orangepackaging;20;1;Orangepackaging;Orangepackaging;
tenachem;1;1;Dobele;Dobele;
tenachem;2;1;Dobele;Dobele;
tenachem;3;1;Dobele;Dobele;
tenachem;4;1;Dobele;Dobele;
tenachem;5;1;Dobele;Dobele;
tenachem;6;1;Dobele;Dobele;
tenachem;7;1;Dobele;Dobele;
tenachem;8;1;Dobele;Dobele;
tenachem;9;1;Dobele;Dobele;
palace;1;1;Palace;Palace;
palace;2;1;Palace;Palace;
palace;3;1;Palace;Palace;
lem;1;1;LEM Bulgaria - Floor 2;LEM Bulgaria - Floor 2;
lem;2;1;LEM Bulgaria - Floor 2;LEM Bulgaria - Floor 2;
lem;3;1;LEM Bulgaria - Floor 2;LEM Bulgaria - Floor 2;
lem;4;1;LEM Bulgaria - Floor 2;LEM Bulgaria - Floor 2;
lem;5;1;LEM Bulgaria - Floor 2;LEM Bulgaria - Floor 2;
lem;6;1;LEM Bulgaria - Floor 2;LEM Bulgaria - Floor 2;
lem;7;1;LEM Bulgaria - Floor 2;LEM Bulgaria - Floor 2;
lem;8;1;LEM Bulgaria - Floor 2;LEM Bulgaria - Floor 2;
lem;9;1;LEM Bulgaria - Floor 2;LEM Bulgaria - Floor 2;
lem;10;1;LEM Bulgaria - Floor 2;LEM Bulgaria - Floor 2;
vmm;5;1;vmm;vmm;
vmm;6;1;vmm;vmm;
vmm;7;1;vmm;vmm;
haltonoy;1;1;Halton Buildings Kausala;Halton Buildings Kausala;
haltonoy;2;1;Halton Buildings Kausala;Halton Buildings Kausala;
haltonoy;3;1;Halton Buildings Kausala;Halton Buildings Kausala;
haltonoy;4;1;Halton Buildings Kausala;Halton Buildings Kausala;
chatzikosmas;1;1;Chatzikosmas;Chatzikosmas;
chatzikosmas;3;1;Chatzikosmas;Chatzikosmas;
chatzikosmas;4;1;Chatzikosmas;Chatzikosmas;
chatzikosmas;8;1;Chatzikosmas;Chatzikosmas;
chatzikosmas;9;1;Chatzikosmas;Chatzikosmas;
chatzikosmas;10;1;Chatzikosmas;Chatzikosmas;
chatzikosmas;11;1;Chatzikosmas;Chatzikosmas;
chatzikosmas;12;1;Chatzikosmas;Chatzikosmas;
chatzikosmas;13;1;Chatzikosmas;Chatzikosmas;
chatzikosmas;15;1;Chatzikosmas;Chatzikosmas;
chatzikosmas;16;1;Chatzikosmas;Chatzikosmas;
chatzikosmas;17;1;Chatzikosmas;Chatzikosmas;
hexonic;6;1;Default;Default;
hexonic;7;1;Default;Default;
hexonic;8;1;Default;Default;
hexonic;9;1;Default;Default;
hexonic;10;1;Default;Default;
hexonic;11;1;Default;Default;
hexonic;12;1;Default;Default;
hexonic;13;1;Default;Default;
hexonic;15;1;Default;Default;
hexonic;16;1;Default;Default;
hexonic;19;1;Default;Default;
hexonic;20;1;Default;Default;
hexonic;25;1;Default;Default;
hexonic;26;1;Default;Default;
hexonic;27;1;Default;Default;
hexonic;30;1;Default;Default;
hexonic;34;1;Default;Default;
hexonic;35;1;Default;Default;
hexonic;36;1;Default;Default;
hexonic;37;1;Default;Default;
hexonic;38;1;Default;Default;
hexonic;39;1;Default;Default;
hexonic;40;1;Default;Default;
hexonic;43;1;Default;Default;
hexonic;44;1;Default;Default;
hexonic;45;1;Default;Default;
hexonic;47;1;Default;Default;
hexonic;48;1;Default;Default;
hexonic;49;1;Default;Default;
hexonic;50;1;Default;Default;
aluk;7;1;Default;Default;
aluk;8;1;Default;Default;
aluk;10;1;Default;Default;
aluk;13;1;Default;Default;
aluk;14;1;Default;Default;
aluk;17;1;Default;Default;
aluk;20;1;Default;Default;
aluk;22;1;Default;Default;
aluk;32;1;Default;Default;
aluk;33;1;Default;Default;
aluk;35;1;Default;Default;
aluk;49;1;Default;Default;
aluk;54;1;Default;Default;
aluk;55;1;Default;Default;
aluk;57;1;Default;Default;
aluk;58;1;Default;Default;
aluk;59;1;Default;Default;
barbastathis;2;1;Default;Default;
barbastathis;3;1;Default;Default;
barbastathis;4;1;Default;Default;
barbastathis;5;1;Default;Default;
barbastathis;6;1;Default;Default;
barbastathis;7;1;Default;Default;
barbastathis;8;1;Default;Default;
barbastathis;9;1;Default;Default;
barbastathis;10;1;Default;Default;
barbastathis;11;1;Default;Default;
barbastathis;12;1;Default;Default;
barbastathis;13;1;Default;Default;
barbastathis;14;1;Default;Default;
barbastathis;15;1;Default;Default;
barbastathis;16;1;Default;Default;
barbastathis;17;1;Default;Default;
barbastathis;18;1;Default;Default;
barbastathis;20;1;Default;Default;
barbastathis;21;1;Default;Default;
barbastathis;22;1;Default;Default;
barbastathis;23;1;Default;Default;
barbastathis;24;1;Default;Default;
barbastathis;25;1;Default;Default;
barbastathis;26;1;Default;Default;
barbastathis;27;1;Default;Default;
kronos;1;1;kronos;kronos;
kronos;2;1;kronos;kronos;
kronos;3;1;kronos;kronos;
alhellas;1;1;ΠΑΡΑΓΩΓΗ ΑΝΟΔΩΝ;ΠΑΡΑΓΩΓΗ ΑΝΟΔΩΝ;
alhellas;2;1;ΠΑΡΑΓΩΓΗ ΑΝΟΔΩΝ;ΠΑΡΑΓΩΓΗ ΑΝΟΔΩΝ;
alhellas;3;1;ΠΑΡΑΓΩΓΗ ΑΝΟΔΩΝ;ΠΑΡΑΓΩΓΗ ΑΝΟΔΩΝ;
alhellas;4;1;ΠΑΡΑΓΩΓΗ ΑΝΟΔΩΝ;ΠΑΡΑΓΩΓΗ ΑΝΟΔΩΝ;
alhellas;5;1;ΠΑΡΑΓΩΓΗ ΑΝΟΔΩΝ;ΠΑΡΑΓΩΓΗ ΑΝΟΔΩΝ;
alhellas;6;1;ΠΑΡΑΓΩΓΗ ΑΝΟΔΩΝ;ΠΑΡΑΓΩΓΗ ΑΝΟΔΩΝ;
alhellas;7;1;ΠΑΡΑΓΩΓΗ ΑΝΟΔΩΝ;ΠΑΡΑΓΩΓΗ ΑΝΟΔΩΝ;
alhellas;8;1;ΠΑΡΑΓΩΓΗ ΑΝΟΔΩΝ;ΠΑΡΑΓΩΓΗ ΑΝΟΔΩΝ;
alhellas;9;1;ΠΑΡΑΓΩΓΗ ΑΝΟΔΩΝ;ΠΑΡΑΓΩΓΗ ΑΝΟΔΩΝ;
alhellas;10;1;ΠΑΡΑΓΩΓΗ ΑΝΟΔΩΝ;ΠΑΡΑΓΩΓΗ ΑΝΟΔΩΝ;
alhellas;11;1;ΠΑΡΑΓΩΓΗ ΑΝΟΔΩΝ;ΠΑΡΑΓΩΓΗ ΑΝΟΔΩΝ;
alhellas;12;1;ΠΑΡΑΓΩΓΗ ΑΝΟΔΩΝ;ΠΑΡΑΓΩΓΗ ΑΝΟΔΩΝ;
coats;2;1;Default;Default;
coats;64;1;Default;Default;
coats;65;1;Default;Default;
coats;66;1;Default;Default;
coats;67;1;Default;Default;
coats;68;1;Default;Default;
coats;69;1;Default;Default;
coats;70;1;Default;Default;
coats;71;1;Default;Default;
coats;72;1;Default;Default;
coats;73;1;Default;Default;
coats;74;1;Default;Default;
coats;75;1;Default;Default;
coats;76;1;Default;Default;
coats;77;1;Default;Default;
coats;78;1;Default;Default;
coats;79;1;Default;Default;
coats;80;1;Default;Default;
coats;81;1;Default;Default;
coats;82;1;Default;Default;
coats;83;1;Default;Default;
coats;84;1;Default;Default;
coats;85;1;Default;Default;
coats;86;1;Default;Default;
coats;87;1;Default;Default;
coats;88;1;Default;Default;
coats;89;1;Default;Default;
coats;90;1;Default;Default;
coats;91;1;Default;Default;
coats;92;1;Default;Default;
coats;93;1;Default;Default;
coats;94;1;Default;Default;
coats;95;1;Default;Default;
coats;96;1;Default;Default;
coats;97;1;Default;Default;
coats;98;1;Default;Default;
coats;99;1;Default;Default;
coats;100;1;Default;Default;
coats;101;1;Default;Default;
coats;102;1;Default;Default;
coats;103;1;Default;Default;
coats;104;1;Default;Default;
coats;105;1;Default;Default;
coats;106;1;Default;Default;
coats;107;1;Default;Default;
coats;108;1;Default;Default;
coats;109;1;Default;Default;
coats;110;1;Default;Default;
coats;111;1;Default;Default;
coats;112;1;Default;Default;
coats;113;1;Default;Default;
coats;114;1;Default;Default;
coats;115;1;Default;Default;
coats;116;1;Default;Default;
coats;117;1;Default;Default;
coats;118;1;Default;Default;
coats;119;1;Default;Default;
coats;120;1;Default;Default;
coats;121;1;Default;Default;
coats;122;1;Default;Default;
coats;123;1;Default;Default;
coats;124;1;Default;Default;
coats;125;1;Default;Default;
coats;126;1;Default;Default;
coats;127;1;Default;Default;
coats;130;1;Default;Default;
coats;131;1;Default;Default;
coats;132;1;Default;Default;
coats;133;1;Default;Default;
coats;134;1;Default;Default;
rgroup;2;1;Default;Default;
rgroup;3;1;Default;Default;
rgroup;4;1;Default;Default;
rgroup;11;1;Default;Default;
rgroup;18;1;Default;Default;
rgroup;21;1;Default;Default;
rgroup;25;1;Default;Default;
rgroup;30;1;Default;Default;
rgroup;32;1;Default;Default;
rgroup;34;1;Default;Default;
rgroup;35;1;Default;Default;
rgroup;37;1;Default;Default;
rgroup;38;1;Default;Default;
rgroup;39;1;Default;Default;
hornbaek;1;1;HBA;HBA;
hornbaek;4;1;HBA;HBA;
hornbaek;5;1;HBA;HBA;
hornbaek;6;1;HBA;HBA;
hornbaek;7;1;HBA;HBA;
hornbaek;10;1;HBA;HBA;
hornbaek;15;1;HBA;HBA;
hornbaek;16;1;HBA;HBA;
hornbaek;17;1;HBA;HBA;
hornbaek;20;1;HBA;HBA;
hornbaek;21;1;HBA;HBA;
hornbaek;25;1;HBA;HBA;
hornbaek;31;1;HBA;HBA;
hornbaek;33;1;HBA;HBA;
hornbaek;36;1;HBA;HBA;
hornbaek;40;1;HBA;HBA;
hornbaek;41;1;HBA;HBA;
hornbaek;42;1;HBA;HBA;
hornbaek;43;1;HBA;HBA;
hornbaek;44;1;Vahle;Vahle;
hornbaek;45;1;Vahle;Vahle;
hornbaek;46;1;HBA;HBA;
hornbaek;47;1;HBA;HBA;
hornbaek;51;1;HDK;HDK;
hornbaek;52;1;HDK;HDK;
hornbaek;57;1;HBA;HBA;
hornbaek;68;1;HBA;HBA;
hornbaek;72;1;HBA;HBA;
hornbaek;73;1;HBA;HBA;
hornbaek;85;1;HDK;HDK;
hornbaek;87;1;HBA;HBA;
hornbaek;88;1;HBA;HBA;
hornbaek;89;1;HBA;HBA;
hornbaek;92;1;HBA;HBA;
hornbaek;93;1;HBA;HBA;
hornbaek;95;1;HBA;HBA;
hornbaek;97;1;HBA;HBA;
hornbaek;99;1;HBA;HBA;
hornbaek;100;1;HBA;HBA;
hornbaek;101;1;HBA;HBA;
hornbaek;102;0;;;no stations, no factory - needs a decision
hornbaek;103;0;;;no stations, no factory - needs a decision
hornbaek;104;1;Vahle;Vahle;
hornbaek;105;1;HBA;HBA;
hornbaek;106;1;HBA;HBA;
hornbaek;107;1;HBA;HBA;
cocacolacameroon;3;1;Gracedom;Gracedom;
cocacolacameroon;4;1;Gracedom;Gracedom;
cocacolacameroon;5;1;Gracedom;Gracedom;
cocacolacameroon;6;1;Gracedom;Gracedom;
cocacolacameroon;7;1;Gracedom;Gracedom;
cocacolacameroon;8;1;Gracedom;Gracedom;
cocacolacameroon;9;1;Gracedom;Gracedom;
cocacolacameroon;10;1;Gracedom;Gracedom;
cocacolacameroon;11;1;Gracedom;Gracedom;
cocacolacameroon;12;1;Gracedom;Gracedom;
cocacolacameroon;13;1;Gracedom;Gracedom;
cocacolacameroon;14;1;Gracedom;Gracedom;
cocacolacameroon;15;1;Gracedom;Gracedom;
cocacolacameroon;16;1;Gracedom;Gracedom;
cocacolacameroon;17;1;Gracedom;Gracedom;
cocacolacameroon;18;1;Gracedom;Gracedom;
cocacolacameroon;19;1;Gracedom;Gracedom;
cocacolacameroon;20;1;Gracedom;Gracedom;
cocacolacameroon;21;1;Gracedom;Gracedom;
cocacolacameroon;22;1;Gracedom;Gracedom;
cocacolacameroon;23;1;Gracedom;Gracedom;
cocacolacameroon;24;1;Gracedom;Gracedom;
cocacolacameroon;25;1;Gracedom;Gracedom;
cocacolacameroon;26;1;Gracedom;Gracedom;
cocacolacameroon;27;1;Gracedom;Gracedom;
cocacolacameroon;28;1;Gracedom;Gracedom;
cocacolacameroon;29;1;Gracedom;Gracedom;
cocacolacameroon;30;1;Gracedom;Gracedom;
cocacolacameroon;31;1;Gracedom;Gracedom;
cocacolacameroon;32;1;Gracedom;Gracedom;
cocacolacameroon;33;1;Gracedom;Gracedom;
cocacolacameroon;34;1;Gracedom;Gracedom;
cocacolacameroon;35;1;Gracedom;Gracedom;
cocacolacameroon;36;1;Gracedom;Gracedom;
cocacolacameroon;37;1;Gracedom;Gracedom;
cocacolacameroon;38;1;Gracedom;Gracedom;
cocacolacameroon;39;1;Gracedom;Gracedom;
cocacolacameroon;40;1;Gracedom;Gracedom;
cocacolacameroon;41;1;Gracedom;Gracedom;
cocacolacameroon;42;1;Gracedom;Gracedom;
cocacolacameroon;43;1;Gracedom;Gracedom;
cocacolacameroon;44;1;Gracedom;Gracedom;
cocacolacameroon;45;1;Gracedom;Gracedom;
cocacolacameroon;46;1;Gracedom;Gracedom;
cocacolacameroon;47;1;Gracedom;Gracedom;
cocacolacameroon;48;1;Gracedom;Gracedom;
cocacolacameroon;49;1;Gracedom;Gracedom;
cocacolacameroon;50;1;Gracedom;Gracedom;
cocacolacameroon;51;1;Gracedom;Gracedom;
cocacolacameroon;52;1;Gracedom;Gracedom;
cocacolacameroon;53;1;Gracedom;Gracedom;
cocacolacameroon;54;1;Gracedom;Gracedom;
cocacolacameroon;55;1;Gracedom;Gracedom;
cocacolacameroon;56;1;Gracedom;Gracedom;
cocacolacameroon;57;1;Gracedom;Gracedom;
cocacolacameroon;58;1;Gracedom;Gracedom;
cocacolacameroon;59;1;Gracedom;Gracedom;
cocacolacameroon;60;1;Gracedom;Gracedom;
cocacolacameroon;61;1;Gracedom;Gracedom;
thrace;1;1;Thermoforming;Thermoforming;
thrace;2;1;Thermoforming;Thermoforming;
thrace;3;1;Thermoforming;Thermoforming;
thrace;4;1;Thermoforming;Thermoforming;
thrace;5;1;Printing;Printing;
thrace;6;1;Printing;Printing;
thrace;7;1;Printing;Printing;
thrace;8;1;Printing;Printing;
thrace;9;2;Paper Cups, Paper Punching;Paper Cups, Paper Punching;multi-factory
thrace;10;1;Injection;Injection;
thrace;11;1;Injection;Injection;
thrace;12;1;Injection;Injection;
thrace;18;1;Injection;Injection;
thrace;19;1;Injection;Injection;
thrace;21;1;Injection;Injection;
thrace;23;1;Injection;Injection;
thrace;24;1;Injection;Injection;
thrace;25;1;Injection;Injection;
thrace;26;1;Injection;Injection;
thrace;27;1;Injection;Injection;
thrace;28;1;Injection;Injection;
thrace;29;1;Injection;Injection;
thrace;30;1;Injection;Injection;
thrace;32;1;Injection;Injection;
thrace;33;1;Injection;Injection;
thrace;35;1;Injection;Injection;
thrace;36;1;Injection;Injection;
thrace;38;1;Extrusion;Extrusion;
thrace;39;1;Extrusion;Extrusion;
thrace;40;1;Extrusion;Extrusion;
thrace;41;1;Extrusion;Extrusion;
thrace;42;2;Extrusion, Thermoforming;Extrusion, Thermoforming;multi-factory
thrace;43;2;Printing, Thermoforming;Printing, Thermoforming;multi-factory
thrace;44;1;Printing;Printing;
thrace;45;2;Printing, Thermoforming;Printing, Thermoforming;multi-factory
thrace;46;2;Printing, Thermoforming;Printing, Thermoforming;multi-factory
thrace;47;2;Printing, Thermoforming;Printing, Thermoforming;multi-factory
thrace;48;2;Printing, Thermoforming;Printing, Thermoforming;multi-factory
thrace;49;2;Printing, Thermoforming;Printing, Thermoforming;multi-factory
thrace;50;2;Printing, Thermoforming;Printing, Thermoforming;multi-factory
thrace;52;2;Printing, Thermoforming;Printing, Thermoforming;multi-factory
thrace;53;2;Printing, Thermoforming;Printing, Thermoforming;multi-factory
thrace;54;2;Printing, Thermoforming;Printing, Thermoforming;multi-factory
thrace;55;2;Printing, Thermoforming;Printing, Thermoforming;multi-factory
thrace;57;2;Printing, Thermoforming;Printing, Thermoforming;multi-factory
thrace;58;2;Paper Cups, Paper Punching;Paper Cups, Paper Punching;multi-factory
thrace;59;2;Printing, Thermoforming;Printing, Thermoforming;multi-factory
thrace;60;2;Printing, Thermoforming;Printing, Thermoforming;multi-factory
thrace;61;2;Printing, Thermoforming;Printing, Thermoforming;multi-factory
thrace;63;2;Printing, Thermoforming;Printing, Thermoforming;multi-factory
thrace;64;2;Printing, Thermoforming;Printing, Thermoforming;multi-factory
thrace;65;2;Printing, Thermoforming;Printing, Thermoforming;multi-factory
thrace;66;2;Printing, Thermoforming;Printing, Thermoforming;multi-factory
thrace;67;2;Printing, Thermoforming;Printing, Thermoforming;multi-factory
thrace;68;2;Printing, Thermoforming;Printing, Thermoforming;multi-factory
thrace;71;2;Printing, Thermoforming;Printing, Thermoforming;multi-factory
thrace;72;2;Printing, Thermoforming;Printing, Thermoforming;multi-factory
thrace;73;2;Printing, Thermoforming;Printing, Thermoforming;multi-factory
thrace;74;1;Injection;Injection;
thrace;75;1;Injection;Injection;
thrace;76;2;Paper Cups, Paper Punching;Paper Cups, Paper Punching;multi-factory
thrace;78;1;Thermoforming;Thermoforming;
thrace;79;1;Thermoforming;Thermoforming;
thrace;80;1;Thermoforming;Thermoforming;
thrace;81;1;Thermoforming;Thermoforming;
thrace;83;1;Thermoforming;Thermoforming;
thrace;84;2;Printing, Thermoforming;Printing, Thermoforming;multi-factory
thrace;85;2;Printing, Thermoforming;Printing, Thermoforming;multi-factory
thrace;86;1;Thermoforming;Thermoforming;
thrace;88;1;Thermoforming;Thermoforming;
thrace;89;1;Thermoforming;Thermoforming;
thrace;90;1;Thermoforming;Thermoforming;
thrace;91;1;Thermoforming;Thermoforming;
thrace;92;1;Thermoforming;Thermoforming;
thrace;93;2;Printing, Thermoforming;Printing, Thermoforming;multi-factory
thrace;94;2;Printing, Thermoforming;Printing, Thermoforming;multi-factory
thrace;95;1;Thermoforming;Thermoforming;
thrace;96;1;Thermoforming;Thermoforming;
thrace;97;1;Thermoforming;Thermoforming;
thrace;98;1;Thermoforming;Thermoforming;
thrace;99;1;Thermoforming;Thermoforming;
thrace;100;2;Printing, Thermoforming;Printing, Thermoforming;multi-factory
thrace;101;1;Thermoforming;Thermoforming;
thrace;102;2;Printing, Thermoforming;Printing, Thermoforming;multi-factory
thrace;103;1;Thermoforming;Thermoforming;
thrace;104;1;Injection;Injection;
thrace;107;1;Printing;Printing;
thrace;109;1;Injection;Injection;
thrace;110;1;Injection;Injection;
thrace;113;1;Injection;Injection;
thrace;117;2;Printing, Thermoforming;Printing, Thermoforming;multi-factory
thrace;121;2;Paper Cups, Paper Punching;Paper Cups, Paper Punching;multi-factory
thrace;133;1;Thermoforming;Thermoforming;
thrace;139;1;Injection;Injection;
thrace;140;1;Injection;Injection;
thrace;143;1;Thermoforming;Thermoforming;
thrace;147;1;Injection;Injection;
thrace;148;1;Injection;Injection;
thrace;152;1;Injection;Injection;
thrace;153;1;Thermoforming;Thermoforming;
thrace;154;1;Printing;Printing;
thrace;155;1;Injection;Injection;
thrace;157;1;Thermoforming;Thermoforming;
thrace;162;1;Injection;Injection;
thrace;169;1;Injection;Injection;
thrace;171;1;Printing;Printing;
thrace;175;2;Printing, Thermoforming;Printing, Thermoforming;multi-factory
thrace;178;2;Injection, Printing;Injection, Printing;multi-factory
thrace;184;1;Injection;Injection;
thrace;185;2;Injection, Raw Materials;Injection, Raw Materials;multi-factory
thrace;186;1;Thermoforming;Thermoforming;
thrace;187;1;Xanthi Injection;Xanthi Injection;
thrace;188;1;Xanthi Injection;Xanthi Injection;
thrace;189;1;Xanthi Injection;Xanthi Injection;
thrace;190;1;Xanthi Injection;Xanthi Injection;
thrace;191;1;Thermoforming;Thermoforming;
thrace;195;1;Thermoforming;Thermoforming;
thrace;196;2;Printing, Thermoforming;Printing, Thermoforming;multi-factory
thrace;199;1;Injection;Injection;
thrace;205;1;Injection;Injection;
thrace;207;1;Injection;Injection;
thrace;208;1;Injection;Injection;
thrace;209;2;Paper Cups, Paper Punching;Paper Cups, Paper Punching;multi-factory
thrace;212;2;Printing, Thermoforming;Printing, Thermoforming;multi-factory
thrace;216;1;Thermoforming;Thermoforming;
thrace;217;2;Printing, Thermoforming;Printing, Thermoforming;multi-factory
thrace;219;1;Injection;Injection;
thrace;224;1;Injection;Injection;
thrace;226;2;Injection, Printing;Injection, Printing;multi-factory
thrace;235;2;Paper Cups, Paper Punching;Paper Cups, Paper Punching;multi-factory
thrace;236;1;Printing;Printing;
thrace;238;1;Injection;Injection;
thrace;240;1;Thermoforming;Thermoforming;
thrace;242;1;Printing;Printing;
thrace;243;1;Injection;Injection;
thrace;244;1;Injection;Injection;
thrace;246;1;Printing;Printing;
thrace;247;1;Thermoforming;Thermoforming;
thrace;248;2;Printing, Thermoforming;Printing, Thermoforming;multi-factory
thrace;249;2;Printing, Thermoforming;Printing, Thermoforming;multi-factory
thrace;250;1;Thermoforming;Thermoforming;
thrace;251;1;Thermoforming;Thermoforming;
thrace;252;2;Extrusion, Thermoforming;Extrusion, Thermoforming;multi-factory
thrace;255;1;Printing;Printing;
thrace;258;1;Injection;Injection;
thrace;259;1;Injection;Injection;
thrace;260;2;Paper Cups, Paper Punching;Paper Cups, Paper Punching;multi-factory
thrace;262;2;Printing, Thermoforming;Printing, Thermoforming;multi-factory
thrace;263;1;Extrusion;Extrusion;
thrace;264;1;Thermoforming;Thermoforming;
thrace;269;2;Extrusion, Thermoforming;Extrusion, Thermoforming;multi-factory
thrace;270;1;Thermoforming;Thermoforming;
thrace;271;1;Thermoforming;Thermoforming;
thrace;272;1;Thermoforming;Thermoforming;
thrace;276;1;Injection;Injection;
thrace;278;1;Injection;Injection;
thrace;279;1;Thermoforming;Thermoforming;
thrace;280;2;Printing, Thermoforming;Printing, Thermoforming;multi-factory
thrace;281;1;Printing;Printing;
thrace;282;1;Thermoforming;Thermoforming;
thrace;283;1;Injection;Injection;
thrace;289;1;Printing;Printing;
thrace;290;1;Thermoforming;Thermoforming;
thrace;291;1;Thermoforming;Thermoforming;
thrace;292;1;Injection;Injection;
thrace;294;1;Thermoforming;Thermoforming;
thrace;295;1;Thermoforming;Thermoforming;
thrace;296;1;Injection;Injection;
thrace;297;1;Injection;Injection;
thrace;298;1;Injection;Injection;
thrace;299;2;Paper Cups, Paper Punching;Paper Cups, Paper Punching;multi-factory
thrace;300;2;Paper Cups, Paper Punching;Paper Cups, Paper Punching;multi-factory
thrace;301;2;Paper Cups, Paper Punching;Paper Cups, Paper Punching;multi-factory
thrace;302;1;Injection;Injection;
thrace;303;1;Thermoforming;Thermoforming;
plastimak;1;1;Default;Default;
plastimak;2;1;Default;Default;
plastimak;4;1;Default;Default;
plastimak;5;1;Default;Default;
plastimak;6;1;Default;Default;
plastimak;7;1;Default;Default;
plastimak;8;1;Default;Default;
antiguadistillery;1;1;Default;Default;
antiguadistillery;2;1;Default;Default;
antiguadistillery;3;1;Default;Default;
antiguadistillery;4;1;Default;Default;
antiguadistillery;5;1;Default;Default;
antiguadistillery;6;1;Default;Default;
antiguadistillery;8;1;Default;Default;
antiguadistillery;9;1;Default;Default;
antiguadistillery;10;1;Default;Default;
antiguadistillery;11;1;Default;Default;
veridosmatsoukis;1;1;Veridosmatsoukis;Veridosmatsoukis;
veridosmatsoukis;3;1;Veridosmatsoukis;Veridosmatsoukis;
veridosmatsoukis;4;1;Veridosmatsoukis;Veridosmatsoukis;
veridosmatsoukis;5;1;Veridosmatsoukis;Veridosmatsoukis;
veridosmatsoukis;6;1;Veridosmatsoukis;Veridosmatsoukis;
veridosmatsoukis;7;1;Veridosmatsoukis;Veridosmatsoukis;
veridosmatsoukis;9;1;Veridosmatsoukis;Veridosmatsoukis;
veridosmatsoukis;10;1;Veridosmatsoukis;Veridosmatsoukis;
veridosmatsoukis;11;1;Veridosmatsoukis;Veridosmatsoukis;
veridosmatsoukis;12;1;Veridosmatsoukis;Veridosmatsoukis;
veridosmatsoukis;13;1;Veridosmatsoukis;Veridosmatsoukis;
veridosmatsoukis;14;1;Veridosmatsoukis;Veridosmatsoukis;
veridosmatsoukis;15;1;Veridosmatsoukis;Veridosmatsoukis;
veridosmatsoukis;16;1;Veridosmatsoukis;Veridosmatsoukis;
veridosmatsoukis;17;1;Veridosmatsoukis;Veridosmatsoukis;
veridosmatsoukis;18;1;Veridosmatsoukis;Veridosmatsoukis;
veridosmatsoukis;19;1;Veridosmatsoukis;Veridosmatsoukis;
veridosmatsoukis;20;1;Veridosmatsoukis;Veridosmatsoukis;
veridosmatsoukis;21;1;Veridosmatsoukis;Veridosmatsoukis;
veridosmatsoukis;22;1;Veridosmatsoukis;Veridosmatsoukis;
veridosmatsoukis;23;1;Veridosmatsoukis;Veridosmatsoukis;
veridosmatsoukis;24;1;Veridosmatsoukis;Veridosmatsoukis;
veridosmatsoukis;25;1;Veridosmatsoukis;Veridosmatsoukis;
veridosmatsoukis;26;1;Veridosmatsoukis;Veridosmatsoukis;
veridosmatsoukis;27;1;Veridosmatsoukis;Veridosmatsoukis;
veridosmatsoukis;29;1;Veridosmatsoukis;Veridosmatsoukis;
veridosmatsoukis;30;1;Veridosmatsoukis;Veridosmatsoukis;
veridosmatsoukis;31;1;Veridosmatsoukis;Veridosmatsoukis;
veridosmatsoukis;32;1;Veridosmatsoukis;Veridosmatsoukis;
veridosmatsoukis;33;1;Veridosmatsoukis;Veridosmatsoukis;
veridosmatsoukis;34;1;Veridosmatsoukis;Veridosmatsoukis;
veridosmatsoukis;35;1;Veridosmatsoukis;Veridosmatsoukis;
veridosmatsoukis;36;1;Veridosmatsoukis;Veridosmatsoukis;
veridosmatsoukis;37;1;Veridosmatsoukis;Veridosmatsoukis;
veridosmatsoukis;38;1;Veridosmatsoukis;Veridosmatsoukis;
veridosmatsoukis;39;1;Veridosmatsoukis;Veridosmatsoukis;
veridosmatsoukis;40;1;Veridosmatsoukis;Veridosmatsoukis;
veridosmatsoukis;41;1;Veridosmatsoukis;Veridosmatsoukis;
veridosmatsoukis;42;1;Veridosmatsoukis;Veridosmatsoukis;
veridosmatsoukis;43;1;Veridosmatsoukis;Veridosmatsoukis;
veridosmatsoukis;44;1;Veridosmatsoukis;Veridosmatsoukis;
veridosmatsoukis;45;1;Veridosmatsoukis;Veridosmatsoukis;
veridosmatsoukis;46;1;Veridosmatsoukis;Veridosmatsoukis;
veridosmatsoukis;47;1;Veridosmatsoukis;Veridosmatsoukis;
veridosmatsoukis;48;1;Veridosmatsoukis;Veridosmatsoukis;
veridosmatsoukis;49;1;Veridosmatsoukis;Veridosmatsoukis;
veridosmatsoukis;50;1;Veridosmatsoukis;Veridosmatsoukis;
veridosmatsoukis;51;1;Veridosmatsoukis;Veridosmatsoukis;
veridosmatsoukis;52;1;Veridosmatsoukis;Veridosmatsoukis;
veridosmatsoukis;54;1;Veridosmatsoukis;Veridosmatsoukis;
veridosmatsoukis;55;1;Veridosmatsoukis;Veridosmatsoukis;
veridosmatsoukis;56;1;Veridosmatsoukis;Veridosmatsoukis;
veridosmatsoukis;57;1;Veridosmatsoukis;Veridosmatsoukis;
veridosmatsoukis;58;1;Veridosmatsoukis;Veridosmatsoukis;
veridosmatsoukis;59;1;Veridosmatsoukis;Veridosmatsoukis;
veridosmatsoukis;60;1;Veridosmatsoukis;Veridosmatsoukis;
veridosmatsoukis;61;1;Veridosmatsoukis;Veridosmatsoukis;
veridosmatsoukis;62;1;Veridosmatsoukis;Veridosmatsoukis;
veridosmatsoukis;63;1;Veridosmatsoukis;Veridosmatsoukis;
veridosmatsoukis;64;1;Veridosmatsoukis;Veridosmatsoukis;
veridosmatsoukis;65;1;Veridosmatsoukis;Veridosmatsoukis;
veridosmatsoukis;66;1;Veridosmatsoukis;Veridosmatsoukis;
veridosmatsoukis;67;1;Veridosmatsoukis;Veridosmatsoukis;
veridosmatsoukis;68;1;Veridosmatsoukis;Veridosmatsoukis;
veridosmatsoukis;69;1;Veridosmatsoukis;Veridosmatsoukis;
veridosmatsoukis;70;1;Veridosmatsoukis;Veridosmatsoukis;
veridosmatsoukis;71;1;Veridosmatsoukis;Veridosmatsoukis;
veridosmatsoukis;72;1;Veridosmatsoukis;Veridosmatsoukis;
veridosmatsoukis;73;1;Veridosmatsoukis;Veridosmatsoukis;
veridosmatsoukis;74;1;Veridosmatsoukis;Veridosmatsoukis;
veridosmatsoukis;75;1;Veridosmatsoukis;Veridosmatsoukis;
veridosmatsoukis;76;1;Veridosmatsoukis;Veridosmatsoukis;
veridosmatsoukis;77;1;Veridosmatsoukis;Veridosmatsoukis;
veridosmatsoukis;78;1;Veridosmatsoukis;Veridosmatsoukis;
veridosmatsoukis;79;1;Veridosmatsoukis;Veridosmatsoukis;
veridosmatsoukis;80;1;Veridosmatsoukis;Veridosmatsoukis;
veridosmatsoukis;81;1;Veridosmatsoukis;Veridosmatsoukis;
veridosmatsoukis;82;1;Veridosmatsoukis;Veridosmatsoukis;
veridosmatsoukis;83;1;Veridosmatsoukis;Veridosmatsoukis;
veridosmatsoukis;84;1;Veridosmatsoukis;Veridosmatsoukis;
veridosmatsoukis;85;1;Veridosmatsoukis;Veridosmatsoukis;
veridosmatsoukis;86;1;Veridosmatsoukis;Veridosmatsoukis;
veridosmatsoukis;87;1;Veridosmatsoukis;Veridosmatsoukis;
veridosmatsoukis;88;1;Veridosmatsoukis;Veridosmatsoukis;
veridosmatsoukis;89;1;Veridosmatsoukis;Veridosmatsoukis;
veridosmatsoukis;90;1;Veridosmatsoukis;Veridosmatsoukis;
veridosmatsoukis;91;1;Veridosmatsoukis;Veridosmatsoukis;
veridosmatsoukis;92;1;Veridosmatsoukis;Veridosmatsoukis;
veridosmatsoukis;93;1;Veridosmatsoukis;Veridosmatsoukis;
veridosmatsoukis;94;1;Veridosmatsoukis;Veridosmatsoukis;
veridosmatsoukis;95;1;Veridosmatsoukis;Veridosmatsoukis;
veridosmatsoukis;96;1;Veridosmatsoukis;Veridosmatsoukis;
veridosmatsoukis;97;1;Veridosmatsoukis;Veridosmatsoukis;
veridosmatsoukis;98;1;Veridosmatsoukis;Veridosmatsoukis;
veridosmatsoukis;99;1;Veridosmatsoukis;Veridosmatsoukis;
veridosmatsoukis;100;1;Veridosmatsoukis;Veridosmatsoukis;
veridosmatsoukis;101;1;Veridosmatsoukis;Veridosmatsoukis;
veridosmatsoukis;102;1;Veridosmatsoukis;Veridosmatsoukis;
veridosmatsoukis;103;1;Veridosmatsoukis;Veridosmatsoukis;
veridosmatsoukis;104;1;Veridosmatsoukis;Veridosmatsoukis;
veridosmatsoukis;105;1;Veridosmatsoukis;Veridosmatsoukis;
veridosmatsoukis;106;1;Veridosmatsoukis;Veridosmatsoukis;
veridosmatsoukis;107;1;Veridosmatsoukis;Veridosmatsoukis;
veridosmatsoukis;108;1;Veridosmatsoukis;Veridosmatsoukis;
veridosmatsoukis;109;1;Veridosmatsoukis;Veridosmatsoukis;
veridosmatsoukis;110;1;Veridosmatsoukis;Veridosmatsoukis;
veridosmatsoukis;111;1;Veridosmatsoukis;Veridosmatsoukis;
veridosmatsoukis;112;1;Veridosmatsoukis;Veridosmatsoukis;
veridosmatsoukis;113;1;Veridosmatsoukis;Veridosmatsoukis;
veridosmatsoukis;114;1;Veridosmatsoukis;Veridosmatsoukis;
veridosmatsoukis;115;1;Veridosmatsoukis;Veridosmatsoukis;
veridosmatsoukis;116;1;Veridosmatsoukis;Veridosmatsoukis;
veridosmatsoukis;117;1;Veridosmatsoukis;Veridosmatsoukis;
veridosmatsoukis;118;1;Veridosmatsoukis;Veridosmatsoukis;
veridosmatsoukis;119;1;Veridosmatsoukis;Veridosmatsoukis;
veridosmatsoukis;120;1;Veridosmatsoukis;Veridosmatsoukis;
veridosmatsoukis;121;1;Veridosmatsoukis;Veridosmatsoukis;
veridosmatsoukis;122;1;Veridosmatsoukis;Veridosmatsoukis;
veridosmatsoukis;123;1;Veridosmatsoukis;Veridosmatsoukis;
veridosmatsoukis;124;1;Veridosmatsoukis;Veridosmatsoukis;
veridosmatsoukis;125;1;Veridosmatsoukis;Veridosmatsoukis;
veridosmatsoukis;126;1;Veridosmatsoukis;Veridosmatsoukis;
veridosmatsoukis;127;1;Veridosmatsoukis;Veridosmatsoukis;
veridosmatsoukis;128;1;Veridosmatsoukis;Veridosmatsoukis;
veridosmatsoukis;129;1;Veridosmatsoukis;Veridosmatsoukis;
veridosmatsoukis;130;1;Veridosmatsoukis;Veridosmatsoukis;
veridosmatsoukis;131;1;Veridosmatsoukis;Veridosmatsoukis;
veridosmatsoukis;132;1;Veridosmatsoukis;Veridosmatsoukis;
veridosmatsoukis;133;1;Veridosmatsoukis;Veridosmatsoukis;
veridosmatsoukis;134;1;Veridosmatsoukis;Veridosmatsoukis;
veridosmatsoukis;135;1;Veridosmatsoukis;Veridosmatsoukis;
veridosmatsoukis;136;1;Veridosmatsoukis;Veridosmatsoukis;
veridosmatsoukis;137;1;Veridosmatsoukis;Veridosmatsoukis;
veridosmatsoukis;138;1;Veridosmatsoukis;Veridosmatsoukis;
veridosmatsoukis;139;1;Veridosmatsoukis;Veridosmatsoukis;
veridosmatsoukis;140;1;Veridosmatsoukis;Veridosmatsoukis;
veridosmatsoukis;141;1;Veridosmatsoukis;Veridosmatsoukis;
veridosmatsoukis;142;1;Veridosmatsoukis;Veridosmatsoukis;
veridosmatsoukis;143;1;Veridosmatsoukis;Veridosmatsoukis;
veridosmatsoukis;144;1;Veridosmatsoukis;Veridosmatsoukis;
veridosmatsoukis;145;1;Veridosmatsoukis;Veridosmatsoukis;
veridosmatsoukis;146;1;Veridosmatsoukis;Veridosmatsoukis;
veridosmatsoukis;147;1;Veridosmatsoukis;Veridosmatsoukis;
veridosmatsoukis;148;1;Veridosmatsoukis;Veridosmatsoukis;
veridosmatsoukis;149;1;Veridosmatsoukis;Veridosmatsoukis;
veridosmatsoukis;150;1;Veridosmatsoukis;Veridosmatsoukis;
veridosmatsoukis;151;1;Veridosmatsoukis;Veridosmatsoukis;
veridosmatsoukis;152;1;Veridosmatsoukis;Veridosmatsoukis;
veridosmatsoukis;153;1;Veridosmatsoukis;Veridosmatsoukis;
veridosmatsoukis;154;1;Veridosmatsoukis;Veridosmatsoukis;
veridosmatsoukis;155;1;Veridosmatsoukis;Veridosmatsoukis;
veridosmatsoukis;156;1;Veridosmatsoukis;Veridosmatsoukis;
veridosmatsoukis;157;1;Veridosmatsoukis;Veridosmatsoukis;
veridosmatsoukis;158;1;Veridosmatsoukis;Veridosmatsoukis;
veridosmatsoukis;159;1;Veridosmatsoukis;Veridosmatsoukis;
veridosmatsoukis;160;1;Veridosmatsoukis;Veridosmatsoukis;
veridosmatsoukis;161;1;Veridosmatsoukis;Veridosmatsoukis;
veridosmatsoukis;162;1;Veridosmatsoukis;Veridosmatsoukis;
veridosmatsoukis;163;1;Veridosmatsoukis;Veridosmatsoukis;
veridosmatsoukis;164;1;Veridosmatsoukis;Veridosmatsoukis;
veridosmatsoukis;165;1;Veridosmatsoukis;Veridosmatsoukis;
veridosmatsoukis;166;1;Veridosmatsoukis;Veridosmatsoukis;
veridosmatsoukis;167;1;Veridosmatsoukis;Veridosmatsoukis;
veridosmatsoukis;168;1;Veridosmatsoukis;Veridosmatsoukis;
veridosmatsoukis;169;1;Veridosmatsoukis;Veridosmatsoukis;
veridosmatsoukis;170;1;Veridosmatsoukis;Veridosmatsoukis;
veridosmatsoukis;171;1;Veridosmatsoukis;Veridosmatsoukis;
veridosmatsoukis;172;1;Veridosmatsoukis;Veridosmatsoukis;
veridosmatsoukis;173;1;Veridosmatsoukis;Veridosmatsoukis;
veridosmatsoukis;174;1;Veridosmatsoukis;Veridosmatsoukis;
veridosmatsoukis;175;1;Veridosmatsoukis;Veridosmatsoukis;
veridosmatsoukis;176;1;Veridosmatsoukis;Veridosmatsoukis;
veridosmatsoukis;177;1;Veridosmatsoukis;Veridosmatsoukis;
veridosmatsoukis;178;1;Veridosmatsoukis;Veridosmatsoukis;
veridosmatsoukis;179;1;Veridosmatsoukis;Veridosmatsoukis;
veridosmatsoukis;180;1;Veridosmatsoukis;Veridosmatsoukis;
veridosmatsoukis;181;1;Veridosmatsoukis;Veridosmatsoukis;
veridosmatsoukis;182;1;Veridosmatsoukis;Veridosmatsoukis;
veridosmatsoukis;183;1;Veridosmatsoukis;Veridosmatsoukis;
veridosmatsoukis;184;1;Veridosmatsoukis;Veridosmatsoukis;
veridosmatsoukis;185;1;Veridosmatsoukis;Veridosmatsoukis;
veridosmatsoukis;188;1;Veridosmatsoukis;Veridosmatsoukis;
veridosmatsoukis;190;1;Veridosmatsoukis;Veridosmatsoukis;
veridosmatsoukis;191;1;Veridosmatsoukis;Veridosmatsoukis;
veridosmatsoukis;192;1;Veridosmatsoukis;Veridosmatsoukis;
veridosmatsoukis;193;1;Veridosmatsoukis;Veridosmatsoukis;
veridosmatsoukis;194;1;Veridosmatsoukis;Veridosmatsoukis;
veridosmatsoukis;195;1;Veridosmatsoukis;Veridosmatsoukis;
veridosmatsoukis;197;1;Veridosmatsoukis;Veridosmatsoukis;
veridosmatsoukis;198;1;Veridosmatsoukis;Veridosmatsoukis;
veridosmatsoukis;199;1;Veridosmatsoukis;Veridosmatsoukis;
veridosmatsoukis;200;1;Veridosmatsoukis;Veridosmatsoukis;
veridosmatsoukis;201;1;Veridosmatsoukis;Veridosmatsoukis;
veridosmatsoukis;202;1;Veridosmatsoukis;Veridosmatsoukis;
lisi;2;1;Coon Rapids;Coon Rapids;
lisi;3;1;Coon Rapids;Coon Rapids;
lisi;5;1;Big Lake;Big Lake;
lisi;7;1;Big Lake;Big Lake;
lisi;8;1;Big Lake;Big Lake;
lisi;11;1;Big Lake;Big Lake;
lisi;15;1;Big Lake;Big Lake;
lisi;19;1;Big Lake;Big Lake;
lisi;20;1;Big Lake;Big Lake;
lisi;21;1;Big Lake;Big Lake;
lisi;22;1;Big Lake;Big Lake;
lisi;25;1;Big Lake;Big Lake;
lisi;26;1;Big Lake;Big Lake;
lisi;27;1;Big Lake;Big Lake;
lisi;29;1;Big Lake;Big Lake;
lisi;30;1;Big Lake;Big Lake;
lisi;33;1;Big Lake;Big Lake;
lisi;34;1;Big Lake;Big Lake;
lisi;36;1;Big Lake;Big Lake;
lisi;37;1;Big Lake;Big Lake;
lisi;39;1;Big Lake;Big Lake;
lisi;43;1;Big Lake;Big Lake;
lisi;45;1;Big Lake;Big Lake;
lisi;46;1;Big Lake;Big Lake;
lisi;47;1;Big Lake;Big Lake;
lisi;48;1;Big Lake;Big Lake;
lisi;51;1;Big Lake;Big Lake;
lisi;53;1;Big Lake;Big Lake;
lisi;54;1;Big Lake;Big Lake;
lisi;55;1;Big Lake;Big Lake;
lisi;58;1;Coon Rapids;Coon Rapids;
lisi;59;1;Coon Rapids;Coon Rapids;
lisi;60;1;Coon Rapids;Coon Rapids;
lisi;61;1;Coon Rapids;Coon Rapids;
lisi;64;1;Coon Rapids;Coon Rapids;
lisi;65;1;Coon Rapids;Coon Rapids;
lisi;68;1;Coon Rapids;Coon Rapids;
lisi;70;1;Coon Rapids;Coon Rapids;
lisi;71;1;Big Lake;Big Lake;
lisi;72;1;Big Lake;Big Lake;
lisi;74;1;Big Lake;Big Lake;
lisi;75;1;Big Lake;Big Lake;
lisi;77;1;Big Lake;Big Lake;
lisi;83;1;Big Lake;Big Lake;
lisi;84;1;Coon Rapids;Coon Rapids;
lisi;88;1;Coon Rapids;Coon Rapids;
lisi;89;1;Coon Rapids;Coon Rapids;
lisi;90;1;Coon Rapids;Coon Rapids;
lisi;92;1;Coon Rapids;Coon Rapids;
lisi;94;1;Coon Rapids;Coon Rapids;
lisi;96;1;Coon Rapids;Coon Rapids;
lisi;97;1;Coon Rapids;Coon Rapids;
lisi;99;1;Coon Rapids;Coon Rapids;
lisi;100;1;Coon Rapids;Coon Rapids;
lisi;102;1;Coon Rapids;Coon Rapids;
lisi;103;1;Coon Rapids;Coon Rapids;
lisi;105;1;Coon Rapids;Coon Rapids;
lisi;107;1;Big Lake;Big Lake;
lisi;108;1;Big Lake;Big Lake;
lisi;110;1;Big Lake;Big Lake;
lisi;112;1;Big Lake;Big Lake;
lisi;113;1;Big Lake;Big Lake;
lisi;114;1;Big Lake;Big Lake;
lisi;117;1;Big Lake;Big Lake;
lisi;120;1;Big Lake;Big Lake;
lisi;121;1;Big Lake;Big Lake;
lisi;122;1;Big Lake;Big Lake;
lisi;125;1;Big Lake;Big Lake;
lisi;129;1;Coon Rapids;Coon Rapids;
lisi;130;1;Big Lake;Big Lake;
lisi;131;1;Big Lake;Big Lake;
lisi;132;1;Big Lake;Big Lake;
lisi;134;1;Coon Rapids;Coon Rapids;
lisi;135;1;Coon Rapids;Coon Rapids;
lisi;139;1;Big Lake;Big Lake;
lisi;140;1;Big Lake;Big Lake;
lisi;146;1;Big Lake;Big Lake;
lisi;147;1;Coon Rapids;Coon Rapids;
lisi;151;1;Big Lake;Big Lake;
lisi;152;1;Big Lake;Big Lake;
lisi;161;1;Big Lake;Big Lake;
lisi;163;1;Big Lake;Big Lake;
lisi;164;1;Big Lake;Big Lake;
lisi;166;1;Big Lake;Big Lake;
lisi;168;1;Big Lake;Big Lake;
lisi;170;1;Big Lake;Big Lake;
lisi;173;1;Big Lake;Big Lake;
lisi;174;1;Big Lake;Big Lake;
lisi;176;1;Big Lake;Big Lake;
lisi;177;1;Coon Rapids;Coon Rapids;
lisi;178;1;Coon Rapids;Coon Rapids;
lisi;180;1;Coon Rapids;Coon Rapids;
lisi;182;1;Big Lake;Big Lake;
lisi;183;1;Big Lake;Big Lake;
lisi;198;1;Big Lake;Big Lake;
lisi;199;1;Big Lake;Big Lake;
lisi;201;1;Big Lake;Big Lake;
lisi;208;1;Coon Rapids;Coon Rapids;
lisi;216;1;Big Lake;Big Lake;
lisi;223;1;Big Lake;Big Lake;
lisi;224;1;Big Lake;Big Lake;
lisi;228;1;Big Lake;Big Lake;
lisi;229;1;Big Lake;Big Lake;
lisi;231;1;Big Lake;Big Lake;
lisi;232;1;Big Lake;Big Lake;
lisi;233;1;Big Lake;Big Lake;
lisi;237;1;Big Lake;Big Lake;
lisi;238;1;Big Lake;Big Lake;
lisi;239;1;Big Lake;Big Lake;
lisi;240;1;Big Lake;Big Lake;
lisi;241;1;Big Lake;Big Lake;
lisi;244;1;Big Lake;Big Lake;
lisi;245;1;Big Lake;Big Lake;
lisi;248;1;Big Lake;Big Lake;
lisi;249;1;Big Lake;Big Lake;
lisi;250;1;Big Lake;Big Lake;
lisi;253;1;Big Lake;Big Lake;
lisi;256;1;Big Lake;Big Lake;
lisi;257;1;Big Lake;Big Lake;
lisi;258;1;Big Lake;Big Lake;
lisi;260;1;Big Lake;Big Lake;
lisi;262;1;Big Lake;Big Lake;
lisi;263;1;Big Lake;Big Lake;
lisi;264;1;Big Lake;Big Lake;
lisi;267;1;Big Lake;Big Lake;
lisi;268;1;Big Lake;Big Lake;
lisi;269;1;Big Lake;Big Lake;
lisi;273;1;Coon Rapids;Coon Rapids;
lisi;274;2;Big Lake, Coon Rapids;Big Lake, Coon Rapids;multi-factory
lisi;275;1;Coon Rapids;Coon Rapids;
lisi;277;1;Coon Rapids;Coon Rapids;
lisi;278;1;Coon Rapids;Coon Rapids;
lisi;279;1;Coon Rapids;Coon Rapids;
lisi;280;1;Coon Rapids;Coon Rapids;
lisi;288;1;Coon Rapids;Coon Rapids;
lisi;289;1;Coon Rapids;Coon Rapids;
lisi;291;1;Coon Rapids;Coon Rapids;
lisi;292;1;Coon Rapids;Coon Rapids;
lisi;293;1;Coon Rapids;Coon Rapids;
lisi;297;1;Coon Rapids;Coon Rapids;
lisi;298;1;Big Lake;Big Lake;
lisi;299;1;Big Lake;Big Lake;
lisi;303;1;Coon Rapids;Coon Rapids;
lisi;304;1;Big Lake;Big Lake;
lisi;307;1;Big Lake;Big Lake;
lisi;314;1;Big Lake;Big Lake;
lisi;316;1;Coon Rapids;Coon Rapids;
lisi;318;1;Coon Rapids;Coon Rapids;
lisi;320;1;Coon Rapids;Coon Rapids;
lisi;325;1;Big Lake;Big Lake;
lisi;332;1;Big Lake;Big Lake;
lisi;333;1;Big Lake;Big Lake;
lisi;335;1;Coon Rapids;Coon Rapids;
lisi;337;1;Big Lake;Big Lake;
lisi;338;1;Big Lake;Big Lake;
lisi;339;1;Coon Rapids;Coon Rapids;
lisi;340;1;Big Lake;Big Lake;
lisi;342;1;Coon Rapids;Coon Rapids;
lisi;343;1;Coon Rapids;Coon Rapids;
lisi;347;1;Coon Rapids;Coon Rapids;
lisi;351;1;Big Lake;Big Lake;
lisi;352;1;Coon Rapids;Coon Rapids;
lisi;357;1;Big Lake;Big Lake;
lisi;358;1;Coon Rapids;Coon Rapids;
lisi;361;1;Coon Rapids;Coon Rapids;
lisi;362;1;Big Lake;Big Lake;
lisi;363;1;Big Lake;Big Lake;
lisi;366;1;Big Lake;Big Lake;
lisi;369;1;Big Lake;Big Lake;
lisi;375;1;Coon Rapids;Coon Rapids;
lisi;394;1;Big Lake;Big Lake;
lisi;397;1;Big Lake;Big Lake;
lisi;403;1;Big Lake;Big Lake;
lisi;404;1;Big Lake;Big Lake;
lisi;409;1;Big Lake;Big Lake;
lisi;410;1;Big Lake;Big Lake;
lisi;411;1;Big Lake;Big Lake;
lisi;412;1;Big Lake;Big Lake;
lisi;415;1;Coon Rapids;Coon Rapids;
lisi;416;1;Coon Rapids;Coon Rapids;
lisi;417;1;Coon Rapids;Coon Rapids;
lisi;418;1;Coon Rapids;Coon Rapids;
lisi;419;1;Coon Rapids;Coon Rapids;
lisi;423;1;Coon Rapids;Coon Rapids;
lisi;424;1;Coon Rapids;Coon Rapids;
lisi;425;1;Big Lake;Big Lake;
lisi;430;1;Big Lake;Big Lake;
lisi;435;1;Big Lake;Big Lake;
lisi;436;1;Coon Rapids;Coon Rapids;
lisi;437;1;Big Lake;Big Lake;
dirfys;2;1;Dirfys;Dirfys;
dirfys;7;1;Dirfys;Dirfys;
dirfys;8;1;Dirfys;Dirfys;
dirfys;9;1;Dirfys;Dirfys;
dirfys;10;1;Dirfys;Dirfys;
dirfys;12;1;Dirfys;Dirfys;
dirfys;13;1;Dirfys;Dirfys;
dirfys;19;1;Dirfys;Dirfys;
dirfys;21;1;Dirfys;Dirfys;
dirfys;26;1;Dirfys;Dirfys;
dirfys;27;1;Dirfys;Dirfys;
dirfys;28;1;Dirfys;Dirfys;
dirfys;29;1;Dirfys;Dirfys;
dirfys;30;1;Dirfys;Dirfys;
dirfys;31;1;Dirfys;Dirfys;
dirfys;32;1;Dirfys;Dirfys;
dirfys;33;1;Dirfys;Dirfys;
rehrigpacific;1;1;Orlando;Orlando;
rehrigpacific;2;1;Orlando;Orlando;
rehrigpacific;3;1;Orlando;Orlando;
rehrigpacific;4;1;Orlando;Orlando;
itwproap;1;1;Itwproap;Itwproap;
itwproap;2;1;Itwproap;Itwproap;
sofiamed;1;1;Sofiamed;Sofiamed;
sofiamed;2;1;Sofiamed;Sofiamed;
sofiamed;3;1;Sofiamed;Sofiamed;
sofiamed;4;1;Sofiamed;Sofiamed;
sofiamed;5;1;Sofiamed;Sofiamed;
sofiamed;6;1;Sofiamed;Sofiamed;
sofiamed;7;1;Sofiamed;Sofiamed;
sofiamed;8;1;Sofiamed;Sofiamed;
sofiamed;9;1;Sofiamed;Sofiamed;
sofiamed;10;1;Sofiamed;Sofiamed;
sofiamed;11;1;Sofiamed;Sofiamed;
sofiamed;12;1;Sofiamed;Sofiamed;
sofiamed;13;1;Sofiamed;Sofiamed;
sofiamed;14;1;Sofiamed;Sofiamed;
sofiamed;15;1;Sofiamed;Sofiamed;
sofiamed;16;1;Sofiamed;Sofiamed;
sofiamed;17;1;Sofiamed;Sofiamed;
sofiamed;18;1;Sofiamed;Sofiamed;
sofiamed;19;1;Sofiamed;Sofiamed;
sofiamed;20;1;Sofiamed;Sofiamed;
sofiamed;21;1;Sofiamed;Sofiamed;
sofiamed;22;1;Sofiamed;Sofiamed;
sofiamed;23;1;Sofiamed;Sofiamed;
sofiamed;24;1;Sofiamed;Sofiamed;
sofiamed;25;1;Sofiamed;Sofiamed;
sofiamed;26;1;Sofiamed;Sofiamed;
sofiamed;27;1;Sofiamed;Sofiamed;
sofiamed;28;1;Sofiamed;Sofiamed;
sofiamed;29;1;Sofiamed;Sofiamed;
sofiamed;30;1;Sofiamed;Sofiamed;
sofiamed;31;1;Sofiamed;Sofiamed;
sofiamed;32;1;Sofiamed;Sofiamed;
sofiamed;33;1;Sofiamed;Sofiamed;
sofiamed;34;1;Sofiamed;Sofiamed;
sofiamed;35;1;Sofiamed;Sofiamed;
sofiamed;36;1;Sofiamed;Sofiamed;
sofiamed;37;1;Sofiamed;Sofiamed;
sofiamed;38;1;Sofiamed;Sofiamed;
sofiamed;39;1;Sofiamed;Sofiamed;
sofiamed;40;1;Sofiamed;Sofiamed;
sofiamed;41;1;Sofiamed;Sofiamed;
sofiamed;42;1;Sofiamed;Sofiamed;
sofiamed;43;1;Sofiamed;Sofiamed;
sofiamed;44;1;Sofiamed;Sofiamed;
sofiamed;45;1;Sofiamed;Sofiamed;
sofiamed;46;1;Sofiamed;Sofiamed;
sofiamed;47;1;Sofiamed;Sofiamed;
sofiamed;48;1;Sofiamed;Sofiamed;
sofiamed;49;1;Sofiamed;Sofiamed;
sofiamed;50;1;Sofiamed;Sofiamed;
sofiamed;51;1;Sofiamed;Sofiamed;
sofiamed;52;1;Sofiamed;Sofiamed;
sofiamed;53;0;;;no stations, no factory - needs a decision
sofiamed;54;0;;;no stations, no factory - needs a decision
sofiamed;55;0;;;no stations, no factory - needs a decision
sofiamed;56;0;;;no stations, no factory - needs a decision
sofiamed;57;0;;;no stations, no factory - needs a decision
sofiamed;58;0;;;no stations, no factory - needs a decision
sofiamed;59;0;;;no stations, no factory - needs a decision
sofiamed;60;0;;;no stations, no factory - needs a decision
sofiamed;61;1;Sofiamed;Sofiamed;
sofiamed;62;1;Sofiamed;Sofiamed;
sofiamed;63;1;Sofiamed;Sofiamed;
sofiamed;64;1;Sofiamed;Sofiamed;
sofiamed;65;1;Sofiamed;Sofiamed;
sofiamed;66;1;Sofiamed;Sofiamed;
sofiamed;67;1;Sofiamed;Sofiamed;
sofiamed;68;1;Sofiamed;Sofiamed;
sofiamed;69;1;Sofiamed;Sofiamed;
sofiamed;70;1;Sofiamed;Sofiamed;
sofiamed;71;1;Sofiamed;Sofiamed;
sofiamed;106;1;Sofiamed;Sofiamed;
sofiamed;107;1;Sofiamed;Sofiamed;
sofiamed;108;1;Sofiamed;Sofiamed;
sofiamed;109;1;Sofiamed;Sofiamed;
sofiamed;110;1;Sofiamed;Sofiamed;
sofiamed;111;1;Sofiamed;Sofiamed;
sofiamed;112;1;Sofiamed;Sofiamed;
sofiamed;113;1;Sofiamed;Sofiamed;
sofiamed;114;1;Sofiamed;Sofiamed;
sofiamed;115;1;Sofiamed;Sofiamed;
sofiamed;116;1;Sofiamed;Sofiamed;
sofiamed;117;1;Sofiamed;Sofiamed;
sofiamed;118;1;Sofiamed;Sofiamed;
sofiamed;119;1;Sofiamed;Sofiamed;
sofiamed;120;1;Sofiamed;Sofiamed;
sofiamed;121;1;Sofiamed;Sofiamed;
sofiamed;122;1;Sofiamed;Sofiamed;
sofiamed;123;1;Sofiamed;Sofiamed;
sofiamed;124;1;Sofiamed;Sofiamed;
sofiamed;125;1;Sofiamed;Sofiamed;
sofiamed;126;1;Sofiamed;Sofiamed;
sofiamed;127;1;Sofiamed;Sofiamed;
sofiamed;128;1;Sofiamed;Sofiamed;
sofiamed;129;1;Sofiamed;Sofiamed;
sofiamed;130;1;Sofiamed;Sofiamed;
sofiamed;131;1;Sofiamed;Sofiamed;
sofiamed;132;1;Sofiamed;Sofiamed;
sofiamed;133;1;Sofiamed;Sofiamed;
sofiamed;134;1;Sofiamed;Sofiamed;
sofiamed;135;1;Sofiamed;Sofiamed;
sofiamed;136;1;Sofiamed;Sofiamed;
sofiamed;137;1;Sofiamed;Sofiamed;
sofiamed;138;1;Sofiamed;Sofiamed;
kingsward;1;1;kingsward;kingsward;
kingsward;2;1;kingsward;kingsward;
alumil;5;1;Kilkis;Kilkis;
alumil;6;1;Kilkis;Kilkis;
alumil;7;1;Kilkis;Kilkis;
alumil;13;1;Kilkis;Kilkis;
alumil;14;1;Kilkis;Kilkis;
alumil;16;1;Kilkis;Kilkis;
alumil;22;1;Nova Pazova;Nova Pazova;
alumil;24;1;Nova Pazova;Nova Pazova;
alumil;27;1;Kilkis;Kilkis;
alumil;31;1;Kilkis;Kilkis;
alumil;32;1;Kilkis;Kilkis;
alumil;33;1;Nova Pazova;Nova Pazova;
alumil;35;1;Xanthi;Xanthi;
alumil;36;1;Xanthi;Xanthi;
alumil;37;1;Xanthi;Xanthi;
alumil;38;1;Xanthi;Xanthi;
alumil;40;1;Nova Pazova;Nova Pazova;
alumil;41;1;Kilkis;Kilkis;
alumil;42;1;Kilkis;Kilkis;
alumil;43;1;Kilkis;Kilkis;
alumil;44;1;Kilkis;Kilkis;
alumil;45;1;Kilkis;Kilkis;
alumil;46;1;Kilkis;Kilkis;
alumil;47;1;Kilkis;Kilkis;
alumil;48;1;Kilkis;Kilkis;
alumil;50;1;Kilkis;Kilkis;
alumil;51;1;Kilkis;Kilkis;
alumil;52;1;Kilkis;Kilkis;
alumil;55;1;Kilkis;Kilkis;
alumil;56;1;Kilkis;Kilkis;
alumil;57;1;Kilkis;Kilkis;
alumil;59;1;Kilkis;Kilkis;
alumil;60;1;Kilkis;Kilkis;
alumil;61;1;Kilkis;Kilkis;
alumil;62;1;Kilkis;Kilkis;
alumil;63;1;Kilkis;Kilkis;
alumil;64;1;Kilkis;Kilkis;
alumil;65;1;Kilkis;Kilkis;
alumil;66;1;Kilkis;Kilkis;
alumil;67;1;Kilkis;Kilkis;
alumil;68;1;Kilkis;Kilkis;
alumil;69;1;Kilkis;Kilkis;
alumil;70;1;Kilkis;Kilkis;
alumil;71;1;Kilkis;Kilkis;
alumil;72;1;Kilkis;Kilkis;
alumil;73;1;Kilkis;Kilkis;
alumil;74;1;Xanthi;Xanthi;
alumil;75;1;Xanthi;Xanthi;
alumil;76;1;Xanthi;Xanthi;
alumil;77;1;Kilkis;Kilkis;
alumil;78;1;Kilkis;Kilkis;
alumil;79;1;Kilkis;Kilkis;
alumil;80;1;Kilkis;Kilkis;
alumil;81;1;Kilkis;Kilkis;
alumil;82;1;Kilkis;Kilkis;
alumil;83;1;Kilkis;Kilkis;
alumil;84;1;Kilkis;Kilkis;
alumil;85;1;Kilkis;Kilkis;
alumil;86;1;Kilkis;Kilkis;
alumil;87;1;Kilkis;Kilkis;
alumil;88;1;Kilkis;Kilkis;
alumil;89;1;Kilkis;Kilkis;
alumil;90;1;Kilkis;Kilkis;
alumil;91;1;Kilkis;Kilkis;
alumil;92;1;Kilkis;Kilkis;
alumil;93;1;Kilkis;Kilkis;
alumil;94;1;Kilkis;Kilkis;
alumil;95;1;Kilkis;Kilkis;
alumil;96;1;Kilkis;Kilkis;
alumil;97;1;Tirana;Tirana;
alumil;98;1;Tirana;Tirana;
alumil;99;1;Tirana;Tirana;
alumil;100;1;Tirana;Tirana;
alumil;101;1;Tirana;Tirana;
alumil;102;1;Kilkis;Kilkis;
alumil;103;1;Kilkis;Kilkis;
alumil;104;1;Kilkis;Kilkis;
alumil;105;1;Kilkis;Kilkis;
alumil;106;1;Kilkis;Kilkis;
alumil;107;1;Kilkis;Kilkis;
alumil;108;1;Kilkis;Kilkis;
alumil;109;1;Kilkis;Kilkis;
alumil;110;1;Kilkis;Kilkis;
alumil;111;1;Kilkis;Kilkis;
alumil;113;1;Kilkis;Kilkis;
alumil;114;1;Kilkis;Kilkis;
alumil;115;1;Kilkis;Kilkis;
alumil;116;1;Kilkis;Kilkis;
alumil;117;1;Kilkis;Kilkis;
golanheights;1;1;Golan;Golan;
golanheights;2;1;Golan;Golan;
golanheights;3;1;Golan;Golan;
golanheights;4;1;Golan;Golan;
golanheights;5;1;Golan;Golan;
golanheights;6;1;Golan;Golan;
golanheights;7;1;Golan;Golan;
golanheights;8;1;Golan;Golan;
golanheights;9;1;Golan;Golan;
golanheights;10;1;Golan;Golan;
golanheights;11;1;Golan;Golan;
golanheights;12;1;Golan;Golan;
golanheights;13;1;Golan;Golan;
golanheights;14;1;Golan;Golan;
okechamp;1;1;Okechamp Grodzisk;Okechamp Grodzisk;
okechamp;2;1;Okechamp Grodzisk;Okechamp Grodzisk;
okechamp;3;1;Okechamp Grodzisk;Okechamp Grodzisk;
megalabsprod;3;2;ARG-POE, PDC-MLB;ARG-POE, PDC-MLB;multi-factory
megalabsprod;6;1;ECU-ACX;ECU-ACX;
megalabsprod;7;1;ECU-ACX;ECU-ACX;
megalabsprod;8;1;ECU-ACX;ECU-ACX;
megalabsprod;10;1;ECU-ACX;ECU-ACX;
megalabsprod;11;1;ECU-ACX;ECU-ACX;
megalabsprod;12;1;ECU-ACX;ECU-ACX;
megalabsprod;13;1;ECU-ACX;ECU-ACX;
megalabsprod;14;1;ECU-ACX;ECU-ACX;
megalabsprod;15;1;ECU-ACX;ECU-ACX;
megalabsprod;17;1;ECU-ACX;ECU-ACX;
megalabsprod;18;1;ECU-ACX;ECU-ACX;
megalabsprod;19;1;ECU-ACX;ECU-ACX;
megalabsprod;20;1;ECU-ACX;ECU-ACX;
megalabsprod;21;1;ECU-ACX;ECU-ACX;
megalabsprod;22;1;ECU-ACX;ECU-ACX;
megalabsprod;23;1;ECU-ACX;ECU-ACX;
megalabsprod;28;1;ECU-ACX;ECU-ACX;
megalabsprod;29;1;ECU-ACX;ECU-ACX;
megalabsprod;30;1;MEX-ITA;MEX-ITA;
megalabsprod;31;1;MEX-ITA;MEX-ITA;
megalabsprod;32;1;MEX-ITA;MEX-ITA;
megalabsprod;33;1;MEX-ITA;MEX-ITA;
megalabsprod;34;1;MEX-ITA;MEX-ITA;
megalabsprod;35;1;MEX-ITA;MEX-ITA;
megalabsprod;36;1;MEX-ITA;MEX-ITA;
megalabsprod;37;1;MEX-ITA;MEX-ITA;
megalabsprod;38;1;MEX-ITA;MEX-ITA;
megalabsprod;39;1;MEX-ITA;MEX-ITA;
megalabsprod;40;1;ECU-ACX;ECU-ACX;
megalabsprod;41;1;ECU-ACX;ECU-ACX;
megalabsprod;42;1;ECU-ACX;ECU-ACX;
megalabsprod;43;1;ECU-ACX;ECU-ACX;
megalabsprod;44;1;MEX-ITA;MEX-ITA;
megalabsprod;45;1;MEX-ITA;MEX-ITA;
megalabsprod;46;1;MEX-ITA;MEX-ITA;
megalabsprod;47;1;ECU-ACX;ECU-ACX;
megalabsprod;49;1;ECU-ACX;ECU-ACX;
megalabsprod;51;1;DOM-ROW;DOM-ROW;
megalabsprod;61;1;DOM-ROW;DOM-ROW;
megalabsprod;62;1;DOM-ROW;DOM-ROW;
megalabsprod;63;1;DOM-ROW;DOM-ROW;
megalabsprod;64;1;DOM-ROW;DOM-ROW;
megalabsprod;65;1;DOM-ROW;DOM-ROW;
megalabsprod;66;1;DOM-ROW;DOM-ROW;
megalabsprod;67;1;DOM-ROW;DOM-ROW;
megalabsprod;68;1;ECU-ACX;ECU-ACX;
megalabsprod;69;0;;;no stations, no factory - needs a decision
megalabsprod;71;1;ECU-ACX;ECU-ACX;
megalabsprod;76;1;URU-ICL;URU-ICL;
megalabsprod;77;1;URU-ICL;URU-ICL;
megalabsprod;78;1;URU-ICL;URU-ICL;
megalabsprod;79;1;URU-ICL;URU-ICL;
megalabsprod;86;1;DOM-ROW;DOM-ROW;
megalabsprod;87;1;DOM-ROW;DOM-ROW;
megalabsprod;89;1;BRA-MLB;BRA-MLB;
megalabsprod;90;1;BRA-MLB;BRA-MLB;
megalabsprod;92;1;BRA-MLB;BRA-MLB;
megalabsprod;93;1;BRA-MLB;BRA-MLB;
megalabsprod;94;1;BRA-MLB;BRA-MLB;
megalabsprod;98;1;BRA-MLB;BRA-MLB;
megalabsprod;100;1;BRA-MLB;BRA-MLB;
megalabsprod;102;1;BRA-MLB;BRA-MLB;
megalabsprod;103;1;URU-ICL;URU-ICL;
megalabsprod;104;1;BRA-MLB;BRA-MLB;
megalabsprod;106;1;BRA-MLB;BRA-MLB;
megalabsprod;108;1;BRA-MLB;BRA-MLB;
megalabsprod;109;1;BRA-MLB;BRA-MLB;
megalabsprod;111;1;BRA-MLB;BRA-MLB;
megalabsprod;113;1;BRA-MLB;BRA-MLB;
megalabsprod;115;1;BRA-MLB;BRA-MLB;
megalabsprod;117;1;BRA-MLB;BRA-MLB;
megalabsprod;119;1;DOM-ROW;DOM-ROW;
megalabsprod;120;1;ECU-ACX;ECU-ACX;
megalabsprod;121;1;BRA-MLB;BRA-MLB;
megalabsprod;122;1;BRA-MLB;BRA-MLB;
megalabsprod;123;1;BRA-MLB;BRA-MLB;
megalabsprod;124;1;BRA-MLB;BRA-MLB;
megalabsprod;125;1;BRA-MLB;BRA-MLB;
megalabsprod;130;1;URU-ICL;URU-ICL;
megalabsprod;131;1;BRA-MLB;BRA-MLB;
megalabsprod;132;1;BRA-MLB;BRA-MLB;
megalabsprod;133;1;BRA-MLB;BRA-MLB;
megalabsprod;134;1;BRA-MLB;BRA-MLB;
megalabsprod;135;1;BRA-MLB;BRA-MLB;
megalabsprod;136;1;BRA-MLB;BRA-MLB;
megalabsprod;137;1;BRA-MLB;BRA-MLB;
megalabsprod;138;1;BRA-MLB;BRA-MLB;
megalabsprod;139;1;BRA-MLB;BRA-MLB;
megalabsprod;140;1;BRA-MLB;BRA-MLB;
megalabsprod;141;1;BRA-MLB;BRA-MLB;
megalabsprod;142;1;BRA-MLB;BRA-MLB;
megalabsprod;143;1;BRA-MLB;BRA-MLB;
megalabsprod;144;1;BRA-MLB;BRA-MLB;
megalabsprod;145;1;BRA-MLB;BRA-MLB;
megalabsprod;146;1;BRA-MLB;BRA-MLB;
megalabsprod;147;1;BRA-MLB;BRA-MLB;
megalabsprod;148;1;BRA-MLB;BRA-MLB;
megalabsprod;149;1;BRA-MLB;BRA-MLB;
megalabsprod;150;1;BRA-MLB;BRA-MLB;
megalabsprod;151;1;BRA-MLB;BRA-MLB;
megalabsprod;152;1;BRA-MLB;BRA-MLB;
megalabsprod;153;1;BRA-MLB;BRA-MLB;
megalabsprod;154;1;BRA-MLB;BRA-MLB;
megalabsprod;155;1;BRA-MLB;BRA-MLB;
megalabsprod;156;1;BRA-MLB;BRA-MLB;
megalabsprod;157;1;BRA-MLB;BRA-MLB;
megalabsprod;158;1;BRA-MLB;BRA-MLB;
megalabsprod;159;1;BRA-MLB;BRA-MLB;
megalabsprod;160;1;BRA-MLB;BRA-MLB;
megalabsprod;161;1;BRA-MLB;BRA-MLB;
megalabsprod;162;1;BRA-MLB;BRA-MLB;
megalabsprod;163;1;BRA-MLB;BRA-MLB;
megalabsprod;164;1;BRA-MLB;BRA-MLB;
megalabsprod;165;1;BRA-MLB;BRA-MLB;
megalabsprod;166;1;BRA-MLB;BRA-MLB;
megalabsprod;167;1;BRA-MLB;BRA-MLB;
megalabsprod;168;1;BRA-MLB;BRA-MLB;
megalabsprod;169;1;BRA-MLB;BRA-MLB;
megalabsprod;170;1;BRA-MLB;BRA-MLB;
megalabsprod;171;1;BRA-MLB;BRA-MLB;
megalabsprod;172;1;BRA-MLB;BRA-MLB;
megalabsprod;173;1;BRA-MLB;BRA-MLB;
megalabsprod;174;1;BRA-MLB;BRA-MLB;
megalabsprod;175;1;BRA-MLB;BRA-MLB;
megalabsprod;176;1;BRA-MLB;BRA-MLB;
megalabsprod;177;1;BRA-MLB;BRA-MLB;
megalabsprod;178;1;BRA-MLB;BRA-MLB;
megalabsprod;179;1;BRA-MLB;BRA-MLB;
megalabsprod;180;1;BRA-MLB;BRA-MLB;
megalabsprod;181;1;BRA-MLB;BRA-MLB;
megalabsprod;182;1;ECU-ACX;ECU-ACX;
megalabsprod;185;1;PDC-MLB;PDC-MLB;
megalabsprod;186;1;PDC-MLB;PDC-MLB;
megalabsprod;191;1;PDC-MLB;PDC-MLB;
megalabsprod;192;1;PDC-MLB;PDC-MLB;
megalabsprod;193;1;DOM-ROW;DOM-ROW;
lacostena;3;1;Ecatepec;Ecatepec;
lacostena;4;1;Ecatepec;Ecatepec;
lacostena;5;1;Ecatepec;Ecatepec;
lacostena;6;1;Ecatepec;Ecatepec;
lacostena;7;1;Ecatepec;Ecatepec;
lacostena;8;1;Ecatepec;Ecatepec;
lacostena;9;1;Ecatepec;Ecatepec;
lacostena;10;1;Ecatepec;Ecatepec;
lacostena;11;1;Ecatepec;Ecatepec;
lacostena;12;1;Ecatepec;Ecatepec;
lacostena;13;1;Ecatepec;Ecatepec;
lacostena;14;1;Ecatepec;Ecatepec;
lacostena;15;1;Ecatepec;Ecatepec;
lacostena;16;1;Ecatepec;Ecatepec;
lacostena;17;1;Ecatepec;Ecatepec;
lacostena;18;1;Ecatepec;Ecatepec;
lacostena;19;1;Ecatepec;Ecatepec;
lacostena;20;1;Ecatepec;Ecatepec;
lacostena;21;1;Ecatepec;Ecatepec;
lacostena;22;1;Ecatepec;Ecatepec;
lacostena;23;1;Ecatepec;Ecatepec;
lacostena;24;1;Ecatepec;Ecatepec;
lacostena;25;1;Ecatepec;Ecatepec;
lacostena;26;1;Ecatepec;Ecatepec;
lacostena;27;1;Ecatepec;Ecatepec;
lacostena;28;1;Ecatepec;Ecatepec;
lacostena;29;1;Ecatepec;Ecatepec;
lacostena;30;1;Ecatepec;Ecatepec;
lacostena;31;1;Ecatepec;Ecatepec;
lacostena;32;1;Ecatepec;Ecatepec;
lacostena;33;1;Ecatepec;Ecatepec;
lacostena;34;1;Ecatepec;Ecatepec;
lacostena;35;1;Ecatepec;Ecatepec;
lacostena;36;1;Ecatepec;Ecatepec;
lacostena;37;1;Ecatepec;Ecatepec;
lacostena;38;1;Ecatepec;Ecatepec;
lacostena;39;1;Ecatepec;Ecatepec;
lacostena;40;1;Ecatepec;Ecatepec;
lacostena;41;1;Ecatepec;Ecatepec;
lacostena;42;1;Ecatepec;Ecatepec;
lacostena;44;1;Ecatepec;Ecatepec;
lacostena;45;1;Ecatepec;Ecatepec;
lacostena;46;1;Ecatepec;Ecatepec;
lacostena;47;1;Ecatepec;Ecatepec;
lacostena;48;1;Ecatepec;Ecatepec;
lacostena;49;1;Ecatepec;Ecatepec;
lacostena;50;1;Ecatepec;Ecatepec;
lacostena;51;1;Ecatepec;Ecatepec;
lacostena;52;1;Ecatepec;Ecatepec;
lacostena;53;1;Ecatepec;Ecatepec;
lacostena;54;1;Ecatepec;Ecatepec;
lacostena;55;1;Ecatepec;Ecatepec;
lacostena;60;1;Ecatepec;Ecatepec;
lacostena;61;1;Ecatepec;Ecatepec;
lacostena;62;1;Ecatepec;Ecatepec;
lacostena;63;1;Ecatepec;Ecatepec;
lacostena;64;1;Ecatepec;Ecatepec;
lacostena;65;1;Ecatepec;Ecatepec;
lacostena;66;1;Ecatepec;Ecatepec;
lacostena;67;1;Ecatepec;Ecatepec;
lacostena;68;1;Ecatepec;Ecatepec;
lacostena;69;1;Ecatepec;Ecatepec;
lacostena;70;1;Ecatepec;Ecatepec;
lacostena;71;1;Ecatepec;Ecatepec;
lacostena;72;1;Ecatepec;Ecatepec;
lacostena;73;1;Ecatepec;Ecatepec;
lacostena;75;1;Ecatepec;Ecatepec;
lacostena;76;1;Ecatepec;Ecatepec;
lacostena;77;1;Ecatepec;Ecatepec;
lacostena;78;1;Ecatepec;Ecatepec;
lacostena;79;1;Ecatepec;Ecatepec;
lacostena;80;1;Ecatepec;Ecatepec;
lacostena;81;1;Ecatepec;Ecatepec;
lacostena;82;1;Ecatepec;Ecatepec;
lacostena;84;1;Ecatepec;Ecatepec;
lacostena;85;1;Ecatepec;Ecatepec;
lacostena;86;1;Ecatepec;Ecatepec;
lacostena;87;1;Ecatepec;Ecatepec;
lacostena;88;1;Ecatepec;Ecatepec;
lacostena;89;1;Ecatepec;Ecatepec;
lacostena;91;1;Ecatepec;Ecatepec;
lacostena;92;1;Ecatepec;Ecatepec;
lacostena;93;1;Ecatepec;Ecatepec;
lacostena;94;1;Ecatepec;Ecatepec;
lacostena;95;1;Ecatepec;Ecatepec;
lacostena;96;1;Ecatepec;Ecatepec;
lacostena;97;1;Ecatepec;Ecatepec;
lacostena;98;1;Ecatepec;Ecatepec;
lacostena;99;1;Ecatepec;Ecatepec;
lacostena;100;1;Ecatepec;Ecatepec;
lacostena;101;1;Ecatepec;Ecatepec;
lacostena;102;1;Ecatepec;Ecatepec;
lacostena;103;1;Ecatepec;Ecatepec;
lacostena;104;1;Ecatepec;Ecatepec;
lacostena;105;1;Ecatepec;Ecatepec;
lacostena;106;1;Ecatepec;Ecatepec;
lacostena;107;1;Ecatepec;Ecatepec;
lacostena;108;1;Ecatepec;Ecatepec;
lacostena;109;1;Ecatepec;Ecatepec;
lacostena;110;1;Ecatepec;Ecatepec;
lacostena;111;1;Ecatepec;Ecatepec;
lacostena;112;1;Ecatepec;Ecatepec;
lacostena;113;1;Ecatepec;Ecatepec;
lacostena;114;1;Ecatepec;Ecatepec;
lacostena;115;1;Ecatepec;Ecatepec;
lacostena;116;1;Sinaloa;Sinaloa;
lacostena;117;1;Sinaloa;Sinaloa;
lacostena;118;1;Sinaloa;Sinaloa;
lacostena;119;1;Sinaloa;Sinaloa;
lacostena;121;1;Sinaloa;Sinaloa;
lacostena;122;1;Sinaloa;Sinaloa;
lacostena;124;1;Ecatepec;Ecatepec;
lacostena;126;1;Ecatepec;Ecatepec;
itwgb;1;1;ITWGB - Solon;ITWGB - Solon;
itwgb;2;1;ITWGB - Solon;ITWGB - Solon;
itwgb;3;1;ITWGB - Solon;ITWGB - Solon;
itwgb;4;1;ITWGB - Solon;ITWGB - Solon;
itwgb;5;1;ITWGB - Solon;ITWGB - Solon;
itwgb;6;1;ITWGB - Solon;ITWGB - Solon;
itwgb;7;1;ITWGB - Solon;ITWGB - Solon;
itwgb;8;1;ITWGB - Solon;ITWGB - Solon;
itwgb;9;1;ITWGB - Solon;ITWGB - Solon;
itwgb;10;1;ITWGB - Solon;ITWGB - Solon;
itwgb;11;1;ITWGB - Solon;ITWGB - Solon;
itwgb;12;1;ITWGB - Solon;ITWGB - Solon;
itwgb;13;1;ITWGB - Solon;ITWGB - Solon;
itwgb;14;1;ITWGB - Solon;ITWGB - Solon;
itwgb;15;1;ITWGB - Solon;ITWGB - Solon;
kenfood;1;1;Kenfood;Kenfood;
kenfood;2;1;Kenfood;Kenfood;
kenfood;3;1;Kenfood;Kenfood;
kenfood;4;1;Kenfood;Kenfood;
kenfood;5;1;Kenfood;Kenfood;
kenfood;6;1;Kenfood;Kenfood;
kenfood;7;1;Kenfood;Kenfood;
kenfood;8;1;Kenfood;Kenfood;
kenfood;9;1;Kenfood;Kenfood;
kenfood;10;1;Kenfood;Kenfood;
kenfood;11;1;Kenfood;Kenfood;
kenfood;12;1;Kenfood;Kenfood;
kenfood;13;1;Kenfood;Kenfood;
arcticglacier;4;2;Bakersfield, Fremont;Bakersfield, Fremont;multi-factory
arcticglacier;5;2;Bakersfield, Fremont;Bakersfield, Fremont;multi-factory
arcticglacier;6;2;Bakersfield, Fremont;Bakersfield, Fremont;multi-factory
arcticglacier;7;2;Bakersfield, Fremont;Bakersfield, Fremont;multi-factory
arcticglacier;8;2;Bakersfield, Fremont;Bakersfield, Fremont;multi-factory
arcticglacier;9;2;Bakersfield, Fremont;Bakersfield, Fremont;multi-factory
arcticglacier;10;2;Bakersfield, Fremont;Bakersfield, Fremont;multi-factory
arcticglacier;11;2;Bakersfield, Fremont;Bakersfield, Fremont;multi-factory
arcticglacier;17;1;Elk Grove;Elk Grove;
claldy;1;1;Claldy;Claldy;
claldy;2;1;Claldy;Claldy;
claldy;3;1;Claldy;Claldy;
claldy;4;1;Claldy;Claldy;
claldy;6;1;Claldy;Claldy;
claldy;7;1;Claldy;Claldy;
claldy;8;1;Claldy;Claldy;
claldy;9;1;Claldy;Claldy;
claldy;10;1;Claldy;Claldy;
europaprofil;1;1;Default;Default;
europaprofil;2;1;Default;Default;
europaprofil;6;1;Default;Default;
europaprofil;7;1;Default;Default;
europaprofil;8;1;Default;Default;
europaprofil;9;0;;;no stations, no factory - needs a decision
europaprofil;10;0;;;no stations, no factory - needs a decision
europaprofil;11;0;;;no stations, no factory - needs a decision
europaprofil;12;1;Default;Default;
europaprofil;13;1;Default;Default;
europaprofil;15;1;Default;Default;
europaprofil;16;1;Default;Default;
europaprofil;17;1;Default;Default;
europaprofil;18;1;Default;Default;
europaprofil;20;1;Default;Default;
europaprofil;21;1;Default;Default;
europaprofil;23;1;Default;Default;
europaprofil;26;1;Default;Default;
europaprofil;28;1;Default;Default;
europaprofil;29;1;Default;Default;
europaprofil;32;1;Default;Default;
europaprofil;34;1;Default;Default;
europaprofil;35;1;Default;Default;
europaprofil;43;1;Default;Default;
europaprofil;44;1;Default;Default;
europaprofil;45;1;Default;Default;
europaprofil;47;1;Default;Default;
europaprofil;49;1;Default;Default;
europaprofil;51;1;Default;Default;
europaprofil;53;1;Default;Default;
europaprofil;57;1;Default;Default;
europaprofil;59;1;Default;Default;
europaprofil;62;1;Default;Default;
europaprofil;64;1;Default;Default;
europaprofil;68;1;Default;Default;
europaprofil;70;1;Default;Default;
europaprofil;72;1;Default;Default;
europaprofil;73;1;Default;Default;
europaprofil;74;1;Default;Default;
europaprofil;75;1;Default;Default;
europaprofil;76;1;Default;Default;
europaprofil;77;1;Default;Default;
europaprofil;78;1;Default;Default;
europaprofil;86;1;Default;Default;
europaprofil;89;1;Default;Default;
europaprofil;90;1;Default;Default;
europaprofil;92;1;Default;Default;
europaprofil;93;1;Default;Default;
europaprofil;94;1;Default;Default;
europaprofil;99;1;Default;Default;
europaprofil;101;1;Default;Default;
europaprofil;104;1;Default;Default;
europaprofil;105;1;Default;Default;
europaprofil;107;1;Default;Default;
europaprofil;110;1;Default;Default;
europaprofil;111;1;Default;Default;
europaprofil;112;1;Default;Default;
europaprofil;116;1;Default;Default;
europaprofil;117;1;Default;Default;
hallhunter;1;1;Hallhunter;Hallhunter;
hallhunter;2;1;Hallhunter;Hallhunter;
hallhunter;3;1;Hallhunter;Hallhunter;
hallhunter;4;1;Hallhunter;Hallhunter;
hallhunter;5;1;Hallhunter;Hallhunter;
hallhunter;6;1;Hallhunter;Hallhunter;
hallhunter;7;1;Hallhunter;Hallhunter;
hallhunter;8;1;Hallhunter;Hallhunter;
hallhunter;9;1;Hallhunter;Hallhunter;
hallhunter;10;1;Hallhunter;Hallhunter;
hallhunter;11;1;Hallhunter;Hallhunter;
hallhunter;12;1;Hallhunter;Hallhunter;
hallhunter;13;1;Hallhunter;Hallhunter;
hallhunter;14;1;Hallhunter;Hallhunter;
hallhunter;16;1;Hallhunter;Hallhunter;
hallhunter;17;1;Hallhunter;Hallhunter;
hallhunter;18;1;Hallhunter;Hallhunter;
hallhunter;19;1;Hallhunter;Hallhunter;
hallhunter;20;1;Hallhunter;Hallhunter;
hallhunter;21;1;Hallhunter;Hallhunter;
hallhunter;25;1;Hallhunter;Hallhunter;
hallhunter;26;1;Hallhunter;Hallhunter;
interroll;1;1;Interroll;Interroll;
interroll;2;1;Interroll;Interroll;
interroll;3;1;Interroll;Interroll;
interroll;4;1;Interroll;Interroll;
interroll;5;1;Interroll;Interroll;
interroll;6;1;Interroll;Interroll;
interroll;7;1;Interroll;Interroll;
interroll;8;1;Interroll;Interroll;
interroll;9;1;Interroll;Interroll;
interroll;10;1;Interroll;Interroll;
interroll;11;1;Interroll;Interroll;
interroll;12;1;Interroll;Interroll;
interroll;13;1;Interroll;Interroll;
interroll;14;1;Interroll;Interroll;
interroll;15;1;Interroll;Interroll;
pharmacare;1;1;Default;Default;
pharmacare;2;1;Default;Default;
pharmacare;3;1;Default;Default;
pharmacare;6;1;Default;Default;
pharmacare;7;1;Default;Default;
pharmacare;8;1;Default;Default;
pharmacare;9;1;Default;Default;
pharmacare;11;1;Default;Default;
pharmacare;12;1;Default;Default;
pharmacare;13;1;Default;Default;
pharmacare;14;1;Default;Default;
pharmacare;15;1;Default;Default;
pharmacare;16;1;Default;Default;
pharmacare;17;1;Default;Default;
pharmacare;18;1;Default;Default;
pharmacare;19;1;Default;Default;
pharmacare;20;1;Default;Default;
pharmacare;21;1;Default;Default;
pharmacare;22;1;Default;Default;
pharmacare;23;1;Default;Default;
pharmacare;24;1;Default;Default;
pharmacare;25;1;Default;Default;
pharmacare;26;1;Default;Default;
pharmacare;28;1;Default;Default;
pharmacare;29;1;Default;Default;
pharmacare;30;1;Default;Default;
pharmacare;31;1;Default;Default;
pharmacare;32;1;Default;Default;
pharmacare;34;1;Default;Default;
pharmacare;36;1;Default;Default;
pharmacare;37;1;Default;Default;
pharmacare;39;1;Default;Default;
pharmacare;40;1;Default;Default;
pharmacare;41;1;Default;Default;
pharmacare;42;1;Default;Default;
pharmacare;43;1;Default;Default;
pharmacare;44;1;Default;Default;
pharmacare;45;1;Default;Default;
pharmacare;46;1;Default;Default;
pharmacare;48;1;Default;Default;
pharmacare;49;1;Default;Default;
pharmacare;50;1;Default;Default;
pharmacare;51;1;Default;Default;
pharmacare;52;1;Default;Default;
pharmacare;53;1;Default;Default;
pharmacare;54;1;Default;Default;
pharmacare;55;1;Default;Default;
pharmacare;56;1;Default;Default;
pharmacare;57;1;Default;Default;
pharmacare;58;1;Default;Default;
pharmacare;59;1;Default;Default;
pharmacare;60;1;Default;Default;
pharmacare;61;1;Default;Default;
pharmacare;63;1;Default;Default;
pharmacare;64;1;Default;Default;
pharmacare;65;1;Default;Default;
pharmacare;66;1;Default;Default;
pharmacare;67;1;Default;Default;
pharmacare;68;1;Default;Default;
pharmacare;74;1;Default;Default;
pharmacare;75;1;Default;Default;
pharmacare;76;1;Default;Default;
poloskeiszorp;1;1;Default;Default;
poloskeiszorp;3;1;Default;Default;
poloskeiszorp;5;1;Default;Default;
poloskeiszorp;8;1;Default;Default;
poloskeiszorp;9;1;Default;Default;
poloskeiszorp;10;1;Default;Default;
poloskeiszorp;11;1;Default;Default;
poloskeiszorp;12;1;Default;Default;
poloskeiszorp;13;1;Default;Default;
mountainglacier;1;1;Mountainglacier;Mountainglacier;
mountainglacier;2;1;Mountainglacier;Mountainglacier;
mountainglacier;3;1;Mountainglacier;Mountainglacier;
mountainglacier;4;1;Mountainglacier;Mountainglacier;
mountainglacier;5;1;Mountainglacier;Mountainglacier;
mountainglacier;6;1;Mountainglacier;Mountainglacier;
mountainglacier;7;1;Mountainglacier;Mountainglacier;
sglecalwa;2;1;Häädemeeste;Häädemeeste;
sglecalwa;3;1;Häädemeeste;Häädemeeste;
sglecalwa;4;1;Häädemeeste;Häädemeeste;
sglecalwa;5;1;Häädemeeste;Häädemeeste;
sglecalwa;7;1;Portugal;Portugal;
sglecalwa;8;1;Portugal;Portugal;
sglecalwa;9;1;Portugal;Portugal;
sglecalwa;10;1;Portugal;Portugal;
sglecalwa;11;1;Portugal;Portugal;
sglecalwa;12;1;Portugal;Portugal;
sglecalwa;13;1;Portugal;Portugal;
sglecalwa;14;1;Portugal;Portugal;
sglecalwa;15;1;Portugal;Portugal;
sglecalwa;16;1;Portugal;Portugal;
sglecalwa;17;1;Häädemeeste;Häädemeeste;
viomal;1;1;Default;Default;
viomal;2;1;Default;Default;
viomal;3;1;Default;Default;
viomal;4;1;Default;Default;
viomal;5;1;Default;Default;
viomal;6;1;Default;Default;
viomal;8;1;Default;Default;
viomal;9;1;Default;Default;
viomal;10;1;Default;Default;
viomal;11;1;Default;Default;
viomal;12;1;Default;Default;
viomal;16;1;Default;Default;
viomal;17;1;Default;Default;
viomal;18;1;Default;Default;
viomal;19;1;Default;Default;
viomal;20;1;Default;Default;
viomal;21;1;Default;Default;
viomal;22;1;Default;Default;
viomal;23;1;Default;Default;
rockypoint;1;1;Woongoolba;Woongoolba;
rockypoint;2;1;Woongoolba;Woongoolba;
rockypoint;3;1;Woongoolba;Woongoolba;
rockypoint;4;1;Woongoolba;Woongoolba;
rockypoint;5;1;Woongoolba;Woongoolba;
rockypoint;7;1;Woongoolba;Woongoolba;
rockypoint;8;1;Woongoolba;Woongoolba;
rockypoint;9;1;Woongoolba;Woongoolba;
rockypoint;10;1;Woongoolba;Woongoolba;
rockypoint;11;1;Woongoolba;Woongoolba;
rockypoint;12;1;Woongoolba;Woongoolba;
rockypoint;13;1;Woongoolba;Woongoolba;
rockypoint;14;1;Woongoolba;Woongoolba;
rockypoint;15;1;Woongoolba;Woongoolba;
rockypoint;16;1;Woongoolba;Woongoolba;
rockypoint;17;1;Woongoolba;Woongoolba;
rockypoint;19;1;Woongoolba;Woongoolba;
neokem;1;1;Default;Default;
sglecabags;1;1;Denmark;Denmark;
sglecabags;2;1;Denmark;Denmark;
sglecabags;3;1;Denmark;Denmark;
sglecabags;6;1;Portugal;Portugal;
sglecabags;8;1;Portugal;Portugal;
sglecabags;10;1;Portugal;Portugal;
sglecabags;11;1;Portugal;Portugal;
sglecabags;12;1;Germany;Germany;
sglecabags;13;1;Germany;Germany;
sglecabags;14;1;Denmark;Denmark;
sglecabags;16;1;Denmark;Denmark;
sglecabags;17;1;Portugal;Portugal;
sglecabags;18;1;Portugal;Portugal;
sglecabags;19;1;Portugal;Portugal;
sglecabags;20;1;Portugal;Portugal;
sglecabags;29;1;Portugal;Portugal;
sglecabags;30;1;Portugal;Portugal;
sglecabags;31;1;Portugal;Portugal;
sglecabags;32;1;Portugal;Portugal;
septona;2;1;GREECE;GREECE;
septona;4;0;;;no stations, no factory - needs a decision
septona;13;0;;;no stations, no factory - needs a decision
septona;16;0;;;no stations, no factory - needs a decision
septona;22;0;;;no stations, no factory - needs a decision
septona;23;0;;;no stations, no factory - needs a decision
septona;24;0;;;no stations, no factory - needs a decision
abarhail;1;1;Abarhail;Abarhail;
cima99;3;1;Cima99;Cima99;
cima99;5;1;Cima99;Cima99;
cima99;8;1;Cima99;Cima99;
ravago;1;1;Ravago;Ravago;
ravago;2;1;Ravago;Ravago;
ravago;3;1;Ravago;Ravago;
ravago;4;1;Ravago;Ravago;
ravago;5;1;Ravago;Ravago;
ravago;6;1;Ravago;Ravago;
ravago;7;1;Ravago;Ravago;
ravago;8;1;Ravago;Ravago;
ravago;9;1;Ravago;Ravago;
ravago;10;1;Ravago;Ravago;
riverbank;1;1;Riverbank;Riverbank;
riverbank;2;1;Riverbank;Riverbank;
riverbank;3;1;Riverbank;Riverbank;
applevalleyfoodsus;1;2;Apple Valley Foods - Austin, MN;Apple Valley Foods - Austin, MN;multi-factory
applevalleyfoodsus;2;2;Apple Valley Foods - Austin, MN;Apple Valley Foods - Austin, MN;multi-factory
applevalleyfoodsus;3;2;Apple Valley Foods - Austin, MN;Apple Valley Foods - Austin, MN;multi-factory
applevalleyfoodsus;4;2;Apple Valley Foods - Austin, MN;Apple Valley Foods - Austin, MN;multi-factory
applevalleyfoodsus;5;2;Apple Valley Foods - Austin, MN;Apple Valley Foods - Austin, MN;multi-factory
applevalleyfoodsus;6;2;Apple Valley Foods - Austin, MN;Apple Valley Foods - Austin, MN;multi-factory
applevalleyfoodsus;7;2;Apple Valley Foods - Austin, MN;Apple Valley Foods - Austin, MN;multi-factory
applevalleyfoodsus;8;2;Apple Valley Foods - Austin, MN;Apple Valley Foods - Austin, MN;multi-factory
applevalleyfoodsus;9;2;Apple Valley Foods - Austin, MN;Apple Valley Foods - Austin, MN;multi-factory
halcorf;1;1;Default;Default;
halcorf;2;1;Default;Default;
halcorf;3;1;Default;Default;
halcorf;4;1;Default;Default;
halcorf;10;1;Default;Default;
halcorf;11;1;Default;Default;
halcorf;16;1;Default;Default;
halcorf;17;1;Default;Default;
halcorf;18;1;Default;Default;
halcorf;19;1;Default;Default;
halcorf;20;1;Default;Default;
dainese;1;1;Vietnam;Vietnam;
dainese;2;1;Vietnam;Vietnam;
dainese;3;1;Romania;Romania;
dainese;4;1;Italy;Italy;
dainese;5;1;Vietnam;Vietnam;
dainese;7;1;Vietnam;Vietnam;
dainese;8;1;Vietnam;Vietnam;
dainese;9;1;Vietnam;Vietnam;
dainese;10;1;Vietnam;Vietnam;
dainese;11;1;Vietnam;Vietnam;
dainese;12;1;Vietnam;Vietnam;
dainese;13;1;Vietnam;Vietnam;
dainese;14;1;Vietnam;Vietnam;
dainese;16;1;Vietnam;Vietnam;
dainese;17;1;Vietnam;Vietnam;
dainese;18;1;Vietnam;Vietnam;
dainese;19;1;Vietnam;Vietnam;
dainese;20;1;Vietnam;Vietnam;
dainese;21;1;Vietnam;Vietnam;
dainese;22;1;Vietnam;Vietnam;
dainese;23;1;Vietnam;Vietnam;
dainese;25;1;Vietnam;Vietnam;
dainese;26;1;Vietnam;Vietnam;
dainese;27;1;Vietnam;Vietnam;
dainese;28;1;Vietnam;Vietnam;
dainese;29;1;Vietnam;Vietnam;
dainese;30;1;Vietnam;Vietnam;
dainese;31;1;Vietnam;Vietnam;
dainese;32;1;Vietnam;Vietnam;
dainese;33;1;Vietnam;Vietnam;
dainese;34;1;Vietnam;Vietnam;
dainese;36;1;Vietnam;Vietnam;
dainese;37;1;Vietnam;Vietnam;
dainese;38;1;Vietnam;Vietnam;
dainese;39;1;Vietnam;Vietnam;
dainese;40;1;Vietnam;Vietnam;
dainese;41;1;Vietnam;Vietnam;
dainese;42;1;Vietnam;Vietnam;
dainese;43;1;Vietnam;Vietnam;
dainese;45;1;Vietnam;Vietnam;
dainese;46;1;Vietnam;Vietnam;
dainese;48;1;Vietnam;Vietnam;
dainese;49;1;Vietnam;Vietnam;
dainese;51;1;Vietnam;Vietnam;
dainese;52;1;Vietnam;Vietnam;
dainese;54;1;Vietnam;Vietnam;
dainese;56;1;Vietnam;Vietnam;
dainese;57;1;Vietnam;Vietnam;
dainese;58;1;Vietnam;Vietnam;
dainese;59;1;Vietnam;Vietnam;
dainese;60;1;Vietnam;Vietnam;
dainese;61;1;Vietnam;Vietnam;
dainese;62;1;Vietnam;Vietnam;
dainese;63;1;Vietnam;Vietnam;
dainese;64;1;Vietnam;Vietnam;
dainese;65;1;Vietnam;Vietnam;
dainese;67;1;Vietnam;Vietnam;
dainese;69;1;Vietnam;Vietnam;
dainese;70;1;Vietnam;Vietnam;
dainese;72;1;Vietnam;Vietnam;
dainese;73;1;Vietnam;Vietnam;
dainese;74;1;Vietnam;Vietnam;
dainese;75;1;Vietnam;Vietnam;
dainese;76;1;Vietnam;Vietnam;
dainese;78;1;Vietnam;Vietnam;
dainese;79;1;Vietnam;Vietnam;
dainese;81;1;Vietnam;Vietnam;
dainese;82;1;Vietnam;Vietnam;
dainese;83;1;Vietnam;Vietnam;
dainese;84;1;Vietnam;Vietnam;
dainese;85;1;Vietnam;Vietnam;
dainese;86;1;Vietnam;Vietnam;
dainese;87;1;Vietnam;Vietnam;
dainese;88;1;Vietnam;Vietnam;
dainese;89;1;Vietnam;Vietnam;
dainese;91;1;Vietnam;Vietnam;
dainese;99;1;Vietnam;Vietnam;
dainese;100;1;Vietnam;Vietnam;
dainese;103;1;Vietnam;Vietnam;
dainese;106;1;Vietnam;Vietnam;
dainese;111;1;Vietnam;Vietnam;
dainese;112;1;Vietnam;Vietnam;
dainese;113;1;Vietnam;Vietnam;
dainese;114;1;Vietnam;Vietnam;
dainese;115;1;Vietnam;Vietnam;
dainese;116;1;Vietnam;Vietnam;
dainese;118;1;Vietnam;Vietnam;
dainese;119;1;Vietnam;Vietnam;
dainese;120;1;Vietnam;Vietnam;
dainese;121;1;Vietnam;Vietnam;
dainese;126;1;Vietnam;Vietnam;
dainese;127;1;Vietnam;Vietnam;
dainese;128;1;Vietnam;Vietnam;
dainese;129;1;Vietnam;Vietnam;
dainese;130;1;Vietnam;Vietnam;
dainese;131;1;Vietnam;Vietnam;
dainese;134;1;Vietnam;Vietnam;
dainese;135;1;Vietnam;Vietnam;
dainese;136;1;Vietnam;Vietnam;
dainese;137;1;Vietnam;Vietnam;
dainese;138;1;Vietnam;Vietnam;
dainese;144;1;Vietnam;Vietnam;
dainese;145;1;Vietnam;Vietnam;
dainese;146;1;Vietnam;Vietnam;
dainese;147;1;Vietnam;Vietnam;
dainese;148;1;Vietnam;Vietnam;
dainese;149;1;Vietnam;Vietnam;
dainese;150;1;Vietnam;Vietnam;
dainese;151;1;Vietnam;Vietnam;
dainese;152;1;Vietnam;Vietnam;
dainese;153;1;Vietnam;Vietnam;
dainese;154;1;Vietnam;Vietnam;
dainese;155;1;Vietnam;Vietnam;
nikas;2;1;Nikas;Nikas;
nikas;5;1;Nikas;Nikas;
nikas;9;1;Nikas;Nikas;
nikas;10;1;Nikas;Nikas;
nikas;11;1;Nikas;Nikas;
nikas;12;1;Nikas;Nikas;
nikas;13;1;Nikas;Nikas;
nikas;15;1;Nikas;Nikas;
nikas;17;1;Nikas;Nikas;
nikas;18;1;Nikas;Nikas;
nikas;20;1;Nikas;Nikas;
nikas;37;1;Nikas;Nikas;
nikas;38;1;Nikas;Nikas;
nikas;39;1;Nikas;Nikas;
nikas;40;1;Nikas;Nikas;
nikas;41;1;Nikas;Nikas;
sovel;2;1;SCRAP YARD;SCRAP YARD;
sovel;3;1;SCRAP YARD;SCRAP YARD;
sovel;8;1;SCRAP YARD;SCRAP YARD;
sovel;9;1;SCRAP YARD;SCRAP YARD;
sovel;10;1;SCRAP YARD;SCRAP YARD;
sovel;11;1;SCRAP YARD;SCRAP YARD;
sovel;13;1;ΔΟΜΙΚΑ ΠΛΕΓΜΑΤΑ;ΔΟΜΙΚΑ ΠΛΕΓΜΑΤΑ;
sovel;14;1;ΔΟΜΙΚΑ ΠΛΕΓΜΑΤΑ;ΔΟΜΙΚΑ ΠΛΕΓΜΑΤΑ;
sovel;15;1;ΔΟΜΙΚΑ ΠΛΕΓΜΑΤΑ;ΔΟΜΙΚΑ ΠΛΕΓΜΑΤΑ;
sovel;16;1;ΔΟΜΙΚΑ ΠΛΕΓΜΑΤΑ;ΔΟΜΙΚΑ ΠΛΕΓΜΑΤΑ;
sovel;18;1;ΔΟΜΙΚΑ ΠΛΕΓΜΑΤΑ;ΔΟΜΙΚΑ ΠΛΕΓΜΑΤΑ;
sovel;19;1;ΔΟΜΙΚΑ ΠΛΕΓΜΑΤΑ;ΔΟΜΙΚΑ ΠΛΕΓΜΑΤΑ;
sovel;20;1;ΔΟΜΙΚΑ ΠΛΕΓΜΑΤΑ;ΔΟΜΙΚΑ ΠΛΕΓΜΑΤΑ;
sovel;21;1;ΔΟΜΙΚΑ ΠΛΕΓΜΑΤΑ;ΔΟΜΙΚΑ ΠΛΕΓΜΑΤΑ;
sovel;22;1;ΔΟΜΙΚΑ ΠΛΕΓΜΑΤΑ;ΔΟΜΙΚΑ ΠΛΕΓΜΑΤΑ;
sovel;23;1;ΔΟΜΙΚΑ ΠΛΕΓΜΑΤΑ;ΔΟΜΙΚΑ ΠΛΕΓΜΑΤΑ;
sovel;24;1;ΔΟΜΙΚΑ ΠΛΕΓΜΑΤΑ;ΔΟΜΙΚΑ ΠΛΕΓΜΑΤΑ;
sovel;25;1;ΔΟΜΙΚΑ ΠΛΕΓΜΑΤΑ;ΔΟΜΙΚΑ ΠΛΕΓΜΑΤΑ;
sovel;26;1;ΔΟΜΙΚΑ ΠΛΕΓΜΑΤΑ;ΔΟΜΙΚΑ ΠΛΕΓΜΑΤΑ;
sovel;27;1;ΔΟΜΙΚΑ ΠΛΕΓΜΑΤΑ;ΔΟΜΙΚΑ ΠΛΕΓΜΑΤΑ;
sovel;28;1;ΔΟΜΙΚΑ ΠΛΕΓΜΑΤΑ;ΔΟΜΙΚΑ ΠΛΕΓΜΑΤΑ;
sovel;29;1;ΔΟΜΙΚΑ ΠΛΕΓΜΑΤΑ;ΔΟΜΙΚΑ ΠΛΕΓΜΑΤΑ;
sovel;30;1;ΔΟΜΙΚΑ ΠΛΕΓΜΑΤΑ;ΔΟΜΙΚΑ ΠΛΕΓΜΑΤΑ;
sovel;31;1;ΔΟΜΙΚΑ ΠΛΕΓΜΑΤΑ;ΔΟΜΙΚΑ ΠΛΕΓΜΑΤΑ;
sovel;32;1;ΔΟΜΙΚΑ ΠΛΕΓΜΑΤΑ;ΔΟΜΙΚΑ ΠΛΕΓΜΑΤΑ;
sovel;33;1;ΔΟΜΙΚΑ ΠΛΕΓΜΑΤΑ;ΔΟΜΙΚΑ ΠΛΕΓΜΑΤΑ;
sovel;34;1;ΔΟΜΙΚΑ ΠΛΕΓΜΑΤΑ;ΔΟΜΙΚΑ ΠΛΕΓΜΑΤΑ;
sovel;36;1;ΔΟΜΙΚΑ ΠΛΕΓΜΑΤΑ;ΔΟΜΙΚΑ ΠΛΕΓΜΑΤΑ;
sovel;37;1;ΔΟΜΙΚΑ ΠΛΕΓΜΑΤΑ;ΔΟΜΙΚΑ ΠΛΕΓΜΑΤΑ;
sovel;38;1;ΔΟΜΙΚΑ ΠΛΕΓΜΑΤΑ;ΔΟΜΙΚΑ ΠΛΕΓΜΑΤΑ;
sovel;39;1;ΔΟΜΙΚΑ ΠΛΕΓΜΑΤΑ;ΔΟΜΙΚΑ ΠΛΕΓΜΑΤΑ;
sovel;40;1;ΔΟΜΙΚΑ ΠΛΕΓΜΑΤΑ;ΔΟΜΙΚΑ ΠΛΕΓΜΑΤΑ;
sovel;41;1;ΔΟΜΙΚΑ ΠΛΕΓΜΑΤΑ;ΔΟΜΙΚΑ ΠΛΕΓΜΑΤΑ;
sovel;42;1;SOVEL MINI MILL;SOVEL MINI MILL;
sovel;43;1;SOVEL MINI MILL;SOVEL MINI MILL;
sovel;44;1;SOVEL MINI MILL;SOVEL MINI MILL;
sovel;45;1;SOVEL MINI MILL;SOVEL MINI MILL;
sovel;46;1;SOVEL MINI MILL;SOVEL MINI MILL;
sovel;47;1;SOVEL MINI MILL;SOVEL MINI MILL;
sovel;48;1;SOVEL MINI MILL;SOVEL MINI MILL;
sovel;49;1;SOVEL MINI MILL;SOVEL MINI MILL;
sovel;50;1;ΔΟΜΙΚΑ ΠΛΕΓΜΑΤΑ;ΔΟΜΙΚΑ ΠΛΕΓΜΑΤΑ;
sovel;51;1;ΔΟΜΙΚΑ ΠΛΕΓΜΑΤΑ;ΔΟΜΙΚΑ ΠΛΕΓΜΑΤΑ;
sovel;52;1;ΔΟΜΙΚΑ ΠΛΕΓΜΑΤΑ;ΔΟΜΙΚΑ ΠΛΕΓΜΑΤΑ;
sovel;53;1;ΔΟΜΙΚΑ ΠΛΕΓΜΑΤΑ;ΔΟΜΙΚΑ ΠΛΕΓΜΑΤΑ;
fresenius;1;1;Australia;Australia;
fresenius;2;1;Australia;Australia;
fresenius;3;1;Germany;Germany;
fresenius;4;1;Germany;Germany;
fresenius;5;1;Germany;Germany;
fresenius;6;1;Germany;Germany;
fresenius;7;1;Germany;Germany;
fresenius;8;1;Germany;Germany;
fresenius;9;1;Germany;Germany;
fresenius;10;1;Germany;Germany;
fresenius;11;1;Germany;Germany;
fresenius;12;1;Germany;Germany;
fresenius;13;1;Germany;Germany;
fresenius;14;1;Germany;Germany;
fresenius;15;1;Germany;Germany;
fresenius;16;1;Germany;Germany;
fresenius;17;1;Germany;Germany;
fresenius;18;1;Germany;Germany;
fresenius;19;1;Germany;Germany;
fresenius;20;1;Germany;Germany;
fresenius;21;1;Germany;Germany;
fresenius;22;1;Germany;Germany;
fresenius;23;1;Germany;Germany;
fresenius;24;1;Germany;Germany;
fresenius;25;1;Germany;Germany;
fresenius;26;1;Germany;Germany;
fresenius;27;1;Germany;Germany;
fresenius;28;1;Germany;Germany;
cimat;2;1;Ben Ahmed;Ben Ahmed;
cimat;3;1;Ben Ahmed;Ben Ahmed;
cimat;4;1;Ben Ahmed;Ben Ahmed;
cimat;5;1;Ben Ahmed;Ben Ahmed;
cimat;6;1;Ben Ahmed;Ben Ahmed;
cimat;7;1;Ben Ahmed;Ben Ahmed;
cimat;8;1;Ben Ahmed;Ben Ahmed;
cimat;9;1;Ben Ahmed;Ben Ahmed;
cimat;10;1;Ben Ahmed;Ben Ahmed;
lemnos;2;1;Default;Default;
lemnos;3;1;Default;Default;
lemnos;4;1;Default;Default;
lemnos;5;1;Default;Default;
lemnos;6;1;Default;Default;
lemnos;7;1;Default;Default;
lemnos;8;1;Default;Default;
lemnos;9;1;Default;Default;
lemnos;10;1;Default;Default;
lemnos;11;1;Default;Default;
lemnos;12;1;Default;Default;
lemnos;13;1;Default;Default;
lemnos;14;1;Default;Default;
lemnos;15;1;Default;Default;
lemnos;16;1;Default;Default;
lemnos;18;1;Default;Default;
lemnos;19;1;Default;Default;
lemnos;20;1;Default;Default;
gap;1;1;Default;Default;
gap;3;1;Default;Default;
gap;4;1;Default;Default;
gap;5;1;Default;Default;
gap;7;1;Default;Default;
gap;8;1;Default;Default;
gap;9;1;Default;Default;
gap;10;1;Default;Default;
gap;17;1;Default;Default;
gap;20;1;Default;Default;
gap;21;1;Default;Default;
gap;32;1;Default;Default;
gap;33;1;Default;Default;
gap;35;1;Default;Default;
gap;36;1;Default;Default;
gap;37;1;Default;Default;
gap;38;1;Default;Default;
gap;39;1;Default;Default;
gap;40;1;Default;Default;
gap;41;1;Default;Default;
gap;42;1;Default;Default;
gap;43;1;Default;Default;
gap;45;1;Default;Default;
gap;48;1;Default;Default;
gap;49;1;Default;Default;
gap;50;1;Default;Default;
gap;51;1;Default;Default;
gap;52;1;Default;Default;
gap;53;1;Default;Default;
gap;54;1;Default;Default;
gap;55;1;Default;Default;
gap;56;1;Default;Default;
gap;57;1;Default;Default;
gap;59;1;Default;Default;
lindapter;1;1;Default;Default;
lindapter;2;1;Default;Default;
lindapter;3;1;Default;Default;
lindapter;5;1;Default;Default;
lindapter;6;1;Default;Default;
lindapter;7;1;Default;Default;
lindapter;8;1;Default;Default;
lindapter;9;1;Default;Default;
lindapter;10;1;Default;Default;
lindapter;11;1;Default;Default;
lindapter;17;1;Default;Default;
lindapter;21;1;Default;Default;
lindapter;22;1;Default;Default;
lindapter;23;1;Default;Default;
lindapter;24;1;Default;Default;
lindapter;25;1;Default;Default;
lindapter;26;1;Default;Default;
lindapter;27;1;Default;Default;
bella;1;1;Default;Default;
bella;2;1;Default;Default;
bella;3;1;Default;Default;
novapack;1;1;Novapack;Novapack;
monteferro;1;1;Manitoba;Manitoba;
monteferro;2;1;Manitoba;Manitoba;
monteferro;3;1;Manitoba;Manitoba;
monteferro;6;1;South Carolina;South Carolina;
monteferro;7;1;Manitoba;Manitoba;
monteferro;8;1;Manitoba;Manitoba;
monteferro;9;1;Manitoba;Manitoba;
monteferro;13;1;Manitoba;Manitoba;
monteferro;14;1;Manitoba;Manitoba;
monteferro;15;1;Manitoba;Manitoba;
monteferro;16;1;Manitoba;Manitoba;
monteferro;17;1;Manitoba;Manitoba;
monteferro;18;1;Manitoba;Manitoba;
fibran;5;1;GEO;GEO;
fibran;6;1;GEO;GEO;
fibran;7;1;GEO;GEO;
fibran;8;1;GEO;GEO;
torm;3;1;Painutus;Painutus;
torm;6;1;Lõikus;Lõikus;
torm;13;1;Lõikus;Lõikus;
torm;14;1;Lõikus;Lõikus;
torm;21;1;Lõikus;Lõikus;
torm;57;2;Lõikus, Painutus;Lõikus, Painutus;multi-factory
torm;62;1;Painutus;Painutus;
torm;63;1;Painutus;Painutus;
torm;65;1;Lõikus;Lõikus;
torm;66;1;Värvimine & Rösler;Värvimine & Rösler;
torm;96;1;Lõikus;Lõikus;
torm;99;1;Värvimine & Rösler;Värvimine & Rösler;
torm;104;1;Värvimine & Rösler;Värvimine & Rösler;
torm;108;1;Värvimine & Rösler;Värvimine & Rösler;
torm;111;1;Painutus;Painutus;
torm;113;1;Painutus;Painutus;
torm;161;1;Lõikus;Lõikus;
torm;169;1;Lõikus;Lõikus;
torm;175;1;Lõikus;Lõikus;
torm;185;1;Värvimine & Rösler;Värvimine & Rösler;
torm;186;1;Painutus;Painutus;
torm;190;1;Painutus;Painutus;
torm;194;1;Painutus;Painutus;
torm;197;1;Lõikus;Lõikus;
torm;198;1;Painutus;Painutus;
torm;200;1;Lõikus;Lõikus;
torm;204;1;Keevitus;Keevitus;
torm;211;1;Lõikus;Lõikus;
torm;221;1;Lõikus;Lõikus;
torm;223;1;Keevitus;Keevitus;
torm;226;1;Lõikus;Lõikus;
torm;227;1;Lõikus;Lõikus;
torm;228;1;Painutus;Painutus;
torm;235;1;Keevitus;Keevitus;
torm;242;1;Painutus;Painutus;
torm;244;1;Lõikus;Lõikus;
torm;245;1;Keevitus;Keevitus;
torm;248;1;Lõikus;Lõikus;
torm;251;1;Painutus;Painutus;
torm;253;1;Keevitus;Keevitus;
torm;255;1;Lõikus;Lõikus;
torm;259;1;Painutus;Painutus;
torm;260;1;Värvimine & Rösler;Värvimine & Rösler;
torm;261;1;Värvimine & Rösler;Värvimine & Rösler;
torm;262;1;Värvimine & Rösler;Värvimine & Rösler;
torm;268;1;Painutus;Painutus;
torm;270;1;Lõikus;Lõikus;
torm;271;1;Lõikus;Lõikus;
torm;273;1;Lõikus;Lõikus;
torm;276;1;Painutus;Painutus;
torm;277;1;Lõikus;Lõikus;
torm;278;1;Lõikus;Lõikus;
torm;279;1;Keevitus;Keevitus;
torm;280;1;Painutus;Painutus;
torm;282;1;Lõikus;Lõikus;
bioplanete;2;1;Bioplanete;Bioplanete;
bioplanete;3;1;Bioplanete;Bioplanete;
bioplanete;4;1;Bioplanete;Bioplanete;
bioplanete;5;1;Bioplanete;Bioplanete;
bioplanete;6;1;Bioplanete;Bioplanete;
bioplanete;7;1;Bioplanete;Bioplanete;
bioplanete;11;1;Bioplanete;Bioplanete;
fescon;1;1;Default;Default;
fescon;2;1;Default;Default;
fescon;3;1;Default;Default;
dux;1;1;Dux;Dux;
dux;2;1;Dux;Dux;
dux;4;1;Dux;Dux;
dux;5;1;Dux;Dux;
dux;6;1;Dux;Dux;
dux;7;1;Dux;Dux;
dux;8;1;Dux;Dux;
dux;9;1;Dux;Dux;
niki;3;1;Niki;Niki;
hlv;1;1;Default;Default;
hlv;3;1;Default;Default;
hlv;4;1;Default;Default;
hlv;6;1;Default;Default;
hlv;7;1;Default;Default;
hlv;8;1;Default;Default;
hlv;9;1;Default;Default;
hlv;10;1;Default;Default;
hlv;11;1;Default;Default;
hlv;12;1;Default;Default;
hlv;13;1;Default;Default;
arkema;1;1;Arkema;Arkema;
arkema;2;1;Arkema;Arkema;
arkema;3;1;Arkema;Arkema;
arkema;4;1;Arkema;Arkema;
arkema;5;1;Arkema;Arkema;
arkema;6;1;Arkema;Arkema;
cherbros;1;1;CHERBROS;CHERBROS;
cherbros;2;1;CHERBROS;CHERBROS;
cherbros;3;1;CHERBROS;CHERBROS;
cherbros;4;1;CHERBROS;CHERBROS;
cherbros;5;1;CHERBROS;CHERBROS;
cherbros;6;1;CHERBROS;CHERBROS;
cherbros;7;1;CHERBROS;CHERBROS;
cherbros;8;1;CHERBROS;CHERBROS;
cherbros;9;1;CHERBROS;CHERBROS;
cherbros;10;1;CHERBROS;CHERBROS;
cherbros;11;1;CHERBROS;CHERBROS;
cherbros;12;1;CHERBROS;CHERBROS;
pgbison;1;1;Boksburg;Boksburg;
pgbison;2;1;Boksburg;Boksburg;
pgbison;3;1;Boksburg;Boksburg;
pgbison;4;1;Boksburg;Boksburg;
pgbison;5;1;Boksburg;Boksburg;
pgbison;6;1;Boksburg;Boksburg;
pgbison;7;1;Boksburg;Boksburg;
pgbison;8;1;Boksburg;Boksburg;
pgbison;10;1;Boksburg;Boksburg;
pgbison;11;1;Boksburg;Boksburg;
pgbison;12;1;Boksburg;Boksburg;
pgbison;13;1;Boksburg;Boksburg;
pgbison;14;1;Boksburg;Boksburg;
pgbison;15;1;Boksburg;Boksburg;
pgbison;16;1;Boksburg;Boksburg;
pgbison;17;1;Boksburg;Boksburg;
pgbison;18;1;Boksburg;Boksburg;
pgbison;19;1;Boksburg;Boksburg;
pgbison;20;1;Boksburg;Boksburg;
pgbison;21;1;Boksburg;Boksburg;
pgbison;22;1;Boksburg;Boksburg;
pgbison;24;1;Mkhondo;Mkhondo;
pgbison;25;1;Mkhondo;Mkhondo;
pgbison;26;1;Mkhondo;Mkhondo;
pgbison;27;1;Mkhondo;Mkhondo;
pgbison;28;1;Mkhondo;Mkhondo;
pgbison;29;1;Mkhondo;Mkhondo;
pgbison;30;1;Mkhondo;Mkhondo;
pgbison;31;1;Mkhondo;Mkhondo;
pgbison;32;1;Mkhondo;Mkhondo;
pgbison;33;1;Mkhondo;Mkhondo;
pgbison;34;1;Mkhondo;Mkhondo;
pgbison;35;1;Mkhondo;Mkhondo;
pgbison;36;1;Mkhondo;Mkhondo;
pgbison;37;1;Mkhondo;Mkhondo;
pgbison;38;1;Mkhondo;Mkhondo;
pgbison;39;1;Mkhondo;Mkhondo;
pgbison;40;1;Mkhondo;Mkhondo;
pgbison;41;1;Mkhondo;Mkhondo;
pgbison;42;1;Mkhondo;Mkhondo;
pgbison;43;1;Mkhondo;Mkhondo;
pgbison;45;1;Boksburg;Boksburg;
pgbison;46;1;Boksburg;Boksburg;
pgbison;47;1;Boksburg;Boksburg;
pgbison;48;1;Boksburg;Boksburg;
pgbison;49;1;Boksburg;Boksburg;
pgbison;50;1;Ugie;Ugie;
pgbison;51;1;Ugie;Ugie;
pgbison;52;1;Ugie;Ugie;
pgbison;53;1;Ugie;Ugie;
pgbison;54;1;Ugie;Ugie;
pgbison;55;1;Ugie;Ugie;
pgbison;56;1;Ugie;Ugie;
pgbison;57;1;Ugie;Ugie;
pgbison;58;1;Ugie;Ugie;
pgbison;59;1;Ugie;Ugie;
pgbison;60;1;Ugie;Ugie;
pgbison;61;1;Ugie;Ugie;
pgbison;65;1;Ugie;Ugie;
pgbison;67;1;Ugie;Ugie;
pgbison;68;1;Ugie;Ugie;
pgbison;69;1;Ugie;Ugie;
pgbison;70;1;Ugie;Ugie;
pgbison;71;1;Ugie;Ugie;
pgbison;72;1;Ugie;Ugie;
pgbison;73;1;Ugie;Ugie;
pgbison;74;1;Ugie;Ugie;
pgbison;75;1;Ugie;Ugie;
pgbison;76;1;Ugie;Ugie;
pgbison;78;1;Ugie;Ugie;
pgbison;81;1;Boksburg;Boksburg;
pgbison;82;1;Ugie;Ugie;
pgbison;83;1;Ugie;Ugie;
pgbison;84;1;Ugie;Ugie;
pgbison;85;1;Ugie;Ugie;
pgbison;86;1;Ugie;Ugie;
pgbison;87;1;Ugie;Ugie;
pgbison;88;1;Boksburg;Boksburg;
pgbison;89;1;Boksburg;Boksburg;
pgbison;90;1;Ugie;Ugie;
pgbison;91;1;Ugie;Ugie;
pgbison;92;1;Ugie;Ugie;
pgbison;93;1;Ugie;Ugie;
pgbison;94;1;Ugie;Ugie;
pgbison;95;1;Ugie;Ugie;
pgbison;96;1;Ugie;Ugie;
pgbison;97;1;Ugie;Ugie;
pgbison;98;1;Ugie;Ugie;
pgbison;99;1;Ugie;Ugie;
pgbison;100;1;Ugie;Ugie;
pgbison;101;1;Ugie;Ugie;
pgbison;102;1;Ugie;Ugie;
pgbison;103;1;Ugie;Ugie;
pgbison;104;1;Ugie;Ugie;
pgbison;105;1;Ugie;Ugie;
pgbison;106;1;Ugie;Ugie;
pgbison;107;1;Ugie;Ugie;
pgbison;108;1;Ugie;Ugie;
pgbison;109;1;Ugie;Ugie;
pgbison;110;1;Ugie;Ugie;
pgbison;111;1;Ugie;Ugie;
pgbison;112;1;Ugie;Ugie;
pgbison;113;1;Ugie;Ugie;
pgbison;114;1;Ugie;Ugie;
pgbison;115;1;Ugie;Ugie;
pgbison;116;1;Boksburg;Boksburg;
pgbison;117;1;Paper Treatment Plant;Paper Treatment Plant;
pgbison;118;1;Paper Treatment Plant;Paper Treatment Plant;
pgbison;119;1;Paper Treatment Plant;Paper Treatment Plant;
pgbison;120;1;Paper Treatment Plant;Paper Treatment Plant;
pgbison;121;1;Paper Treatment Plant;Paper Treatment Plant;
pgbison;122;1;Paper Treatment Plant;Paper Treatment Plant;
pgbison;123;1;Paper Treatment Plant;Paper Treatment Plant;
pgbison;124;1;Paper Treatment Plant;Paper Treatment Plant;
pgbison;125;1;Paper Treatment Plant;Paper Treatment Plant;
pgbison;126;1;Paper Treatment Plant;Paper Treatment Plant;
pgbison;127;1;Paper Treatment Plant;Paper Treatment Plant;
pgbison;128;1;Paper Treatment Plant;Paper Treatment Plant;
pgbison;129;1;Paper Treatment Plant;Paper Treatment Plant;
pgbison;130;1;Paper Treatment Plant;Paper Treatment Plant;
pgbison;131;1;Paper Treatment Plant;Paper Treatment Plant;
pgbison;133;1;Paper Treatment Plant;Paper Treatment Plant;
pgbison;134;1;Paper Treatment Plant;Paper Treatment Plant;
pgbison;135;1;Paper Treatment Plant;Paper Treatment Plant;
pgbison;136;1;Boksburg;Boksburg;
pgbison;137;1;Boksburg;Boksburg;
pgbison;138;1;Boksburg;Boksburg;
pgbison;139;1;Boksburg;Boksburg;
pgbison;140;1;Boksburg;Boksburg;
pgbison;141;1;Boksburg;Boksburg;
pgbison;142;1;Boksburg;Boksburg;
pgbison;143;1;Boksburg;Boksburg;
pgbison;144;1;Boksburg;Boksburg;
pgbison;145;1;Boksburg;Boksburg;
pgbison;146;1;Boksburg;Boksburg;
pgbison;147;1;Boksburg;Boksburg;
pgbison;148;1;Boksburg;Boksburg;
pgbison;149;1;Boksburg;Boksburg;
pgbison;150;1;Boksburg;Boksburg;
pgbison;151;1;Boksburg;Boksburg;
pgbison;152;1;Boksburg;Boksburg;
pgbison;153;1;Boksburg;Boksburg;
pgbison;154;1;Boksburg;Boksburg;
pgbison;155;1;Boksburg;Boksburg;
pgbison;156;1;Boksburg;Boksburg;
pgbison;157;1;Boksburg;Boksburg;
pgbison;158;1;Boksburg;Boksburg;
pgbison;159;1;Boksburg;Boksburg;
pgbison;160;1;Boksburg;Boksburg;
pgbison;161;1;Boksburg;Boksburg;
pgbison;162;1;Boksburg;Boksburg;
pgbison;163;1;Boksburg;Boksburg;
pgbison;165;1;Ugie;Ugie;
pgbison;166;1;Paper Treatment Plant;Paper Treatment Plant;
pgbison;167;1;Paper Treatment Plant;Paper Treatment Plant;
pgbison;169;1;Ugie;Ugie;
pgbison;170;1;Ugie;Ugie;
pgbison;171;1;Ugie;Ugie;
pgbison;172;1;Ugie;Ugie;
pgbison;173;1;Ugie;Ugie;
pgbison;174;1;Ugie;Ugie;
pgbison;175;1;Mkhondo;Mkhondo;
pgbison;176;1;Mkhondo;Mkhondo;
pgbison;177;1;Mkhondo;Mkhondo;
pgbison;178;1;Mkhondo;Mkhondo;
pgbison;179;1;Mkhondo;Mkhondo;
pgbison;180;1;Mkhondo;Mkhondo;
pgbison;181;1;Mkhondo;Mkhondo;
pgbison;182;1;Mkhondo;Mkhondo;
pgbison;183;1;Mkhondo;Mkhondo;
pgbison;184;1;Mkhondo;Mkhondo;
pgbison;185;1;Mkhondo;Mkhondo;
pgbison;186;1;Mkhondo;Mkhondo;
pgbison;187;1;Mkhondo;Mkhondo;
pgbison;188;1;Mkhondo;Mkhondo;
pgbison;189;1;Mkhondo;Mkhondo;
pgbison;190;1;Mkhondo;Mkhondo;
pgbison;191;1;Mkhondo;Mkhondo;
pgbison;192;1;Mkhondo;Mkhondo;
pgbison;193;1;Mkhondo;Mkhondo;
pgbison;194;1;Mkhondo;Mkhondo;
pgbison;195;1;Mkhondo;Mkhondo;
pgbison;196;1;Ugie;Ugie;
pgbison;197;1;Ugie;Ugie;
pgbison;198;1;Ugie;Ugie;
pgbison;199;1;Ugie;Ugie;
cupup;1;1;Cupup;Cupup;
cupup;2;1;Cupup;Cupup;
cupup;3;1;Cupup;Cupup;
cupup;4;1;Cupup;Cupup;
hoovelliist;1;1;Default;Default;
hoovelliist;2;1;Default;Default;
hoovelliist;3;1;Default;Default;
hoovelliist;4;1;Default;Default;
hoovelliist;5;1;Default;Default;
hoovelliist;6;1;Default;Default;
hoovelliist;7;1;Default;Default;
hoovelliist;8;1;Default;Default;
hoovelliist;9;1;Default;Default;
hoovelliist;10;1;Default;Default;
hoovelliist;11;1;Default;Default;
hoovelliist;12;1;Default;Default;
hoovelliist;13;1;Default;Default;
hoovelliist;15;1;Default;Default;
hoovelliist;16;1;Default;Default;
hoovelliist;17;1;Default;Default;
hoovelliist;18;1;Default;Default;
hoovelliist;20;1;Default;Default;
hoovelliist;21;1;Default;Default;
hoovelliist;22;1;Default;Default;
hoovelliist;23;1;Default;Default;
hoovelliist;24;1;Default;Default;
hoovelliist;25;1;Default;Default;
hoovelliist;26;1;Default;Default;
hoovelliist;27;1;Default;Default;
hoovelliist;28;1;Default;Default;
hoovelliist;29;1;Default;Default;
hoovelliist;30;1;Default;Default;
hoovelliist;31;1;Default;Default;
hoovelliist;32;1;Default;Default;
hoovelliist;33;1;Default;Default;
hoovelliist;38;1;Default;Default;
hoovelliist;40;1;Default;Default;
hoovelliist;41;1;Default;Default;
hoovelliist;43;1;Default;Default;
hoovelliist;44;1;Default;Default;
hoovelliist;46;1;Default;Default;
hoovelliist;47;1;Default;Default;
hoovelliist;48;1;Default;Default;
hoovelliist;49;1;Default;Default;
hoovelliist;50;1;Default;Default;
hoovelliist;52;1;Default;Default;
hoovelliist;53;1;Default;Default;
hoovelliist;55;1;Default;Default;
hoovelliist;56;1;Default;Default;
hoovelliist;57;1;Default;Default;
hoovelliist;59;1;Default;Default;
hoovelliist;65;1;Default;Default;
hoovelliist;66;1;Default;Default;
hoovelliist;67;1;Default;Default;
hoovelliist;68;1;Default;Default;
hoovelliist;69;1;Default;Default;
hoovelliist;75;1;Default;Default;
hoovelliist;78;1;Default;Default;
hoovelliist;79;1;Default;Default;
hoovelliist;80;1;Default;Default;
hoovelliist;81;1;Default;Default;
hoovelliist;82;1;Default;Default;
hoovelliist;83;1;Default;Default;
hoovelliist;84;1;Default;Default;
hoovelliist;85;1;Default;Default;
hoovelliist;86;1;Default;Default;
hoovelliist;87;1;Default;Default;
hoovelliist;88;1;Default;Default;
hoovelliist;89;1;Default;Default;
hoovelliist;90;1;Default;Default;
hoovelliist;91;1;Default;Default;
hoovelliist;92;1;Default;Default;
hoovelliist;93;1;Default;Default;
hoovelliist;94;1;Default;Default;
hoovelliist;95;1;Default;Default;
hoovelliist;96;1;Default;Default;
hoovelliist;97;1;Default;Default;
hoovelliist;98;1;Default;Default;
hoovelliist;100;1;Default;Default;
hoovelliist;101;1;Default;Default;
hoovelliist;102;1;Default;Default;
hoovelliist;103;1;Default;Default;
hoovelliist;104;1;Default;Default;
hoovelliist;105;1;Default;Default;
hplush;2;1;Kruki;Kruki;
hplush;4;1;Kruki;Kruki;
hplush;7;1;Klucze;Klucze;
hplush;8;1;Klucze;Klucze;
hplush;10;1;Klucze;Klucze;
hplush;11;1;Klucze;Klucze;
hplush;13;1;Klucze;Klucze;
hplush;14;1;Leżajsk;Leżajsk;
hplush;15;1;Leżajsk;Leżajsk;
hplush;18;1;Leżajsk;Leżajsk;
hplush;20;1;Jedlanka;Jedlanka;
hplush;22;1;Jedlanka;Jedlanka;
hplush;23;1;Jedlanka;Jedlanka;
hplush;24;1;Jedlanka;Jedlanka;
hplush;25;1;Jedlanka;Jedlanka;
hplush;26;1;Jedlanka;Jedlanka;
hplush;27;1;Jedlanka;Jedlanka;
hplush;28;1;Jedlanka;Jedlanka;
hplush;29;1;Jedlanka;Jedlanka;
hplush;30;1;Jedlanka;Jedlanka;
hplush;47;1;Klucze;Klucze;
hplush;48;1;Klucze;Klucze;
hplush;51;1;Klucze;Klucze;
hplush;52;1;Klucze;Klucze;
hplush;53;1;Klucze;Klucze;
hplush;59;1;Jedlanka;Jedlanka;
hplush;62;1;Puławy;Puławy;
hplush;63;1;Puławy;Puławy;
hplush;65;1;Puławy;Puławy;
hplush;66;1;Puławy;Puławy;
hplush;67;1;Puławy;Puławy;
hplush;68;1;Puławy;Puławy;
hplush;76;1;Kruki;Kruki;
hplush;77;1;Kruki;Kruki;
hplush;78;1;Kruki;Kruki;
hplush;83;1;Kruki;Kruki;
hplush;97;1;Kruki;Kruki;
hplush;98;1;Lidzbark;Lidzbark;
hplush;99;1;Lidzbark;Lidzbark;
hplush;101;1;Lidzbark;Lidzbark;
hplush;102;1;Reda AAC;Reda AAC;
hplush;103;1;Reda AAC;Reda AAC;
hplush;104;1;Reda AAC;Reda AAC;
hplush;105;1;Reda AAC;Reda AAC;
hplush;106;1;Reda AAC;Reda AAC;
hplush;107;1;Reda AAC;Reda AAC;
hplush;108;1;Reda AAC;Reda AAC;
hplush;109;1;Reda AAC;Reda AAC;
hplush;115;1;Lidzbark;Lidzbark;
hplush;116;1;Lidzbark;Lidzbark;
hplush;118;1;Lidzbark;Lidzbark;
hplush;119;1;Przysieczyn;Przysieczyn;
hplush;120;1;Przysieczyn;Przysieczyn;
hplush;122;1;Przysieczyn;Przysieczyn;
hplush;123;1;Przysieczyn;Przysieczyn;
hplush;125;1;Przysieczyn;Przysieczyn;
hplush;127;1;Przysieczyn;Przysieczyn;
hplush;128;1;Przysieczyn;Przysieczyn;
hplush;129;1;Przysieczyn;Przysieczyn;
hplush;131;1;Przysieczyn;Przysieczyn;
hplush;132;1;Przysieczyn;Przysieczyn;
hplush;133;1;Przysieczyn;Przysieczyn;
hplush;134;1;Przysieczyn;Przysieczyn;
hplush;135;1;Przysieczyn;Przysieczyn;
hplush;139;1;Gorzkowice;Gorzkowice;
hplush;141;1;Gorzkowice;Gorzkowice;
hplush;142;1;Gorzkowice;Gorzkowice;
hplush;154;1;Żelisławice;Żelisławice;
hplush;155;1;Żelisławice;Żelisławice;
hplush;156;1;Żelisławice;Żelisławice;
hplush;157;1;Żelisławice;Żelisławice;
hplush;158;1;Żelisławice;Żelisławice;
hplush;159;1;Żelisławice;Żelisławice;
hplush;160;1;Żelisławice;Żelisławice;
hplush;161;1;Żelisławice;Żelisławice;
hplush;162;1;Żelisławice;Żelisławice;
hplush;163;1;Żelisławice;Żelisławice;
hplush;166;1;Żelisławice;Żelisławice;
hplush;170;1;Żelisławice;Żelisławice;
hplush;172;1;Jedlanka;Jedlanka;
hplush;173;1;Reda AAC;Reda AAC;
hplush;175;1;Reda CSU;Reda CSU;
hplush;178;1;Gorzkowice;Gorzkowice;
hplush;181;1;Reda CSU;Reda CSU;
hplush;183;1;Reda CSU;Reda CSU;
hplush;184;1;Kruki;Kruki;
hplush;185;1;Kruki;Kruki;
hplush;186;1;Kruki;Kruki;
hplush;188;1;Kruki;Kruki;
hplush;190;1;Kruki;Kruki;
hplush;191;1;Kruki;Kruki;
hplush;192;1;Lidzbark;Lidzbark;
hplush;194;1;Reda CSU;Reda CSU;
hplush;198;1;Jedlanka;Jedlanka;
hplush;199;1;Gorzkowice;Gorzkowice;
hplush;202;1;Reda AAC;Reda AAC;
hplush;204;1;Klucze;Klucze;
hplush;205;1;Puławy;Puławy;
hplush;206;1;Klucze;Klucze;
hplush;208;1;Klucze;Klucze;
hplush;209;1;Klucze;Klucze;
hplush;211;1;Klucze;Klucze;
hplush;215;1;Jedlanka;Jedlanka;
hplush;217;1;Jedlanka;Jedlanka;
hplush;218;1;Jedlanka;Jedlanka;
hplush;221;1;Klucze;Klucze;
hplush;222;1;Klucze;Klucze;
hplush;224;1;Leżajsk;Leżajsk;
hplush;225;1;Leżajsk;Leżajsk;
hplush;226;1;Leżajsk;Leżajsk;
hplush;227;2;Reda AAC, Reda CSU;Reda AAC, Reda CSU;multi-factory
hplush;229;2;Reda AAC, Reda CSU;Reda AAC, Reda CSU;multi-factory
hplush;231;1;Reda CSU;Reda CSU;
hplush;232;1;Lidzbark;Lidzbark;
hplush;233;1;Jedlanka;Jedlanka;
hplush;234;1;Jedlanka;Jedlanka;
hplush;235;1;Jedlanka;Jedlanka;
hplush;236;1;Kruki;Kruki;
hplush;237;1;Przysieczyn;Przysieczyn;
hplush;238;1;Kruki;Kruki;
hplush;239;1;Reda CSU;Reda CSU;
hplush;240;1;Reda CSU;Reda CSU;
hplush;241;1;Reda CSU;Reda CSU;
hplush;244;1;Leżajsk;Leżajsk;
hplush;245;2;Reda AAC, Reda CSU;Reda AAC, Reda CSU;multi-factory
hplush;248;1;Przysieczyn;Przysieczyn;
hplush;249;1;Przysieczyn;Przysieczyn;
hplush;250;1;Reda CSU;Reda CSU;
hplush;255;1;Przysieczyn;Przysieczyn;
hplush;257;1;Puławy;Puławy;
hplush;258;1;Kruki;Kruki;
hplush;260;1;Kruki;Kruki;
hplush;261;1;Kruki;Kruki;
hplush;262;1;Kruki;Kruki;
hplush;263;1;Kruki;Kruki;
hplush;266;1;Kruki;Kruki;
hplush;268;1;Kruki;Kruki;
hplush;270;1;Kruki;Kruki;
hplush;271;1;Kruki;Kruki;
hplush;274;1;Puławy;Puławy;
hplush;275;1;Klucze;Klucze;
hplush;279;1;Jedlanka;Jedlanka;
hplush;281;1;Przysieczyn;Przysieczyn;
hplush;282;1;Reda CSU;Reda CSU;
hplush;285;1;Puławy;Puławy;
hplush;288;1;Reda CSU;Reda CSU;
hplush;289;1;Gorzkowice;Gorzkowice;
hplush;290;1;Gorzkowice;Gorzkowice;
hplush;291;1;Leżajsk;Leżajsk;
hplush;292;1;Gorzkowice;Gorzkowice;
hplush;293;1;Gorzkowice;Gorzkowice;
hplush;294;1;Żelisławice;Żelisławice;
hplush;295;1;Żelisławice;Żelisławice;
hplush;297;1;Żelisławice;Żelisławice;
hplush;298;1;Jedlanka;Jedlanka;
hplush;299;1;Klucze;Klucze;
hplush;300;1;Przysieczyn;Przysieczyn;
hplush;309;1;Żelisławice;Żelisławice;
hplush;311;1;Żelisławice;Żelisławice;
hplush;312;1;Gorzkowice;Gorzkowice;
hplush;313;1;Żelisławice;Żelisławice;
hplush;315;1;Jedlanka;Jedlanka;
hplush;316;1;Przysieczyn;Przysieczyn;
hplush;317;1;Reda AAC;Reda AAC;
hplush;319;1;Reda AAC;Reda AAC;
hplush;323;1;Puławy;Puławy;
hplush;324;1;Puławy;Puławy;
hplush;325;1;Puławy;Puławy;
hplush;326;1;Puławy;Puławy;
hplush;328;1;Leżajsk;Leżajsk;
hplush;329;1;Kruki;Kruki;
hplush;330;1;Kruki;Kruki;
hplush;331;1;Kruki;Kruki;
hplush;333;1;Kruki;Kruki;
hplush;334;1;Puławy;Puławy;
hplush;335;1;Puławy;Puławy;
hplush;336;1;Klucze;Klucze;
hplush;337;1;Żelisławice;Żelisławice;
hplush;341;1;Puławy;Puławy;
hplush;342;1;Puławy;Puławy;
hplush;343;1;Gorzkowice;Gorzkowice;
hplush;344;1;Gorzkowice;Gorzkowice;
hplush;345;1;Lidzbark;Lidzbark;
hplush;346;1;Leżajsk;Leżajsk;
hplush;348;1;Klucze;Klucze;
hplush;349;1;Reda AAC;Reda AAC;
hplush;351;1;Jedlanka;Jedlanka;
hplush;352;1;Klucze;Klucze;
hplush;355;1;Reda CSU;Reda CSU;
hplush;356;1;Przysieczyn;Przysieczyn;
hplush;357;1;Jedlanka;Jedlanka;
hplush;358;1;Klucze;Klucze;
hplush;359;1;Klucze;Klucze;
hplush;366;1;Żelisławice;Żelisławice;
hplush;367;1;Gorzkowice;Gorzkowice;
hplush;368;1;Reda CSU;Reda CSU;
hplush;369;1;Klucze;Klucze;
hplush;370;1;Klucze;Klucze;
hplush;371;1;Kruki;Kruki;
hplush;372;1;Kruki;Kruki;
hplush;375;1;Żelisławice;Żelisławice;
hplush;376;1;Żelisławice;Żelisławice;
hplush;377;1;Żelisławice;Żelisławice;
hplush;378;1;Kruki;Kruki;
hplush;379;1;Reda CSU;Reda CSU;
hplush;381;1;Reda CSU;Reda CSU;
hplush;382;1;Reda CSU;Reda CSU;
hplush;383;1;Lidzbark;Lidzbark;
hplush;384;1;Lidzbark;Lidzbark;
hplush;385;1;Lidzbark;Lidzbark;
hplush;386;1;Leżajsk;Leżajsk;
hplush;387;1;Żelisławice;Żelisławice;
hplush;388;1;Żelisławice;Żelisławice;
hplush;389;1;Żelisławice;Żelisławice;
hplush;390;1;Żelisławice;Żelisławice;
hplush;391;1;Żelisławice;Żelisławice;
hplush;392;1;Żelisławice;Żelisławice;
hplush;393;1;Żelisławice;Żelisławice;
hplush;394;1;Żelisławice;Żelisławice;
hplush;395;1;Żelisławice;Żelisławice;
hplush;396;1;Kruki;Kruki;
hplush;397;1;Kruki;Kruki;
hplush;398;1;Żelisławice;Żelisławice;
hplush;399;1;Kruki;Kruki;
hplush;400;1;Jedlanka;Jedlanka;
hplush;401;1;Reda CSU;Reda CSU;
hplush;403;1;Jedlanka;Jedlanka;
hplush;404;1;Jedlanka;Jedlanka;
hplush;405;1;Jedlanka;Jedlanka;
hplush;409;1;Gorzkowice;Gorzkowice;
hplush;412;1;Gorzkowice;Gorzkowice;
tsimis;1;1;Tsimis;Tsimis;
tsimis;2;1;Tsimis;Tsimis;
tsimis;3;1;Tsimis;Tsimis;
tsimis;4;1;Tsimis;Tsimis;
tsimis;5;1;Tsimis;Tsimis;
tsimis;6;1;Tsimis;Tsimis;
tsimis;7;1;Tsimis;Tsimis;
tsimis;9;1;Tsimis;Tsimis;
tsimis;10;1;Tsimis;Tsimis;
tsimis;11;1;Tsimis;Tsimis;
tsimis;12;1;Tsimis;Tsimis;
tsimis;13;1;Tsimis;Tsimis;
tsimis;14;1;Tsimis;Tsimis;
tsimis;15;1;Tsimis;Tsimis;
tsimis;16;1;Tsimis;Tsimis;
tsimis;17;1;Tsimis;Tsimis;
tsimis;18;1;Tsimis;Tsimis;
tsimis;19;1;Tsimis;Tsimis;
tsimis;20;1;Tsimis;Tsimis;
tsimis;21;1;Tsimis;Tsimis;
tsimis;22;1;Tsimis;Tsimis;
tsimis;23;1;Tsimis;Tsimis;
tsimis;24;1;Tsimis;Tsimis;
tsimis;25;1;Tsimis;Tsimis;
tsimis;26;1;Tsimis;Tsimis;
tsimis;27;1;Tsimis;Tsimis;
tsimis;28;1;Tsimis;Tsimis;
tsimis;29;1;Tsimis;Tsimis;
tsimis;30;1;Tsimis;Tsimis;
tsimis;31;1;Tsimis;Tsimis;
tsimis;32;1;Tsimis;Tsimis;
tsimis;34;1;Tsimis;Tsimis;
tsimis;35;1;Tsimis;Tsimis;
tsimis;36;1;Tsimis;Tsimis;
tsimis;37;1;Tsimis;Tsimis;
tsimis;38;1;Tsimis;Tsimis;
tsimis;39;1;Tsimis;Tsimis;
tsimis;40;1;Tsimis;Tsimis;
tsimis;41;1;Tsimis;Tsimis;
tsimis;42;1;Tsimis;Tsimis;
tsimis;43;1;Tsimis;Tsimis;
kingslanddrinks;5;0;;;no stations, no factory - needs a decision
kingslanddrinks;6;1;Hall B;Hall B;
kingslanddrinks;7;1;Hall B;Hall B;
kingslanddrinks;8;1;Hall B;Hall B;
kingslanddrinks;9;1;Hall B;Hall B;
kingslanddrinks;10;1;Hall B;Hall B;
kingslanddrinks;11;1;Hall B;Hall B;
kingslanddrinks;12;1;Hall B;Hall B;
kingslanddrinks;13;1;Hall B;Hall B;
kingslanddrinks;14;1;Hall B;Hall B;
kingslanddrinks;15;1;Hall B;Hall B;
kingslanddrinks;16;1;Hall B;Hall B;
kingslanddrinks;18;1;Hall A;Hall A;
kingslanddrinks;19;1;Hall A;Hall A;
kingslanddrinks;20;1;Hall A;Hall A;
kingslanddrinks;21;1;Hall A;Hall A;
kingslanddrinks;22;1;Hall A;Hall A;
kingslanddrinks;23;1;Hall A;Hall A;
kingslanddrinks;24;1;Hall A;Hall A;
kingslanddrinks;25;1;Hall A;Hall A;
kingslanddrinks;26;1;Hall B;Hall B;
kingslanddrinks;27;1;Hall A;Hall A;
kingslanddrinks;28;1;Hall A;Hall A;
kingslanddrinks;29;1;Hall A;Hall A;
kingslanddrinks;30;1;Hall A;Hall A;
kingslanddrinks;31;1;Hall A;Hall A;
kingslanddrinks;32;1;Hall A;Hall A;
kingslanddrinks;33;1;Hall A;Hall A;
kingslanddrinks;34;1;Hall A;Hall A;
kingslanddrinks;35;1;Hall A;Hall A;
kingslanddrinks;36;1;Hall A;Hall A;
kingslanddrinks;37;1;Hall A;Hall A;
kingslanddrinks;38;1;Hall A;Hall A;
kingslanddrinks;39;1;Hall A;Hall A;
kingslanddrinks;40;1;Hall A;Hall A;
kingslanddrinks;41;1;Hall A;Hall A;
kingslanddrinks;42;1;Hall A;Hall A;
kingslanddrinks;43;1;Hall A;Hall A;
kingslanddrinks;44;1;Hall A;Hall A;
kingslanddrinks;45;1;Hall A;Hall A;
kingslanddrinks;46;1;Hall A;Hall A;
kingslanddrinks;48;1;Hall A;Hall A;
kingslanddrinks;49;1;Hall A;Hall A;
kingslanddrinks;50;1;Hall A;Hall A;
kingslanddrinks;51;1;Hall A;Hall A;
kingslanddrinks;52;1;Hall A;Hall A;
kingslanddrinks;53;1;Hall A;Hall A;
kingslanddrinks;54;1;Hall A;Hall A;
kingslanddrinks;55;1;Hall A;Hall A;
kingslanddrinks;56;1;Hall A;Hall A;
kingslanddrinks;57;1;Hall A;Hall A;
kingslanddrinks;58;1;Hall A;Hall A;
kingslanddrinks;59;1;Hall A;Hall A;
kingslanddrinks;60;1;Hall A;Hall A;
kingslanddrinks;61;1;Hall A;Hall A;
kingslanddrinks;62;1;Hall A;Hall A;
kingslanddrinks;63;1;Hall A;Hall A;
kingslanddrinks;64;1;Hall B;Hall B;
kingslanddrinks;65;2;Hall A, Hall B;Hall A, Hall B;multi-factory
kingslanddrinks;66;1;Hall B;Hall B;
kingslanddrinks;67;1;Hall B;Hall B;
kingslanddrinks;68;1;Hall B;Hall B;
kingslanddrinks;69;1;Hall B;Hall B;
kingslanddrinks;70;1;Hall B;Hall B;
kingslanddrinks;71;1;Hall B;Hall B;
kingslanddrinks;72;1;Hall B;Hall B;
kingslanddrinks;73;1;Hall B;Hall B;
kingslanddrinks;74;1;Hall B;Hall B;
kingslanddrinks;75;1;Hall B;Hall B;
kingslanddrinks;76;1;Hall B;Hall B;
kingslanddrinks;77;1;Hall B;Hall B;
kingslanddrinks;78;1;Hall B;Hall B;
kingslanddrinks;79;1;Hall B;Hall B;
kingslanddrinks;80;1;Hall B;Hall B;
kingslanddrinks;81;1;Hall B;Hall B;
kingslanddrinks;82;1;Hall B;Hall B;
kingslanddrinks;83;1;Hall B;Hall B;
kingslanddrinks;84;1;Hall B;Hall B;
kingslanddrinks;85;1;Hall B;Hall B;
kingslanddrinks;86;1;Hall B;Hall B;
kingslanddrinks;87;1;Hall B;Hall B;
kingslanddrinks;88;1;Hall B;Hall B;
kingslanddrinks;91;2;Hall A, Hall B;Hall A, Hall B;multi-factory
kingslanddrinks;92;1;Hall B;Hall B;
kingslanddrinks;93;1;Hall A;Hall A;
kingslanddrinks;94;2;Hall A, Hall B;Hall A, Hall B;multi-factory
kingslanddrinks;95;1;Hall A;Hall A;
kingslanddrinks;96;1;Hall B;Hall B;
kingslanddrinks;97;1;Hall B;Hall B;
kingslanddrinks;98;1;Hall A;Hall A;
kingslanddrinks;99;1;Hall A;Hall A;
kingslanddrinks;100;1;Hall A;Hall A;
kingslanddrinks;101;1;Hall A;Hall A;
kingslanddrinks;102;1;Hall A;Hall A;
kingslanddrinks;105;1;Hall A;Hall A;
kingslanddrinks;106;1;Hall B;Hall B;
kingslanddrinks;107;2;Hall A, Hall B;Hall A, Hall B;multi-factory
kingslanddrinks;108;2;Hall A, Hall B;Hall A, Hall B;multi-factory
oscar;2;1;Oscar;Oscar;
oscar;5;1;Oscar;Oscar;
oscar;6;1;Oscar;Oscar;
oscar;9;1;Oscar;Oscar;
oscar;12;1;Oscar;Oscar;
oscar;13;1;Oscar;Oscar;
oscar;14;1;Oscar;Oscar;
oscar;15;1;Oscar;Oscar;
oscar;16;1;Oscar;Oscar;
oscar;17;1;Oscar;Oscar;
oscar;18;1;Oscar;Oscar;
oscar;20;1;Oscar;Oscar;
oscar;21;1;Oscar;Oscar;
oscar;22;1;Oscar;Oscar;
oscar;23;1;Oscar;Oscar;
oscar;25;1;Oscar;Oscar;
oscar;26;1;Oscar;Oscar;
oscar;31;1;Oscar;Oscar;
oscar;34;1;Oscar;Oscar;
oscar;39;1;Oscar;Oscar;
oscar;47;1;Oscar;Oscar;
oscar;50;1;Oscar;Oscar;
oscar;51;1;Oscar;Oscar;
oscar;56;1;Oscar;Oscar;
oscar;57;1;Oscar;Oscar;
oscar;58;1;Oscar;Oscar;
oscar;59;1;Oscar;Oscar;
oscar;61;1;Oscar;Oscar;
oscar;63;1;Oscar;Oscar;
oscar;64;1;Oscar;Oscar;
oscar;65;1;Oscar;Oscar;
oscar;66;1;Oscar;Oscar;
oscar;68;1;Oscar;Oscar;
oscar;71;1;Oscar;Oscar;
oscar;72;1;Oscar;Oscar;
oscar;73;1;Oscar;Oscar;
oscar;74;1;Oscar;Oscar;
oscar;75;1;Oscar;Oscar;
oscar;76;1;Oscar;Oscar;
oscar;77;1;Oscar;Oscar;
oscar;78;1;Oscar;Oscar;
oscar;79;1;Oscar;Oscar;
oscar;85;1;Oscar;Oscar;
oscar;88;1;Oscar;Oscar;
oscar;89;1;Oscar;Oscar;
oscar;90;1;Oscar;Oscar;
oscar;91;1;Oscar;Oscar;
oscar;92;1;Oscar;Oscar;
oscar;93;1;Oscar;Oscar;
oscar;94;1;Oscar;Oscar;
oscar;95;1;Oscar;Oscar;
oscar;96;1;Oscar;Oscar;
oscar;98;1;Oscar;Oscar;
oscar;99;1;Oscar;Oscar;
oscar;100;1;Oscar;Oscar;
oscar;101;1;Oscar;Oscar;
oscar;103;1;Oscar;Oscar;
oscar;104;1;Oscar;Oscar;
oscar;105;1;Oscar;Oscar;
oscar;106;1;Oscar;Oscar;
oscar;107;1;Oscar;Oscar;
oscar;108;1;Oscar;Oscar;
oscar;109;1;Oscar;Oscar;
oscar;110;1;Oscar;Oscar;
oscar;112;1;Oscar;Oscar;
oscar;113;1;Oscar;Oscar;
colpal;1;1;Colpal;Colpal;
colpal;2;1;Colpal;Colpal;
colpal;3;1;Colpal;Colpal;
colpal;4;1;Colpal;Colpal;
mylollies;1;1;Mylollies;Mylollies;
mylollies;2;1;Mylollies;Mylollies;
mylollies;3;1;Mylollies;Mylollies;
mylollies;4;1;Mylollies;Mylollies;
mylollies;5;1;Mylollies;Mylollies;
mylollies;6;1;Mylollies;Mylollies;
mylollies;7;1;Mylollies;Mylollies;
estpak;2;1;Tehas 1/2;Tehas 1/2;
estpak;3;1;Tehas 1/2;Tehas 1/2;
estpak;7;1;Tehas 1/2;Tehas 1/2;
estpak;21;1;Tehas 1/2;Tehas 1/2;
estpak;23;1;Tehas 1/2;Tehas 1/2;
estpak;24;1;Tehas 1/2;Tehas 1/2;
estpak;25;1;Tehas 1/2;Tehas 1/2;
estpak;26;1;Tehas 1/2;Tehas 1/2;
estpak;28;1;Tehas 3 seadmed;Tehas 3 seadmed;
estpak;29;1;Tehas 3 seadmed;Tehas 3 seadmed;
estpak;30;1;Tehas 3 seadmed;Tehas 3 seadmed;
estpak;31;1;Tehas 3 seadmed;Tehas 3 seadmed;
estpak;32;1;Tehas 3 seadmed;Tehas 3 seadmed;
estpak;33;1;Tehas 3 seadmed;Tehas 3 seadmed;
estpak;41;1;Tehas 3 seadmed;Tehas 3 seadmed;
estpak;42;1;Tehas 3 seadmed;Tehas 3 seadmed;
estpak;44;1;Tehas 3 seadmed;Tehas 3 seadmed;
intertrade;4;1;Χαρτοποιία;Χαρτοποιία;
intertrade;5;1;Χαρτοποιία;Χαρτοποιία;
intertrade;7;1;Χαρτοποιία;Χαρτοποιία;
intertrade;8;1;Χαρτοποιία;Χαρτοποιία;
intertrade;9;1;Χαρτοποιία;Χαρτοποιία;
intertrade;10;1;Χαρτοποιία;Χαρτοποιία;
intertrade;11;1;Μεταποίηση;Μεταποίηση;
intertrade;12;1;Μεταποίηση;Μεταποίηση;
intertrade;13;1;Μεταποίηση;Μεταποίηση;
intertrade;14;1;Μεταποίηση;Μεταποίηση;
intertrade;15;1;Μεταποίηση;Μεταποίηση;
intertrade;16;1;Μεταποίηση;Μεταποίηση;
intertrade;17;1;Μεταποίηση;Μεταποίηση;
intertrade;18;1;Μεταποίηση;Μεταποίηση;
intertrade;19;1;Μεταποίηση;Μεταποίηση;
intertrade;20;1;Μεταποίηση;Μεταποίηση;
intertrade;21;1;Μεταποίηση;Μεταποίηση;
intertrade;22;1;Μεταποίηση;Μεταποίηση;
intertrade;23;1;Μεταποίηση;Μεταποίηση;
intertrade;24;1;Μεταποίηση;Μεταποίηση;
intertrade;25;1;Μεταποίηση;Μεταποίηση;
intertrade;26;1;Μεταποίηση;Μεταποίηση;
intertrade;27;1;Μεταποίηση;Μεταποίηση;
intertrade;28;1;Μεταποίηση;Μεταποίηση;
intertrade;29;1;Μεταποίηση;Μεταποίηση;
intertrade;30;1;Μεταποίηση;Μεταποίηση;
intertrade;31;1;Μεταποίηση;Μεταποίηση;
intertrade;32;1;Μεταποίηση;Μεταποίηση;
intertrade;33;1;Μεταποίηση;Μεταποίηση;
intertrade;34;1;Μεταποίηση;Μεταποίηση;
intertrade;35;1;Μεταποίηση;Μεταποίηση;
intertrade;36;1;Μεταποίηση;Μεταποίηση;
intertrade;37;1;Μεταποίηση;Μεταποίηση;
intertrade;38;1;Μεταποίηση;Μεταποίηση;
intertrade;39;1;Μεταποίηση;Μεταποίηση;
intertrade;40;1;Μεταποίηση;Μεταποίηση;
intertrade;41;1;Μεταποίηση;Μεταποίηση;
intertrade;42;1;Μεταποίηση;Μεταποίηση;
intertrade;43;1;Μεταποίηση;Μεταποίηση;
intertrade;44;1;Μεταποίηση;Μεταποίηση;
intertrade;45;1;Μεταποίηση;Μεταποίηση;
intertrade;47;1;Μεταποίηση;Μεταποίηση;
intertrade;48;1;Μεταποίηση;Μεταποίηση;
intertrade;49;1;Μεταποίηση;Μεταποίηση;
intertrade;50;1;Μεταποίηση;Μεταποίηση;
intertrade;51;1;Μεταποίηση;Μεταποίηση;
intertrade;52;1;Μεταποίηση;Μεταποίηση;
intertrade;53;1;Μεταποίηση;Μεταποίηση;
intertrade;54;1;Μεταποίηση;Μεταποίηση;
syngentasa;1;1;Syngentasa;Syngentasa;
syngentasa;2;1;Syngentasa;Syngentasa;
syngentasa;3;1;Syngentasa;Syngentasa;
syngentasa;5;1;Syngentasa;Syngentasa;
syngentasa;6;1;Syngentasa;Syngentasa;
syngentasa;7;1;Syngentasa;Syngentasa;
cranswick;1;1;Milton Keynes;Milton Keynes;
kyknos;1;1;Kyknos;Kyknos;
kyknos;2;1;Kyknos;Kyknos;
kyknos;4;1;Kyknos;Kyknos;
kyknos;5;1;Kyknos;Kyknos;
kyknos;6;1;Kyknos;Kyknos;
kyknos;9;1;Kyknos;Kyknos;
kyknos;10;1;Kyknos;Kyknos;
kyknos;11;1;Kyknos;Kyknos;
kyknos;12;1;Kyknos;Kyknos;
kyknos;13;1;Kyknos;Kyknos;
kyknos;14;1;Kyknos;Kyknos;
kyknos;16;1;Kyknos;Kyknos;
kyknos;21;1;Kyknos;Kyknos;
kyknos;22;1;Kyknos;Kyknos;
kyknos;23;1;Kyknos;Kyknos;
kyknos;24;1;Kyknos;Kyknos;
kyknos;25;1;Kyknos;Kyknos;
kyknos;27;1;Kyknos;Kyknos;
kyknos;28;1;Kyknos;Kyknos;
kyknos;29;1;Kyknos;Kyknos;
kyknos;30;1;Kyknos;Kyknos;
kyknos;31;1;Kyknos;Kyknos;
kyknos;32;1;Kyknos;Kyknos;
kyknos;33;1;Kyknos;Kyknos;
kyknos;34;1;Kyknos;Kyknos;
kyknos;35;1;Kyknos;Kyknos;
kyknos;37;1;Kyknos;Kyknos;
kyknos;38;1;Kyknos;Kyknos;
kyknos;39;1;Kyknos;Kyknos;
kyknos;40;1;Kyknos;Kyknos;
kyknos;41;1;Kyknos;Kyknos;
kyknos;42;1;Kyknos;Kyknos;
kyknos;43;1;Kyknos;Kyknos;
kyknos;44;1;Kyknos;Kyknos;
kyknos;45;1;Kyknos;Kyknos;
kyknos;46;1;Kyknos;Kyknos;
kyknos;47;1;Kyknos;Kyknos;
kyknos;48;1;Kyknos;Kyknos;
adcock;1;1;Adcock;Adcock;
adcock;2;1;Adcock;Adcock;
adcock;3;1;Adcock;Adcock;
adcock;4;1;Adcock;Adcock;
marsatp;3;1;Marsatp;Marsatp;
marsatp;4;1;Marsatp;Marsatp;
marsatp;5;1;Marsatp;Marsatp;
marsatp;6;1;Marsatp;Marsatp;
marsatp;7;1;Marsatp;Marsatp;
marsatp;8;1;Marsatp;Marsatp;
marsatp;9;1;Marsatp;Marsatp;
marsatp;10;1;Marsatp;Marsatp;
marsatp;11;1;Marsatp;Marsatp;
marsatp;12;1;Marsatp;Marsatp;
marsatp;13;1;Marsatp;Marsatp;
marsatp;14;1;Marsatp;Marsatp;
marsatp;15;1;Marsatp;Marsatp;
marsatp;16;1;Marsatp;Marsatp;
marsatp;17;1;Marsatp;Marsatp;
marsatp;18;1;Marsatp;Marsatp;
marsatp;19;1;Marsatp;Marsatp;
marsatp;20;1;Marsatp;Marsatp;
marsatp;21;1;Marsatp;Marsatp;
marsatp;22;1;Marsatp;Marsatp;
marsatp;23;1;Marsatp;Marsatp;
provideu;1;1;ProvideU Assembly EE;ProvideU Assembly EE;
provideu;7;1;ProvideU Assembly EE;ProvideU Assembly EE;
provideu;8;1;ProvideU Assembly EE;ProvideU Assembly EE;
provideu;9;1;ProvideU Assembly EE;ProvideU Assembly EE;
provideu;10;1;ProvideU Assembly EE;ProvideU Assembly EE;
provideu;11;1;ProvideU Assembly EE;ProvideU Assembly EE;
marsmtm;1;0;;;no stations, no factory - needs a decision
marsmtm;2;0;;;no stations, no factory - needs a decision
marsmtm;3;0;;;no stations, no factory - needs a decision
marsmtm;4;0;;;no stations, no factory - needs a decision
marsmtm;5;0;;;no stations, no factory - needs a decision
marsmtm;6;0;;;no stations, no factory - needs a decision
marsmtm;7;0;;;no stations, no factory - needs a decision
marsmtm;8;0;;;no stations, no factory - needs a decision
marsmtm;9;0;;;no stations, no factory - needs a decision
marsmtm;10;0;;;no stations, no factory - needs a decision
marsmtm;11;0;;;no stations, no factory - needs a decision
marsmtm;12;0;;;no stations, no factory - needs a decision
marsmtm;13;0;;;no stations, no factory - needs a decision
marsmtm;14;0;;;no stations, no factory - needs a decision
marsmtm;15;0;;;no stations, no factory - needs a decision
marsmtm;16;0;;;no stations, no factory - needs a decision
marsmtm;17;0;;;no stations, no factory - needs a decision
marsmtm;18;0;;;no stations, no factory - needs a decision
marsmtm;19;0;;;no stations, no factory - needs a decision
marsmtm;20;0;;;no stations, no factory - needs a decision
marsmtm;21;0;;;no stations, no factory - needs a decision
marsmtm;22;0;;;no stations, no factory - needs a decision
marsmtm;23;0;;;no stations, no factory - needs a decision
marsmtm;24;0;;;no stations, no factory - needs a decision
marsmtm;25;0;;;no stations, no factory - needs a decision
marsmtm;26;0;;;no stations, no factory - needs a decision
marsmtm;27;0;;;no stations, no factory - needs a decision
marsmtm;28;0;;;no stations, no factory - needs a decision
marsmtm;29;0;;;no stations, no factory - needs a decision
marsmtm;30;0;;;no stations, no factory - needs a decision
marsmtm;31;0;;;no stations, no factory - needs a decision
marsmtm;32;0;;;no stations, no factory - needs a decision
marsmtm;33;0;;;no stations, no factory - needs a decision
marsmtm;34;0;;;no stations, no factory - needs a decision
marsmtm;35;0;;;no stations, no factory - needs a decision
marsmtm;36;0;;;no stations, no factory - needs a decision
marsmtm;37;0;;;no stations, no factory - needs a decision
marsmtm;38;0;;;no stations, no factory - needs a decision
marsmtm;39;0;;;no stations, no factory - needs a decision
marsmtm;40;0;;;no stations, no factory - needs a decision
marsmtm;41;0;;;no stations, no factory - needs a decision
marsmtm;42;0;;;no stations, no factory - needs a decision
marsmtm;43;0;;;no stations, no factory - needs a decision
marsmtm;44;0;;;no stations, no factory - needs a decision
marsmtm;45;0;;;no stations, no factory - needs a decision
marsmtm;46;0;;;no stations, no factory - needs a decision
marsmtm;47;0;;;no stations, no factory - needs a decision
marsmtm;48;0;;;no stations, no factory - needs a decision
marsmtm;49;0;;;no stations, no factory - needs a decision
marsmtm;50;0;;;no stations, no factory - needs a decision
marsmtm;51;0;;;no stations, no factory - needs a decision
marsmtm;52;0;;;no stations, no factory - needs a decision
marsmtm;53;0;;;no stations, no factory - needs a decision
marsmtm;54;0;;;no stations, no factory - needs a decision
marsmtm;55;0;;;no stations, no factory - needs a decision
marsmtm;56;0;;;no stations, no factory - needs a decision
marsmtm;57;0;;;no stations, no factory - needs a decision
marsmtm;58;0;;;no stations, no factory - needs a decision
marsmtm;59;0;;;no stations, no factory - needs a decision
marsmtm;60;0;;;no stations, no factory - needs a decision
marsmtm;61;0;;;no stations, no factory - needs a decision
marsmtm;62;0;;;no stations, no factory - needs a decision
marsmtm;63;0;;;no stations, no factory - needs a decision
marsmtm;64;0;;;no stations, no factory - needs a decision
marsmtm;65;0;;;no stations, no factory - needs a decision
marsmtm;66;0;;;no stations, no factory - needs a decision
marsmtm;67;0;;;no stations, no factory - needs a decision
marsmtm;68;0;;;no stations, no factory - needs a decision
marsmtm;69;0;;;no stations, no factory - needs a decision
marsmtm;70;0;;;no stations, no factory - needs a decision
marsmtm;71;0;;;no stations, no factory - needs a decision
marsmtm;72;0;;;no stations, no factory - needs a decision
marsmtm;73;0;;;no stations, no factory - needs a decision
marsmtm;74;0;;;no stations, no factory - needs a decision
marsmtm;75;0;;;no stations, no factory - needs a decision
marsmtm;76;0;;;no stations, no factory - needs a decision
marsmtm;77;0;;;no stations, no factory - needs a decision
marsmtm;78;0;;;no stations, no factory - needs a decision
marsmtm;80;0;;;no stations, no factory - needs a decision
marsmtm;81;0;;;no stations, no factory - needs a decision
marsmtm;82;0;;;no stations, no factory - needs a decision
marsmtm;83;0;;;no stations, no factory - needs a decision
marsmtm;84;0;;;no stations, no factory - needs a decision
marsmtm;85;0;;;no stations, no factory - needs a decision
marsmtm;86;0;;;no stations, no factory - needs a decision
marsmtm;87;0;;;no stations, no factory - needs a decision
marsmtm;88;0;;;no stations, no factory - needs a decision
marsmtm;89;0;;;no stations, no factory - needs a decision
marsmtm;90;0;;;no stations, no factory - needs a decision
marsmtm;91;0;;;no stations, no factory - needs a decision
marsmtm;92;0;;;no stations, no factory - needs a decision
marsmtm;93;0;;;no stations, no factory - needs a decision
marsmtm;94;0;;;no stations, no factory - needs a decision
marsmtm;95;0;;;no stations, no factory - needs a decision
marsmtm;96;0;;;no stations, no factory - needs a decision
marsmtm;97;0;;;no stations, no factory - needs a decision
marsmtm;98;0;;;no stations, no factory - needs a decision
marsmtm;99;0;;;no stations, no factory - needs a decision
marsmtm;100;0;;;no stations, no factory - needs a decision
marsmtm;101;0;;;no stations, no factory - needs a decision
marsmtm;102;0;;;no stations, no factory - needs a decision
marsmtm;103;0;;;no stations, no factory - needs a decision
marsmtm;104;0;;;no stations, no factory - needs a decision
marsmtm;105;0;;;no stations, no factory - needs a decision
marsmtm;106;0;;;no stations, no factory - needs a decision
marsmtm;107;0;;;no stations, no factory - needs a decision
marsmtm;108;0;;;no stations, no factory - needs a decision
marsmtm;109;0;;;no stations, no factory - needs a decision
marsmtm;110;0;;;no stations, no factory - needs a decision
marsmtm;111;0;;;no stations, no factory - needs a decision
marsmtm;112;0;;;no stations, no factory - needs a decision
marsmtm;113;0;;;no stations, no factory - needs a decision
marsmtm;114;0;;;no stations, no factory - needs a decision
marsmtm;115;0;;;no stations, no factory - needs a decision
marsmtm;116;0;;;no stations, no factory - needs a decision
marsmtm;117;0;;;no stations, no factory - needs a decision
marsmtm;118;0;;;no stations, no factory - needs a decision
marsmtm;119;0;;;no stations, no factory - needs a decision
marsmtm;121;0;;;no stations, no factory - needs a decision
marsmtm;122;0;;;no stations, no factory - needs a decision
marsmtm;123;0;;;no stations, no factory - needs a decision
marsmtm;124;0;;;no stations, no factory - needs a decision
marsmtm;125;0;;;no stations, no factory - needs a decision
marsmtm;127;0;;;no stations, no factory - needs a decision
marsmtm;128;0;;;no stations, no factory - needs a decision
marsmtm;129;0;;;no stations, no factory - needs a decision
marsmtm;130;0;;;no stations, no factory - needs a decision
marsmtm;131;0;;;no stations, no factory - needs a decision
marsmtm;132;0;;;no stations, no factory - needs a decision
marsmtm;133;0;;;no stations, no factory - needs a decision
marsmtm;134;0;;;no stations, no factory - needs a decision
marsmtm;135;0;;;no stations, no factory - needs a decision
marsmtm;136;0;;;no stations, no factory - needs a decision
marsmtm;137;0;;;no stations, no factory - needs a decision
marsmtm;138;0;;;no stations, no factory - needs a decision
marsmtm;139;0;;;no stations, no factory - needs a decision
marsmtm;140;0;;;no stations, no factory - needs a decision
marsmtm;141;0;;;no stations, no factory - needs a decision
marsmtm;142;0;;;no stations, no factory - needs a decision
marsmtm;143;0;;;no stations, no factory - needs a decision
marsmtm;145;0;;;no stations, no factory - needs a decision
marsmtm;146;0;;;no stations, no factory - needs a decision
marsmtm;147;0;;;no stations, no factory - needs a decision
marsmtm;148;0;;;no stations, no factory - needs a decision
marsmtm;149;0;;;no stations, no factory - needs a decision
marsmtm;150;0;;;no stations, no factory - needs a decision
marsmtm;151;0;;;no stations, no factory - needs a decision
marsmtm;152;0;;;no stations, no factory - needs a decision
marsmtm;153;0;;;no stations, no factory - needs a decision
marsmtm;154;0;;;no stations, no factory - needs a decision
marsmtm;155;0;;;no stations, no factory - needs a decision
marsmtm;156;0;;;no stations, no factory - needs a decision
marsmtm;157;0;;;no stations, no factory - needs a decision
marsmtm;158;0;;;no stations, no factory - needs a decision
marsmtm;159;0;;;no stations, no factory - needs a decision
marsmtm;160;0;;;no stations, no factory - needs a decision
marsmtm;161;0;;;no stations, no factory - needs a decision
marsmtm;162;0;;;no stations, no factory - needs a decision
marsmtm;163;0;;;no stations, no factory - needs a decision
marsmtm;164;0;;;no stations, no factory - needs a decision
marsmtm;165;0;;;no stations, no factory - needs a decision
marsmtm;166;0;;;no stations, no factory - needs a decision
marsmtm;167;0;;;no stations, no factory - needs a decision
marsmtm;168;0;;;no stations, no factory - needs a decision
marsmtm;169;0;;;no stations, no factory - needs a decision
marsmtm;170;0;;;no stations, no factory - needs a decision
marsmtm;171;0;;;no stations, no factory - needs a decision
marsmtm;172;0;;;no stations, no factory - needs a decision
marsmtm;173;0;;;no stations, no factory - needs a decision
marsmtm;174;0;;;no stations, no factory - needs a decision
marsmtm;175;0;;;no stations, no factory - needs a decision
marsmtm;176;0;;;no stations, no factory - needs a decision
marsmtm;177;0;;;no stations, no factory - needs a decision
marsmtm;178;0;;;no stations, no factory - needs a decision
marsmtm;179;0;;;no stations, no factory - needs a decision
marsmtm;180;0;;;no stations, no factory - needs a decision
marsmtm;181;0;;;no stations, no factory - needs a decision
marsmtm;182;0;;;no stations, no factory - needs a decision
marsmtm;183;0;;;no stations, no factory - needs a decision
marsmtm;184;0;;;no stations, no factory - needs a decision
marsmtm;185;0;;;no stations, no factory - needs a decision
marsmtm;186;0;;;no stations, no factory - needs a decision
marsmtm;187;0;;;no stations, no factory - needs a decision
marsmtm;188;0;;;no stations, no factory - needs a decision
marsmtm;189;0;;;no stations, no factory - needs a decision
marsmtm;190;0;;;no stations, no factory - needs a decision
marsmtm;191;0;;;no stations, no factory - needs a decision
marsmtm;192;0;;;no stations, no factory - needs a decision
marsmtm;193;0;;;no stations, no factory - needs a decision
marsmtm;194;0;;;no stations, no factory - needs a decision
marsmtm;195;0;;;no stations, no factory - needs a decision
marsmtm;196;0;;;no stations, no factory - needs a decision
marsmtm;197;0;;;no stations, no factory - needs a decision
marsmtm;198;0;;;no stations, no factory - needs a decision
marsmtm;199;0;;;no stations, no factory - needs a decision
marsmtm;200;0;;;no stations, no factory - needs a decision
marsmtm;201;0;;;no stations, no factory - needs a decision
marsmtm;202;0;;;no stations, no factory - needs a decision
marsmtm;203;0;;;no stations, no factory - needs a decision
marsmtm;204;0;;;no stations, no factory - needs a decision
marsmtm;205;0;;;no stations, no factory - needs a decision
marsmtm;206;0;;;no stations, no factory - needs a decision
marsmtm;207;0;;;no stations, no factory - needs a decision
marsmtm;208;0;;;no stations, no factory - needs a decision
marsmtm;209;0;;;no stations, no factory - needs a decision
marsmtm;210;0;;;no stations, no factory - needs a decision
marsmtm;211;0;;;no stations, no factory - needs a decision
marsmtm;212;0;;;no stations, no factory - needs a decision
marsmtm;213;0;;;no stations, no factory - needs a decision
marsmtm;214;0;;;no stations, no factory - needs a decision
marsmtm;215;0;;;no stations, no factory - needs a decision
marsmtm;216;0;;;no stations, no factory - needs a decision
marsmtm;217;0;;;no stations, no factory - needs a decision
marsmtm;218;0;;;no stations, no factory - needs a decision
marsmtm;219;0;;;no stations, no factory - needs a decision
marsmtm;220;0;;;no stations, no factory - needs a decision
marsmtm;221;0;;;no stations, no factory - needs a decision
marsmtm;222;0;;;no stations, no factory - needs a decision
marsmtm;223;0;;;no stations, no factory - needs a decision
marsmtm;224;0;;;no stations, no factory - needs a decision
marsmtm;225;0;;;no stations, no factory - needs a decision
marsmtm;226;0;;;no stations, no factory - needs a decision
marsmtm;227;0;;;no stations, no factory - needs a decision
marsmtm;228;0;;;no stations, no factory - needs a decision
marsmtm;229;0;;;no stations, no factory - needs a decision
marsmtm;230;0;;;no stations, no factory - needs a decision
marsmtm;231;0;;;no stations, no factory - needs a decision
marsmtm;232;0;;;no stations, no factory - needs a decision
marsmtm;233;0;;;no stations, no factory - needs a decision
marsmtm;234;0;;;no stations, no factory - needs a decision
marsmtm;235;0;;;no stations, no factory - needs a decision
marsmtm;236;0;;;no stations, no factory - needs a decision
marsmtm;237;0;;;no stations, no factory - needs a decision
marsmtm;238;0;;;no stations, no factory - needs a decision
marsmtm;239;0;;;no stations, no factory - needs a decision
marsmtm;240;0;;;no stations, no factory - needs a decision
marsmtm;241;0;;;no stations, no factory - needs a decision
marsmtm;242;0;;;no stations, no factory - needs a decision
marsmtm;243;0;;;no stations, no factory - needs a decision
marsmtm;244;0;;;no stations, no factory - needs a decision
marsmtm;245;0;;;no stations, no factory - needs a decision
marsmtm;246;0;;;no stations, no factory - needs a decision
marsmtm;247;0;;;no stations, no factory - needs a decision
marsmtm;248;0;;;no stations, no factory - needs a decision
marsmtm;249;0;;;no stations, no factory - needs a decision
marsmtm;250;0;;;no stations, no factory - needs a decision
marsmtm;251;0;;;no stations, no factory - needs a decision
marsmtm;252;0;;;no stations, no factory - needs a decision
marsmtm;253;0;;;no stations, no factory - needs a decision
marsmtm;254;0;;;no stations, no factory - needs a decision
marsmtm;255;0;;;no stations, no factory - needs a decision
marsmtm;256;0;;;no stations, no factory - needs a decision
marsmtm;257;0;;;no stations, no factory - needs a decision
marsmtm;258;0;;;no stations, no factory - needs a decision
marsmtm;259;0;;;no stations, no factory - needs a decision
marsmtm;260;0;;;no stations, no factory - needs a decision
marsmtm;261;0;;;no stations, no factory - needs a decision
marsmtm;262;0;;;no stations, no factory - needs a decision
marsmtm;263;0;;;no stations, no factory - needs a decision
marsmtm;264;0;;;no stations, no factory - needs a decision
marsmtm;265;0;;;no stations, no factory - needs a decision
marsmtm;266;0;;;no stations, no factory - needs a decision
marsmtm;267;0;;;no stations, no factory - needs a decision
marsmtm;268;0;;;no stations, no factory - needs a decision
marsmtm;269;0;;;no stations, no factory - needs a decision
marsmtm;270;0;;;no stations, no factory - needs a decision
marsmtm;271;0;;;no stations, no factory - needs a decision
marsmtm;272;0;;;no stations, no factory - needs a decision
marsmtm;273;0;;;no stations, no factory - needs a decision
marsmtm;274;0;;;no stations, no factory - needs a decision
marsmtm;275;0;;;no stations, no factory - needs a decision
marsmtm;276;0;;;no stations, no factory - needs a decision
marsmtm;277;0;;;no stations, no factory - needs a decision
marsmtm;278;0;;;no stations, no factory - needs a decision
marsmtm;279;0;;;no stations, no factory - needs a decision
marsmtm;280;0;;;no stations, no factory - needs a decision
marsmtm;281;0;;;no stations, no factory - needs a decision
marsmtm;282;0;;;no stations, no factory - needs a decision
marsmtm;283;0;;;no stations, no factory - needs a decision
marsmtm;284;0;;;no stations, no factory - needs a decision
marsmtm;285;0;;;no stations, no factory - needs a decision
marsmtm;286;0;;;no stations, no factory - needs a decision
marsmtm;287;0;;;no stations, no factory - needs a decision
marsmtm;288;0;;;no stations, no factory - needs a decision
marsmtm;289;0;;;no stations, no factory - needs a decision
marsmtm;290;0;;;no stations, no factory - needs a decision
marsmtm;291;0;;;no stations, no factory - needs a decision
marsmtm;292;0;;;no stations, no factory - needs a decision
marsmtm;293;0;;;no stations, no factory - needs a decision
marsmtm;294;0;;;no stations, no factory - needs a decision
marsmtm;295;0;;;no stations, no factory - needs a decision
marsmtm;296;0;;;no stations, no factory - needs a decision
marsmtm;297;0;;;no stations, no factory - needs a decision
marsmtm;298;0;;;no stations, no factory - needs a decision
marsmtm;299;0;;;no stations, no factory - needs a decision
marsmtm;300;0;;;no stations, no factory - needs a decision
marsmtm;301;0;;;no stations, no factory - needs a decision
marsmtm;302;0;;;no stations, no factory - needs a decision
marsmtm;303;0;;;no stations, no factory - needs a decision
marsmtm;304;0;;;no stations, no factory - needs a decision
marsmtm;305;0;;;no stations, no factory - needs a decision
marsmtm;306;0;;;no stations, no factory - needs a decision
marsmtm;307;0;;;no stations, no factory - needs a decision
marsmtm;308;0;;;no stations, no factory - needs a decision
marsmtm;309;0;;;no stations, no factory - needs a decision
marsmtm;310;0;;;no stations, no factory - needs a decision
marsmtm;311;0;;;no stations, no factory - needs a decision
marsmtm;312;0;;;no stations, no factory - needs a decision
marsmtm;313;0;;;no stations, no factory - needs a decision
marsmtm;314;0;;;no stations, no factory - needs a decision
marsmtm;315;0;;;no stations, no factory - needs a decision
marsmtm;316;0;;;no stations, no factory - needs a decision
marsmtm;317;0;;;no stations, no factory - needs a decision
marsmtm;318;0;;;no stations, no factory - needs a decision
marsmtm;319;0;;;no stations, no factory - needs a decision
marsmtm;320;0;;;no stations, no factory - needs a decision
marsmtm;321;0;;;no stations, no factory - needs a decision
marsmtm;322;0;;;no stations, no factory - needs a decision
marsmtm;323;0;;;no stations, no factory - needs a decision
marsmtm;324;0;;;no stations, no factory - needs a decision
marsmtm;325;0;;;no stations, no factory - needs a decision
marsmtm;326;0;;;no stations, no factory - needs a decision
marsmtm;327;0;;;no stations, no factory - needs a decision
marsmtm;328;0;;;no stations, no factory - needs a decision
marsmtm;329;0;;;no stations, no factory - needs a decision
marsmtm;330;0;;;no stations, no factory - needs a decision
marsmtm;331;0;;;no stations, no factory - needs a decision
marsmtm;332;0;;;no stations, no factory - needs a decision
marsmtm;333;0;;;no stations, no factory - needs a decision
marsmtm;334;0;;;no stations, no factory - needs a decision
marsmtm;335;0;;;no stations, no factory - needs a decision
marsmtm;336;0;;;no stations, no factory - needs a decision
marsmtm;337;0;;;no stations, no factory - needs a decision
marsmtm;339;0;;;no stations, no factory - needs a decision
marsmtm;340;0;;;no stations, no factory - needs a decision
marsmtm;341;1;MTM (Mexico);MTM (Mexico);
marsmtm;342;1;MTM (Mexico);MTM (Mexico);
marsmtm;343;1;MTM (Mexico);MTM (Mexico);
marsmtm;344;1;MTM (Mexico);MTM (Mexico);
marsmtm;345;0;;;no stations, no factory - needs a decision
marsmtm;346;0;;;no stations, no factory - needs a decision
marsmtm;347;0;;;no stations, no factory - needs a decision
marsmtm;348;0;;;no stations, no factory - needs a decision
marsmtm;349;0;;;no stations, no factory - needs a decision
marsmtm;350;0;;;no stations, no factory - needs a decision
marsmtm;351;0;;;no stations, no factory - needs a decision
marsmtm;352;0;;;no stations, no factory - needs a decision
marsmtm;354;0;;;no stations, no factory - needs a decision
marsmtm;355;0;;;no stations, no factory - needs a decision
marsmtm;356;0;;;no stations, no factory - needs a decision
marsmtm;357;0;;;no stations, no factory - needs a decision
marsmtm;358;0;;;no stations, no factory - needs a decision
marsmtm;359;0;;;no stations, no factory - needs a decision
marsmtm;360;0;;;no stations, no factory - needs a decision
marsmtm;361;0;;;no stations, no factory - needs a decision
marsmtm;362;0;;;no stations, no factory - needs a decision
marsmtm;363;0;;;no stations, no factory - needs a decision
marsmtm;364;0;;;no stations, no factory - needs a decision
marsmtm;366;0;;;no stations, no factory - needs a decision
marsmtm;367;0;;;no stations, no factory - needs a decision
marsmtm;368;0;;;no stations, no factory - needs a decision
marsmtm;369;0;;;no stations, no factory - needs a decision
marsmtm;370;0;;;no stations, no factory - needs a decision
marsmtm;371;0;;;no stations, no factory - needs a decision
marsmtm;372;0;;;no stations, no factory - needs a decision
marsmtm;373;0;;;no stations, no factory - needs a decision
marsmtm;374;0;;;no stations, no factory - needs a decision
marsmtm;375;0;;;no stations, no factory - needs a decision
marsmtm;376;0;;;no stations, no factory - needs a decision
marsmtm;377;0;;;no stations, no factory - needs a decision
marsmtm;378;0;;;no stations, no factory - needs a decision
marsmtm;381;1;MTM (Mexico);MTM (Mexico);
marsmtm;382;1;MTM (Mexico);MTM (Mexico);
marsmtm;383;1;MTM (Mexico);MTM (Mexico);
marsmtm;384;1;MTM (Mexico);MTM (Mexico);
marsmtm;386;0;;;no stations, no factory - needs a decision
marsmtm;387;0;;;no stations, no factory - needs a decision
marsmtm;388;0;;;no stations, no factory - needs a decision
bilsing;1;1;Czech Republic;Czech Republic;
bilsing;3;1;Czech Republic;Czech Republic;
bilsing;4;1;Czech Republic;Czech Republic;
bilsing;5;1;Czech Republic;Czech Republic;
bilsing;6;1;Czech Republic;Czech Republic;
bilsing;7;1;Czech Republic;Czech Republic;
wipakfrance;1;1;Wipakfrance;Wipakfrance;
wipakfrance;2;1;Wipakfrance;Wipakfrance;
wipakfrance;3;1;Wipakfrance;Wipakfrance;
nuttall;1;1;Dudley;Dudley;
ioli;1;1;BOUTARIS;BOUTARIS;
ioli;2;1;IOLI;IOLI;
ioli;3;1;IOLI;IOLI;
ioli;4;1;IOLI;IOLI;
ioli;5;1;BOUTARIS;BOUTARIS;
ioli;6;1;IOLI;IOLI;
ioli;7;1;IOLI;IOLI;
ioli;8;1;SEMELI;SEMELI;
mondi;1;1;Chihuahua;Chihuahua;
mondi;2;1;Chihuahua;Chihuahua;
mondi;3;1;Chihuahua;Chihuahua;
jdmfood;1;1;Default;Default;
jdmfood;2;1;Default;Default;
jdmfood;3;1;Default;Default;
jdmfood;4;1;Default;Default;
jdmfood;5;1;Default;Default;
jdmfood;6;1;Default;Default;
jdmfood;8;1;Default;Default;
jdmfood;10;1;Default;Default;
jdmfood;12;1;Default;Default;
jdmfood;13;1;Default;Default;
jdmfood;14;1;Default;Default;
jdmfood;15;1;Default;Default;
jdmfood;16;1;Default;Default;
jdmfood;19;1;Default;Default;
jdmfood;25;1;Default;Default;
jdmfood;28;1;Default;Default;
jdmfood;30;1;Default;Default;
jdmfood;31;1;Default;Default;
jdmfood;32;1;Default;Default;
jdmfood;35;1;Default;Default;
jdmfood;36;1;Default;Default;
jdmfood;37;1;Default;Default;
jdmfood;38;1;Default;Default;
jdmfood;41;1;Default;Default;
jdmfood;42;1;Default;Default;
jdmfood;45;1;Default;Default;
jdmfood;46;1;Default;Default;
jdmfood;48;1;Default;Default;
jdmfood;49;1;Default;Default;
marswit;2;1;Default;Default;
marswit;3;1;Default;Default;
marswit;4;1;Default;Default;
marswit;5;1;Default;Default;
marswit;6;1;Default;Default;
marswit;7;1;Default;Default;
marswit;8;1;Default;Default;
marswit;9;1;Default;Default;
marswit;10;1;Default;Default;
marswit;11;1;Default;Default;
marswit;13;1;Default;Default;
marswit;14;1;Default;Default;
marswit;16;1;Default;Default;
marswit;20;1;Default;Default;
marswit;23;1;Default;Default;
marswit;24;1;Default;Default;
marswit;26;1;Default;Default;
marswit;27;1;Default;Default;
marswit;28;1;Default;Default;
marswit;30;1;Default;Default;
marswit;34;1;Default;Default;
marswit;35;1;Default;Default;
marswit;38;1;Default;Default;
marswit;39;1;Default;Default;
marswit;40;1;Default;Default;
marswit;41;1;Default;Default;
marswit;42;1;Default;Default;
marswit;43;1;Default;Default;
marswit;44;1;Default;Default;
marswit;45;1;Default;Default;
marswit;46;1;Default;Default;
marswit;47;1;Default;Default;
marswit;48;1;Default;Default;
marswit;49;1;Default;Default;
marswit;50;1;Default;Default;
marswit;51;1;Default;Default;
marswit;52;1;Default;Default;
glaros;1;1;Default;Default;
glaros;3;1;Default;Default;
glaros;4;1;Default;Default;
glaros;7;1;Default;Default;
glaros;9;1;Default;Default;
glaros;10;1;Default;Default;
glaros;11;1;Default;Default;
glaros;12;1;Default;Default;
glaros;13;1;Default;Default;
glaros;14;1;Default;Default;
glaros;15;1;Default;Default;
glaros;17;1;Default;Default;
glaros;18;1;Default;Default;
glaros;19;1;Default;Default;
glaros;20;1;Default;Default;
glaros;27;1;Default;Default;
minerva;20;1;Default;Default;
minerva;21;1;Default;Default;
minerva;23;1;Default;Default;
minerva;24;1;Default;Default;
minerva;25;1;Default;Default;
minerva;26;1;Default;Default;
minerva;28;1;Default;Default;
minerva;31;1;Default;Default;
minerva;32;1;Default;Default;
minerva;36;1;Default;Default;
minerva;38;1;Default;Default;
minerva;39;1;Default;Default;
efthymiadis;1;1;Default;Default;
efthymiadis;2;1;Default;Default;
efthymiadis;4;1;Default;Default;
efthymiadis;10;1;Default;Default;
efthymiadis;12;1;Default;Default;
vidigalwines;2;1;Vidigalwines;Vidigalwines;
vidigalwines;3;1;Vidigalwines;Vidigalwines;
vidigalwines;4;1;Vidigalwines;Vidigalwines;
vidigalwines;5;1;Vidigalwines;Vidigalwines;
vidigalwines;6;1;Vidigalwines;Vidigalwines;
vidigalwines;7;1;Vidigalwines;Vidigalwines;
vidigalwines;8;1;Vidigalwines;Vidigalwines;
vidigalwines;9;1;Vidigalwines;Vidigalwines;
vidigalwines;10;1;Vidigalwines;Vidigalwines;
vidigalwines;11;1;Vidigalwines;Vidigalwines;
vidigalwines;12;1;Vidigalwines;Vidigalwines;
vidigalwines;13;1;Vidigalwines;Vidigalwines;
vidigalwines;14;1;Vidigalwines;Vidigalwines;
vidigalwines;15;1;Vidigalwines;Vidigalwines;
vidigalwines;16;1;Vidigalwines;Vidigalwines;
vidigalwines;17;1;Vidigalwines;Vidigalwines;
vidigalwines;18;1;Vidigalwines;Vidigalwines;
vidigalwines;19;1;Vidigalwines;Vidigalwines;
vidigalwines;20;1;Vidigalwines;Vidigalwines;
vidigalwines;21;1;Vidigalwines;Vidigalwines;
vidigalwines;22;1;Vidigalwines;Vidigalwines;
vidigalwines;23;1;Vidigalwines;Vidigalwines;
vidigalwines;24;1;Vidigalwines;Vidigalwines;
vidigalwines;25;1;Vidigalwines;Vidigalwines;
vidigalwines;26;1;Vidigalwines;Vidigalwines;
vidigalwines;27;1;Vidigalwines;Vidigalwines;
vidigalwines;28;1;Vidigalwines;Vidigalwines;
mornos;1;1;Default;Default;
mornos;2;1;Default;Default;
mornos;3;1;Default;Default;
mornos;4;1;Default;Default;
mornos;5;1;Default;Default;
mornos;6;1;Default;Default;
mornos;7;1;Default;Default;
mornos;8;1;Default;Default;
mornos;9;1;Default;Default;
mornos;10;1;Default;Default;
mornos;11;1;Default;Default;
mornos;12;1;Default;Default;
mornos;13;1;Default;Default;
mornos;14;1;Default;Default;
mornos;15;1;Default;Default;
mornos;16;1;Default;Default;
mornos;17;1;Default;Default;
menne;1;1;Menne;Menne;
menne;2;1;Menne;Menne;
menne;3;1;Menne;Menne;
menne;4;1;Menne;Menne;
menne;5;1;Menne;Menne;
menne;6;1;Menne;Menne;
menne;7;1;Menne;Menne;
menne;8;1;Menne;Menne;
menne;9;1;Menne;Menne;
menne;10;1;Menne;Menne;
menne;11;1;Menne;Menne;
menne;12;1;Menne;Menne;
menne;13;1;Menne;Menne;
menne;15;1;Menne;Menne;
menne;16;1;Menne;Menne;
menne;17;1;Menne;Menne;
menne;19;1;Menne;Menne;
menne;20;1;Menne;Menne;
menne;21;1;Menne;Menne;
menne;22;1;Menne;Menne;
menne;23;1;Menne;Menne;
menne;24;1;Menne;Menne;
menne;25;1;Menne;Menne;
menne;26;1;Menne;Menne;
menne;27;1;Menne;Menne;
elviart;1;1;Elviart;Elviart;
elviart;2;1;Elviart;Elviart;
elviart;3;1;Elviart;Elviart;
elviart;4;1;Elviart;Elviart;
elviart;6;1;Elviart;Elviart;
elviart;7;1;Elviart;Elviart;
elviart;9;1;Elviart;Elviart;
elviart;11;1;Elviart;Elviart;
elviart;12;1;Elviart;Elviart;
elviart;13;1;Elviart;Elviart;
elviart;14;1;Elviart;Elviart;
elviart;15;1;Elviart;Elviart;
elviart;16;1;Elviart;Elviart;
elviart;17;1;Elviart;Elviart;
elviart;18;1;Elviart;Elviart;
elviart;19;1;Elviart;Elviart;
elviart;20;1;Elviart;Elviart;
tac;1;1;Tac;Tac;
trimoreta;2;1;Trimoreta;Trimoreta;
trimoreta;4;1;Trimoreta;Trimoreta;
trimoreta;5;1;Trimoreta;Trimoreta;
trimoreta;6;1;Trimoreta;Trimoreta;
trimoreta;7;1;Trimoreta;Trimoreta;
domeinboyar;3;1;Domeinboyar;Domeinboyar;
domeinboyar;4;1;Domeinboyar;Domeinboyar;
domeinboyar;5;1;Domeinboyar;Domeinboyar;
hkscanrakvere;3;1;Rakvere;Rakvere;
hkscanrakvere;12;1;Rakvere;Rakvere;
hkscanrakvere;15;1;Rakvere;Rakvere;
hkscanrakvere;16;1;Rakvere;Rakvere;
hkscanrakvere;21;1;Rakvere;Rakvere;
hkscanrakvere;24;1;Rakvere;Rakvere;
hkscanrakvere;25;1;Rakvere;Rakvere;
hkscanrakvere;29;1;Rakvere;Rakvere;
hkscanrakvere;34;1;Rakvere;Rakvere;
hkscanrakvere;36;1;Rakvere;Rakvere;
hkscanrakvere;37;1;Rakvere;Rakvere;
hkscanrakvere;38;1;Rakvere;Rakvere;
hkscanrakvere;39;1;Rakvere;Rakvere;
hkscanrakvere;41;1;Rakvere;Rakvere;
hkscanrakvere;44;1;Rakvere;Rakvere;
hkscanrakvere;45;1;Rakvere;Rakvere;
hkscanrakvere;46;1;Rakvere;Rakvere;
hkscanrakvere;47;1;Rakvere;Rakvere;
hkscanrakvere;48;1;Rakvere;Rakvere;
hkscanrakvere;50;1;Rakvere;Rakvere;
hkscanrakvere;55;1;Rakvere;Rakvere;
hkscanrakvere;56;1;Rakvere;Rakvere;
hkscanrakvere;60;1;Rakvere;Rakvere;
hkscanrakvere;62;2;Jõhvi, Rakvere;Jõhvi, Rakvere;multi-factory
hkscanrakvere;89;1;Rakvere;Rakvere;
hkscanrakvere;169;1;Rakvere;Rakvere;
hkscanrakvere;170;1;Rakvere;Rakvere;
hkscanrakvere;178;1;Rakvere;Rakvere;
hkscanrakvere;180;1;Rakvere;Rakvere;
hkscanrakvere;181;1;Rakvere;Rakvere;
hkscanrakvere;183;1;Rakvere;Rakvere;
hkscanrakvere;188;1;Rakvere;Rakvere;
hkscanrakvere;189;1;Rakvere;Rakvere;
hkscanrakvere;190;1;Rakvere;Rakvere;
hkscanrakvere;191;1;Rakvere;Rakvere;
hkscanrakvere;192;1;Rakvere;Rakvere;
hkscanrakvere;193;1;Rakvere;Rakvere;
hkscanrakvere;201;1;Rakvere;Rakvere;
hkscanrakvere;202;1;Rakvere;Rakvere;
hkscanrakvere;203;1;Rakvere;Rakvere;
hkscanrakvere;207;1;Rakvere;Rakvere;
hkscanrakvere;212;1;Rakvere;Rakvere;
hkscanrakvere;221;1;Rakvere;Rakvere;
hkscanrakvere;223;1;Rakvere;Rakvere;
hkscanrakvere;224;1;Rakvere;Rakvere;
hkscanrakvere;225;1;Rakvere;Rakvere;
hkscanrakvere;226;1;Rakvere;Rakvere;
hkscanrakvere;227;1;Rakvere;Rakvere;
hkscanrakvere;232;1;Rakvere;Rakvere;
hkscanrakvere;235;1;Rakvere;Rakvere;
hkscanrakvere;236;1;Rakvere;Rakvere;
hkscanrakvere;237;1;Rakvere;Rakvere;
hkscanrakvere;242;1;Jelgava;Jelgava;
hkscanrakvere;246;1;Jelgava;Jelgava;
hkscanrakvere;265;1;Jelgava;Jelgava;
hkscanrakvere;270;1;Jelgava;Jelgava;
hkscanrakvere;277;1;Jelgava;Jelgava;
hkscanrakvere;289;1;Jelgava;Jelgava;
hkscanrakvere;293;1;Jelgava;Jelgava;
hkscanrakvere;294;1;Jelgava;Jelgava;
hkscanrakvere;296;1;Jelgava;Jelgava;
hkscanrakvere;297;1;Jelgava;Jelgava;
hkscanrakvere;303;1;Jelgava;Jelgava;
hkscanrakvere;304;1;Jelgava;Jelgava;
hkscanrakvere;314;1;Jelgava;Jelgava;
hkscanrakvere;317;1;Jelgava;Jelgava;
hkscanrakvere;319;1;Jelgava;Jelgava;
hkscanrakvere;328;1;Rakvere;Rakvere;
hkscanrakvere;329;1;Rakvere;Rakvere;
hkscanrakvere;333;1;Rakvere;Rakvere;
hkscanrakvere;338;1;Rakvere;Rakvere;
hkscanrakvere;356;1;Jelgava;Jelgava;
hkscanrakvere;359;1;Rakvere;Rakvere;
hkscanrakvere;360;1;Rakvere;Rakvere;
hkscanrakvere;365;1;Rakvere;Rakvere;
hkscanrakvere;366;1;Rakvere;Rakvere;
hkscanrakvere;368;1;Rakvere;Rakvere;
hkscanrakvere;369;1;Rakvere;Rakvere;
hkscanrakvere;379;1;Rakvere;Rakvere;
hkscanrakvere;384;1;Rakvere;Rakvere;
hkscanrakvere;386;1;Rakvere;Rakvere;
hkscanrakvere;389;1;Rakvere;Rakvere;
hkscanrakvere;390;1;Rakvere;Rakvere;
hkscanrakvere;391;1;Rakvere;Rakvere;
hkscanrakvere;392;1;Rakvere;Rakvere;
hkscanrakvere;398;1;Rakvere;Rakvere;
hkscanrakvere;400;1;Rakvere;Rakvere;
hkscanrakvere;401;1;Rakvere;Rakvere;
hkscanrakvere;408;1;Jelgava;Jelgava;
hkscanrakvere;409;1;Jelgava;Jelgava;
hkscanrakvere;413;1;Rakvere;Rakvere;
hkscanrakvere;438;1;Jelgava;Jelgava;
hkscanrakvere;440;1;Rakvere;Rakvere;
hkscanrakvere;449;1;Jelgava;Jelgava;
hkscanrakvere;452;1;Jelgava;Jelgava;
hkscanrakvere;454;1;Jelgava;Jelgava;
hkscanrakvere;464;1;Jelgava;Jelgava;
hkscanrakvere;470;1;Rakvere;Rakvere;
hkscanrakvere;480;1;Jelgava;Jelgava;
hkscanrakvere;482;1;Jelgava;Jelgava;
hkscanrakvere;487;1;Jelgava;Jelgava;
hkscanrakvere;490;1;Jelgava;Jelgava;
hkscanrakvere;503;1;Rakvere;Rakvere;
hkscanrakvere;504;1;Rakvere;Rakvere;
hkscanrakvere;511;1;Rakvere;Rakvere;
hkscanrakvere;515;1;Rakvere;Rakvere;
hkscanrakvere;516;1;Rakvere;Rakvere;
hkscanrakvere;518;1;Rakvere;Rakvere;
hkscanrakvere;519;1;Rakvere;Rakvere;
hkscanrakvere;522;1;Rakvere;Rakvere;
hkscanrakvere;523;1;Rakvere;Rakvere;
hkscanrakvere;530;1;Rakvere;Rakvere;
hkscanrakvere;531;1;Rakvere;Rakvere;
hkscanrakvere;540;1;Rakvere;Rakvere;
hkscanrakvere;541;1;Rakvere;Rakvere;
hkscanrakvere;542;1;Rakvere;Rakvere;
hkscanrakvere;543;1;Rakvere;Rakvere;
hkscanrakvere;545;1;Rakvere;Rakvere;
hkscanrakvere;554;1;Rakvere;Rakvere;
hkscanrakvere;558;1;Jelgava;Jelgava;
hkscanrakvere;563;1;Jelgava;Jelgava;
hkscanrakvere;564;1;Jelgava;Jelgava;
hkscanrakvere;566;1;Jelgava;Jelgava;
hkscanrakvere;572;1;Jelgava;Jelgava;
hkscanrakvere;599;1;Jelgava;Jelgava;
hkscanrakvere;600;1;Jelgava;Jelgava;
hkscanrakvere;601;1;Jelgava;Jelgava;
hkscanrakvere;602;1;Jelgava;Jelgava;
hkscanrakvere;603;1;Jelgava;Jelgava;
hkscanrakvere;607;1;Jelgava;Jelgava;
hkscanrakvere;608;1;Rakvere;Rakvere;
hkscanrakvere;620;1;Rakvere;Rakvere;
hkscanrakvere;630;1;Rakvere;Rakvere;
hkscanrakvere;634;1;Rakvere;Rakvere;
hkscanrakvere;658;1;Rakvere;Rakvere;
hkscanrakvere;659;1;Rakvere;Rakvere;
hkscanrakvere;661;1;Rakvere;Rakvere;
hkscanrakvere;664;1;Rakvere;Rakvere;
hkscanrakvere;677;1;Rakvere;Rakvere;
hkscanrakvere;689;1;Rakvere;Rakvere;
hkscanrakvere;690;1;Jelgava;Jelgava;
hkscanrakvere;691;1;Jelgava;Jelgava;
hkscanrakvere;710;1;Rakvere;Rakvere;
hkscanrakvere;711;1;Jelgava;Jelgava;
hkscanrakvere;713;1;Jelgava;Jelgava;
hkscanrakvere;714;1;Rakvere;Rakvere;
hkscanrakvere;715;1;Rakvere;Rakvere;
hkscanrakvere;716;1;Rakvere;Rakvere;
hkscanrakvere;719;1;Jelgava;Jelgava;
hkscanrakvere;721;1;Jelgava;Jelgava;
hkscanrakvere;724;1;Jelgava;Jelgava;
hkscanrakvere;726;1;Jelgava;Jelgava;
hkscanrakvere;729;1;Rakvere;Rakvere;
hkscanrakvere;733;1;Rakvere;Rakvere;
hkscanrakvere;742;1;Jelgava;Jelgava;
hkscanrakvere;755;1;Jelgava;Jelgava;
hkscanrakvere;756;1;Jelgava;Jelgava;
hkscanrakvere;767;1;Jelgava;Jelgava;
hkscanrakvere;774;1;Rakvere;Rakvere;
hkscanrakvere;776;1;Põlva;Põlva;
hkscanrakvere;780;1;Põlva;Põlva;
hkscanrakvere;781;1;Põlva;Põlva;
hkscanrakvere;782;1;Põlva;Põlva;
hkscanrakvere;783;1;Põlva;Põlva;
hkscanrakvere;784;1;Põlva;Põlva;
hkscanrakvere;785;1;Põlva;Põlva;
hkscanrakvere;786;1;Põlva;Põlva;
hkscanrakvere;787;1;Põlva;Põlva;
hkscanrakvere;788;1;Põlva;Põlva;
hkscanrakvere;789;1;Põlva;Põlva;
hkscanrakvere;790;1;Põlva;Põlva;
hkscanrakvere;791;1;Põlva;Põlva;
hkscanrakvere;792;1;Põlva;Põlva;
hkscanrakvere;794;1;Põlva;Põlva;
hkscanrakvere;796;1;Põlva;Põlva;
hkscanrakvere;797;1;Põlva;Põlva;
hkscanrakvere;799;1;Viljandi;Viljandi;
hkscanrakvere;800;1;Viljandi;Viljandi;
hkscanrakvere;801;1;Viljandi;Viljandi;
hkscanrakvere;802;1;Viljandi;Viljandi;
hkscanrakvere;803;1;Viljandi;Viljandi;
hkscanrakvere;804;1;Viljandi;Viljandi;
hkscanrakvere;805;1;Viljandi;Viljandi;
hkscanrakvere;806;1;Viljandi;Viljandi;
hkscanrakvere;807;1;Viljandi;Viljandi;
hkscanrakvere;808;1;Viljandi;Viljandi;
hkscanrakvere;809;1;Viljandi;Viljandi;
hkscanrakvere;810;1;Viljandi;Viljandi;
hkscanrakvere;811;1;Viljandi;Viljandi;
hkscanrakvere;812;1;Viljandi;Viljandi;
hkscanrakvere;813;1;Viljandi;Viljandi;
hkscanrakvere;814;1;Viljandi;Viljandi;
hkscanrakvere;815;1;Viljandi;Viljandi;
hkscanrakvere;816;1;Viljandi;Viljandi;
hkscanrakvere;817;1;Viljandi;Viljandi;
hkscanrakvere;818;1;Viljandi;Viljandi;
hkscanrakvere;819;1;Viljandi;Viljandi;
hkscanrakvere;820;1;Viljandi;Viljandi;
hkscanrakvere;822;1;Jõhvi;Jõhvi;
hkscanrakvere;823;1;Jõhvi;Jõhvi;
hkscanrakvere;824;1;Jõhvi;Jõhvi;
hkscanrakvere;825;1;Jõhvi;Jõhvi;
hkscanrakvere;826;1;Jõhvi;Jõhvi;
hkscanrakvere;827;1;Jõhvi;Jõhvi;
hkscanrakvere;828;1;Jõhvi;Jõhvi;
hkscanrakvere;829;1;Jõhvi;Jõhvi;
hkscanrakvere;830;1;Jõhvi;Jõhvi;
hkscanrakvere;831;1;Jõhvi;Jõhvi;
hkscanrakvere;832;1;Jõhvi;Jõhvi;
hkscanrakvere;833;1;Jõhvi;Jõhvi;
hkscanrakvere;834;1;Jõhvi;Jõhvi;
hkscanrakvere;835;1;Jõhvi;Jõhvi;
hkscanrakvere;836;1;Jõhvi;Jõhvi;
hkscanrakvere;837;1;Jõhvi;Jõhvi;
hkscanrakvere;838;1;Jõhvi;Jõhvi;
hkscanrakvere;839;1;Jõhvi;Jõhvi;
hkscanrakvere;840;1;Jõhvi;Jõhvi;
hkscanrakvere;841;1;Jõhvi;Jõhvi;
hkscanrakvere;842;1;Jõhvi;Jõhvi;
hkscanrakvere;843;1;Jõhvi;Jõhvi;
hkscanrakvere;844;1;Jõhvi;Jõhvi;
hkscanrakvere;848;1;Rakvere;Rakvere;
hkscanrakvere;850;1;Viljandi;Viljandi;
hkscanrakvere;851;1;Rakvere;Rakvere;
hkscanrakvere;852;1;Põlva;Põlva;
hkscanrakvere;853;1;Viljandi;Viljandi;
hkscanrakvere;854;1;Jõhvi;Jõhvi;
hkscanrakvere;862;1;Jõhvi;Jõhvi;
hkscanrakvere;866;1;Jõhvi;Jõhvi;
hkscanrakvere;867;1;Jõhvi;Jõhvi;
hkscanrakvere;868;1;Jõhvi;Jõhvi;
hkscanrakvere;869;1;Jõhvi;Jõhvi;
hkscanrakvere;870;1;Jõhvi;Jõhvi;
hkscanrakvere;871;1;Rakvere;Rakvere;
hkscanrakvere;874;1;Põlva;Põlva;
hkscanrakvere;875;1;Rakvere;Rakvere;
hkscanrakvere;876;1;Rakvere;Rakvere;
hkscanrakvere;878;1;Viljandi;Viljandi;
hkscanrakvere;879;1;Rakvere;Rakvere;
hkscanrakvere;880;1;Rakvere;Rakvere;
hkscanrakvere;881;1;Jõhvi;Jõhvi;
hkscanrakvere;882;1;Viljandi;Viljandi;
hkscanrakvere;883;1;Viljandi;Viljandi;
hkscanrakvere;885;1;Jõhvi;Jõhvi;
hkscanrakvere;890;1;Jelgava;Jelgava;
hkscanrakvere;891;1;Jõhvi;Jõhvi;
hkscanrakvere;892;1;Jõhvi;Jõhvi;
hkscanrakvere;893;1;Jelgava;Jelgava;
hkscanrakvere;894;1;Jelgava;Jelgava;
hkscanrakvere;895;1;Jelgava;Jelgava;
hkscanrakvere;896;1;Jelgava;Jelgava;
hkscanrakvere;897;1;Jelgava;Jelgava;
hkscanrakvere;898;1;Rakvere;Rakvere;
hkscanrakvere;899;1;Rakvere;Rakvere;
hkscanrakvere;900;1;Jõhvi;Jõhvi;
hkscanrakvere;901;1;Jõhvi;Jõhvi;
hkscanrakvere;902;1;Rakvere;Rakvere;
hkscanrakvere;903;1;Jõhvi;Jõhvi;
hkscanrakvere;904;1;Põlva;Põlva;
hkscanrakvere;906;1;Rakvere;Rakvere;
hkscanrakvere;908;1;Viljandi;Viljandi;
hkscanrakvere;909;1;Rakvere;Rakvere;
hkscanrakvere;910;1;Jelgava;Jelgava;
hkscanrakvere;911;1;Jelgava;Jelgava;
hkscanrakvere;912;1;Jelgava;Jelgava;
hkscanrakvere;913;1;Jelgava;Jelgava;
hkscanrakvere;914;1;Jelgava;Jelgava;
hkscanrakvere;917;1;Jelgava;Jelgava;
hkscanrakvere;918;1;Jõhvi;Jõhvi;
hkscanrakvere;919;1;Rakvere;Rakvere;
hkscanrakvere;924;1;Jelgava;Jelgava;
hkscanrakvere;925;1;Põlva;Põlva;
hkscanrakvere;926;1;Põlva;Põlva;
hkscanrakvere;930;1;Rakvere;Rakvere;
hkscanrakvere;931;1;Viljandi;Viljandi;
hkscanrakvere;932;1;Viljandi;Viljandi;
hkscanrakvere;933;1;Põlva;Põlva;
hkscanrakvere;935;1;Põlva;Põlva;
hkscanrakvere;936;1;Jõhvi;Jõhvi;
hkscanrakvere;937;1;Jõhvi;Jõhvi;
hkscanrakvere;938;1;Rakvere;Rakvere;
hkscanrakvere;939;1;Jõhvi;Jõhvi;
hkscanrakvere;940;1;Põlva;Põlva;
bulmetal;1;1;Bulmetal;Bulmetal;
bulmetal;2;1;Bulmetal;Bulmetal;
bulmetal;3;1;Bulmetal;Bulmetal;
bulmetal;4;1;Bulmetal;Bulmetal;
bulmetal;5;1;Bulmetal;Bulmetal;
bulmetal;6;1;Bulmetal;Bulmetal;
bulmetal;7;1;Bulmetal;Bulmetal;
bulmetal;8;1;Bulmetal;Bulmetal;
bulmetal;9;1;Bulmetal;Bulmetal;
bulmetal;10;1;Bulmetal;Bulmetal;
bulmetal;11;1;Bulmetal;Bulmetal;
bulmetal;12;1;Bulmetal;Bulmetal;
bulmetal;13;1;Bulmetal;Bulmetal;
bulmetal;14;1;Bulmetal;Bulmetal;
bericap;1;1;Bericap;Bericap;
bericap;2;1;Bericap;Bericap;
greenway;1;1;Greenway;Greenway;
greenway;2;1;Greenway;Greenway;
mccolgans;1;1;McColgans;McColgans;
mccolgans;2;1;McColgans;McColgans;
mccolgans;3;1;McColgans;McColgans;
mccolgans;4;1;McColgans;McColgans;
mccolgans;5;1;McColgans;McColgans;
mccolgans;6;1;McColgans;McColgans;
mccolgans;7;1;McColgans;McColgans;
mccolgans;8;1;McColgans;McColgans;
mccolgans;9;1;McColgans;McColgans;
mccolgans;10;1;McColgans;McColgans;
mccolgans;11;1;McColgans;McColgans;
mccolgans;12;1;McColgans;McColgans;
mccolgans;13;1;McColgans;McColgans;
mccolgans;14;1;McColgans;McColgans;
mccolgans;15;1;McColgans;McColgans;
mccolgans;16;1;McColgans;McColgans;
mccolgans;17;1;McColgans;McColgans;
mccolgans;18;1;McColgans;McColgans;
mccolgans;19;1;McColgans;McColgans;
mccolgans;20;1;McColgans;McColgans;
mccolgans;21;1;McColgans;McColgans;
mccolgans;22;1;McColgans;McColgans;
mccolgans;23;1;McColgans;McColgans;
mccolgans;24;1;McColgans;McColgans;
mccolgans;25;1;McColgans;McColgans;
mccolgans;26;1;McColgans;McColgans;
mccolgans;27;1;McColgans;McColgans;
mccolgans;28;1;McColgans;McColgans;
mccolgans;29;1;McColgans;McColgans;
mccolgans;30;1;McColgans;McColgans;
mccolgans;31;1;McColgans;McColgans;
mccolgans;32;1;McColgans;McColgans;
mccolgans;33;1;McColgans;McColgans;
mccolgans;34;1;McColgans;McColgans;
mccolgans;35;1;McColgans;McColgans;
mccolgans;36;1;McColgans;McColgans;
mccolgans;37;1;McColgans;McColgans;
mccolgans;38;1;McColgans;McColgans;
mccolgans;40;1;McColgans;McColgans;
mccolgans;41;1;McColgans;McColgans;
mccolgans;42;1;McColgans;McColgans;
mccolgans;43;1;McColgans;McColgans;
balticconnection;1;1;Default;Default;
balticconnection;2;1;Default;Default;
balticconnection;3;1;Default;Default;
balticconnection;4;1;Default;Default;
balticconnection;5;1;Default;Default;
dardanel;1;1;Dardanel Ambalaj;Dardanel Ambalaj;
dardanel;2;1;Dardanel Ambalaj;Dardanel Ambalaj;
dardanel;3;1;Dardanel Ambalaj;Dardanel Ambalaj;
dardanel;4;0;;;no stations, no factory - needs a decision
dardanel;5;0;;;no stations, no factory - needs a decision
goonveanfibres;3;1;Goonveanfibres;Goonveanfibres;
goonveanfibres;5;1;Goonveanfibres;Goonveanfibres;
goonveanfibres;6;1;Goonveanfibres;Goonveanfibres;
goonveanfibres;7;1;Goonveanfibres;Goonveanfibres;
goonveanfibres;10;1;Goonveanfibres;Goonveanfibres;
goonveanfibres;11;1;Goonveanfibres;Goonveanfibres;
goonveanfibres;12;1;Goonveanfibres;Goonveanfibres;
goonveanfibres;13;1;Goonveanfibres;Goonveanfibres;
goonveanfibres;18;1;Goonveanfibres;Goonveanfibres;
goonveanfibres;19;1;Goonveanfibres;Goonveanfibres;
goonveanfibres;22;1;Goonveanfibres;Goonveanfibres;
goonveanfibres;24;1;Goonveanfibres;Goonveanfibres;
goonveanfibres;26;1;Goonveanfibres;Goonveanfibres;
goonveanfibres;27;1;Goonveanfibres;Goonveanfibres;
goonveanfibres;29;1;Goonveanfibres;Goonveanfibres;
goonveanfibres;30;1;Goonveanfibres;Goonveanfibres;
goonveanfibres;32;1;Goonveanfibres;Goonveanfibres;
goonveanfibres;33;1;Goonveanfibres;Goonveanfibres;
goonveanfibres;34;1;Goonveanfibres;Goonveanfibres;
goonveanfibres;35;1;Goonveanfibres;Goonveanfibres;
goonveanfibres;36;1;Goonveanfibres;Goonveanfibres;
goonveanfibres;37;1;Goonveanfibres;Goonveanfibres;
thracewovens;1;1;Wovens;Wovens;
thracewovens;2;1;Wovens;Wovens;
thracewovens;3;1;Wovens;Wovens;
thracewovens;4;1;Wovens;Wovens;
thracewovens;5;1;Rerroling;Rerroling;
thracewovens;6;1;Rerroling;Rerroling;
thracewovens;7;1;Rerroling;Rerroling;
thracewovens;8;1;Rerroling;Rerroling;
thracewovens;9;1;Rerroling;Rerroling;
thracewovens;10;1;Rerroling;Rerroling;
thracewovens;1001;1;Grids;Grids;
thracewovens;1002;1;Grids;Grids;
thracewovens;1003;1;Grids;Grids;
thracewovens;1004;1;Grids;Grids;
thracewovens;1005;1;Grids;Grids;
thracewovens;1006;1;Grids;Grids;
thracewovens;1007;1;Grids;Grids;
thracewovens;1008;1;Grids;Grids;
thracewovens;1009;1;Grids;Grids;
thracewovens;1010;1;Grids;Grids;
thracewovens;1011;1;Grids;Grids;
thracewovens;1012;1;Grids;Grids;
thracewovens;1013;1;Grids;Grids;
thracewovens;1014;1;Grids;Grids;
thracewovens;1015;1;Grids;Grids;
thracewovens;1016;1;Grids;Grids;
thracewovens;1017;1;Grids;Grids;
thracewovens;1018;1;Grids;Grids;
thracewovens;1019;1;Grids;Grids;
thracewovens;1020;1;Grids;Grids;
thracewovens;1021;1;Grids;Grids;
thracewovens;1022;1;Grids;Grids;
thracewovens;2001;1;Recycling;Recycling;
thracewovens;2002;1;Recycling;Recycling;
thracewovens;2003;1;Recycling;Recycling;
thracewovens;2004;1;Recycling;Recycling;
thracewovens;2005;1;Recycling;Recycling;
thracewovens;2007;1;Recycling;Recycling;
thracewovens;2008;1;Recycling;Recycling;
thracewovens;2009;1;Recycling;Recycling;
thracewovens;2010;1;Recycling;Recycling;
thracewovens;2012;1;Recycling;Recycling;
thracewovens;2017;1;Recycling;Recycling;
thracewovens;2018;1;Recycling;Recycling;
thracewovens;2023;1;Wovens;Wovens;
thracewovens;2024;1;Wovens;Wovens;
thracewovens;2025;1;Wovens;Wovens;
thracewovens;2026;1;Wovens;Wovens;
thracewovens;2027;4;Grids, Recycling, Rerroling, Wovens;Grids, Recycling, Rerroling, Wovens;multi-factory
polieco;1;1;Default;Default;
polieco;2;1;Default;Default;
polieco;3;1;Default;Default;
polieco;4;1;Default;Default;
polieco;5;1;Default;Default;
polieco;6;1;Default;Default;
cido;1;1;Cido;Cido;
cido;2;1;Cido;Cido;
cido;3;1;Cido;Cido;
cido;4;1;Cido;Cido;
cido;12;1;Cido;Cido;
cido;14;0;;;no stations, no factory - needs a decision
cido;16;1;Cido;Cido;
cido;18;1;Cido;Cido;
cido;19;1;Cido;Cido;
cido;21;1;Bauskas;Bauskas;
cido;22;1;Bauskas;Bauskas;
cido;23;1;Cido;Cido;
cido;24;0;;;no stations, no factory - needs a decision
cido;25;0;;;no stations, no factory - needs a decision
cido;26;0;;;no stations, no factory - needs a decision
falkgermany;1;1;Salzgitter;Salzgitter;
falkgermany;2;1;Salzgitter;Salzgitter;
falkgermany;3;1;Salzgitter;Salzgitter;
falkgermany;4;1;Salzgitter;Salzgitter;
falkgermany;5;1;Salzgitter;Salzgitter;
ppg;4;1;PPG Budapest;PPG Budapest;
ppg;6;1;PPG Budapest;PPG Budapest;
ppg;8;1;PPG Budapest;PPG Budapest;
ppg;10;1;PPG Budapest;PPG Budapest;
ppg;11;1;PPG Budapest;PPG Budapest;
ppg;13;1;PPG Budapest;PPG Budapest;
ppg;14;1;PPG Budapest;PPG Budapest;
ppg;15;1;PPG Budapest;PPG Budapest;
ppg;17;1;PPG Budapest;PPG Budapest;
ppg;18;1;PPG Budapest;PPG Budapest;
ppg;20;1;PPG Budapest;PPG Budapest;
ppg;22;1;PPG Budapest;PPG Budapest;
ppg;24;1;PPG Budapest;PPG Budapest;
ppg;25;1;PPG Budapest;PPG Budapest;
ppg;26;1;PPG Budapest;PPG Budapest;
ppg;27;1;PPG Budapest;PPG Budapest;
ppg;29;1;PPG Budapest;PPG Budapest;
ppg;31;1;PPG Budapest;PPG Budapest;
ppg;32;1;PPG Budapest;PPG Budapest;
ppg;33;1;PPG Budapest;PPG Budapest;
ppg;34;1;PPG Budapest;PPG Budapest;
ppg;36;1;PPG Budapest;PPG Budapest;
ppg;38;1;PPG Budapest;PPG Budapest;
ppg;39;1;PPG Budapest;PPG Budapest;
ppg;40;1;PPG Budapest;PPG Budapest;
ppg;42;1;PPG Budapest;PPG Budapest;
ppg;43;1;PPG Budapest;PPG Budapest;
ppg;44;1;PPG Budapest;PPG Budapest;
ppg;45;1;PPG Budapest;PPG Budapest;
ppg;46;1;PPG Budapest;PPG Budapest;
ppg;51;1;PPG Budapest;PPG Budapest;
ppg;52;1;PPG Budapest;PPG Budapest;
ppg;53;1;PPG Budapest;PPG Budapest;
ppg;1001;1;PPG Bucharest;PPG Bucharest;
ppg;1002;1;PPG Bucharest;PPG Bucharest;
ppg;1003;1;PPG Bucharest;PPG Bucharest;
ppg;1004;1;PPG Bucharest;PPG Bucharest;
ppg;1005;1;PPG Bucharest;PPG Bucharest;
ppg;1006;1;PPG Bucharest;PPG Bucharest;
ppg;1007;1;PPG Bucharest;PPG Bucharest;
ppg;1008;1;PPG Bucharest;PPG Bucharest;
ppg;1009;1;PPG Bucharest;PPG Bucharest;
ppg;1010;1;PPG Bucharest;PPG Bucharest;
ppg;1011;1;PPG Bucharest;PPG Bucharest;
ppg;1012;1;PPG Bucharest;PPG Bucharest;
ppg;1013;1;PPG Bucharest;PPG Bucharest;
ppg;1014;1;PPG Bucharest;PPG Bucharest;
ppg;1015;1;PPG Bucharest;PPG Bucharest;
ppg;1016;1;PPG Břasy;PPG Břasy;
ppg;1017;1;PPG Břasy;PPG Břasy;
ppg;1018;1;PPG Břasy;PPG Břasy;
ppg;1019;1;PPG Břasy;PPG Břasy;
ppg;1020;1;PPG Břasy;PPG Břasy;
ppg;1021;1;PPG Břasy;PPG Břasy;
ppg;1022;1;PPG Břasy;PPG Břasy;
ppg;1023;1;PPG Břasy;PPG Břasy;
ppg;1024;1;PPG Břasy;PPG Břasy;
ppg;1025;1;PPG Břasy;PPG Břasy;
ppg;1026;1;PPG Bucharest;PPG Bucharest;
ppg;1027;1;PPG Břasy;PPG Břasy;
ppg;1028;1;PPG Břasy;PPG Břasy;
ppg;1030;1;PPG Budapest;PPG Budapest;
ppg;1031;1;PPG Budapest;PPG Budapest;
ppg;1032;1;PPG Budapest;PPG Budapest;
ppg;1033;1;PPG Budapest;PPG Budapest;
ppg;1034;1;PPG Budapest;PPG Budapest;
ppg;1035;1;PPG Budapest;PPG Budapest;
ppg;1036;1;PPG Budapest;PPG Budapest;
ppg;1037;1;PPG Budapest;PPG Budapest;
ppg;1038;1;PPG Budapest;PPG Budapest;
ppg;1039;1;PPG Budapest;PPG Budapest;
ppg;1040;1;PPG Budapest;PPG Budapest;
ppg;1041;1;PPG Budapest;PPG Budapest;
redbridge;1;1;Redbridge;Redbridge;
redbridge;2;1;Redbridge;Redbridge;
redbridge;3;1;Redbridge;Redbridge;
redbridge;4;1;Redbridge;Redbridge;
redbridge;5;1;Redbridge;Redbridge;
redbridge;6;1;Redbridge;Redbridge;
redbridge;7;1;Redbridge;Redbridge;
redbridge;8;1;Redbridge;Redbridge;
cortedilleto;1;1;Cortedilleto;Cortedilleto;
jfandipackaging;1;1;Panagoda Plant;Panagoda Plant;
jfandipackaging;2;1;Panagoda Plant;Panagoda Plant;
tiksoja;1;1;Tiksoja;Tiksoja;
tiksoja;2;1;Tiksoja;Tiksoja;
revcopack;1;1;Revcopack;Revcopack;
revcopack;2;1;Revcopack;Revcopack;
revcopack;3;1;Revcopack;Revcopack;
revcopack;4;1;Revcopack;Revcopack;
revcopack;5;1;Revcopack;Revcopack;
johnsoncontrols;7;1;Cedis;Cedis;
johnsoncontrols;8;1;Cedis;Cedis;
johnsoncontrols;9;1;Cedis;Cedis;
johnsoncontrols;10;1;Cedis;Cedis;
johnsoncontrols;11;1;Cedis;Cedis;
johnsoncontrols;12;1;Cedis;Cedis;
johnsoncontrols;15;1;Optima;Optima;
johnsoncontrols;17;1;Optima;Optima;
johnsoncontrols;18;1;Optima;Optima;
johnsoncontrols;19;1;Optima;Optima;
johnsoncontrols;20;1;Optima;Optima;
johnsoncontrols;21;1;Optima;Optima;
johnsoncontrols;22;1;Optima;Optima;
johnsoncontrols;23;1;Optima;Optima;
johnsoncontrols;24;1;Optima;Optima;
johnsoncontrols;25;1;Optima;Optima;
johnsoncontrols;26;1;Optima;Optima;
johnsoncontrols;27;1;Optima;Optima;
johnsoncontrols;28;1;Optima;Optima;
johnsoncontrols;30;1;Cedis;Cedis;
johnsoncontrols;31;1;Cedis;Cedis;
johnsoncontrols;32;1;Cedis;Cedis;
johnsoncontrols;33;1;Cedis;Cedis;
johnsoncontrols;34;1;Cedis;Cedis;
johnsoncontrols;35;1;Cedis;Cedis;
johnsoncontrols;36;1;Cedis;Cedis;
johnsoncontrols;37;1;Cedis;Cedis;
johnsoncontrols;39;1;Componentes;Componentes;
johnsoncontrols;40;1;Componentes;Componentes;
johnsoncontrols;41;1;Componentes;Componentes;
johnsoncontrols;42;1;Componentes;Componentes;
johnsoncontrols;43;1;Escobedo;Escobedo;
johnsoncontrols;44;1;Cedis;Cedis;
johnsoncontrols;45;1;Cedis;Cedis;
johnsoncontrols;46;1;Componentes;Componentes;
idl;1;1;Moorabool;Moorabool;
idl;2;1;Moorabool;Moorabool;
idl;3;1;Moorabool;Moorabool;
idl;4;1;Moorabool;Moorabool;
idl;5;1;Moorabool;Moorabool;
idl;6;1;Moorabool;Moorabool;
idl;7;1;Moorabool;Moorabool;
idl;8;1;Moorabool;Moorabool;
idl;9;1;Moorabool;Moorabool;
idl;10;1;Moorabool;Moorabool;
idl;12;1;Moorabool;Moorabool;
idl;13;1;Moorabool;Moorabool;
idl;14;1;Moorabool;Moorabool;
idl;15;1;Moorabool;Moorabool;
idl;16;1;Moorabool;Moorabool;
idl;17;1;Moorabool;Moorabool;
idl;18;1;Moorabool;Moorabool;
idl;20;1;Moorabool;Moorabool;
idl;21;1;Moorabool;Moorabool;
idl;22;1;Moorabool;Moorabool;
idl;23;1;Moorabool;Moorabool;
idl;24;1;Moorabool;Moorabool;
idl;25;1;Moorabool;Moorabool;
idl;26;1;Moorabool;Moorabool;
idl;27;1;Moorabool;Moorabool;
idl;28;1;Moorabool;Moorabool;
idl;29;1;Moorabool;Moorabool;
idl;30;1;Moorabool;Moorabool;
idl;31;1;Moorabool;Moorabool;
idl;32;1;Moorabool;Moorabool;
idl;33;1;Moorabool;Moorabool;
idl;34;1;Moorabool;Moorabool;
idl;35;1;Moorabool;Moorabool;
idl;36;1;Moorabool;Moorabool;
idl;37;1;Moorabool;Moorabool;
idl;38;1;Moorabool;Moorabool;
idl;39;1;Moorabool;Moorabool;
idl;40;1;Moorabool;Moorabool;
idl;41;1;Moorabool;Moorabool;
idl;42;1;Moorabool;Moorabool;
idl;43;1;Moorabool;Moorabool;
idl;44;1;Moorabool;Moorabool;
idl;45;1;Moorabool;Moorabool;
idl;46;1;Moorabool;Moorabool;
yara;6;2;IT-Agribios, UK-Pocklington;IT-Agribios, UK-Pocklington;multi-factory
yara;9;2;IT-Agribios, UK-Pocklington;IT-Agribios, UK-Pocklington;multi-factory
yara;28;2;BR-Porto Alegre, IT-Agribios;BR-Porto Alegre, IT-Agribios;multi-factory
yara;30;2;BR-Porto Alegre, IT-Agribios;BR-Porto Alegre, IT-Agribios;multi-factory
yara;39;1;IT-Agribios;IT-Agribios;
yara;40;1;IT-Agribios;IT-Agribios;
yara;42;2;IT-Agribios, UK-Pocklington;IT-Agribios, UK-Pocklington;multi-factory
yara;43;2;IT-Agribios, UK-Pocklington;IT-Agribios, UK-Pocklington;multi-factory
yara;56;2;BR-Porto Alegre, IT-Agribios;BR-Porto Alegre, IT-Agribios;multi-factory
yara;63;2;IT-Agribios, SE-Landskrona;IT-Agribios, SE-Landskrona;multi-factory
yara;67;1;IT-Agribios;IT-Agribios;
yara;68;1;IT-Agribios;IT-Agribios;
yara;70;1;IT-Agribios;IT-Agribios;
yara;72;1;IT-Agribios;IT-Agribios;
yara;73;1;IT-Agribios;IT-Agribios;
yara;77;2;IT-Agribios, MX-Veracruz 2;IT-Agribios, MX-Veracruz 2;multi-factory
yara;82;2;BR-Paranaguá, IT-Agribios;BR-Paranaguá, IT-Agribios;multi-factory
yara;83;2;BR-Paranaguá, IT-Agribios;BR-Paranaguá, IT-Agribios;multi-factory
yara;84;2;BR-Paranaguá, IT-Agribios;BR-Paranaguá, IT-Agribios;multi-factory
yara;85;2;BR-Paranaguá, IT-Agribios;BR-Paranaguá, IT-Agribios;multi-factory
yara;87;2;BR-Paranaguá, IT-Agribios;BR-Paranaguá, IT-Agribios;multi-factory
yara;88;2;BR-Paranaguá, IT-Agribios;BR-Paranaguá, IT-Agribios;multi-factory
yara;97;2;BR-Rondonópolis, IT-Agribios;BR-Rondonópolis, IT-Agribios;multi-factory
yara;99;1;IT-Agribios;IT-Agribios;
yara;100;2;BR-Uberaba, IT-Agribios;BR-Uberaba, IT-Agribios;multi-factory
yara;102;2;BR-Uberaba, IT-Agribios;BR-Uberaba, IT-Agribios;multi-factory
yara;104;2;BR-Uberaba, IT-Agribios;BR-Uberaba, IT-Agribios;multi-factory
yara;105;2;BR-Uberaba, IT-Agribios;BR-Uberaba, IT-Agribios;multi-factory
yara;106;2;BR-Uberaba, IT-Agribios;BR-Uberaba, IT-Agribios;multi-factory
yara;110;2;BR-Uberaba, IT-Agribios;BR-Uberaba, IT-Agribios;multi-factory
yara;112;2;BR-Uberaba, IT-Agribios;BR-Uberaba, IT-Agribios;multi-factory
yara;123;2;BR-Cubatão, IT-Agribios;BR-Cubatão, IT-Agribios;multi-factory
yara;125;2;BR-Cubatão, IT-Agribios;BR-Cubatão, IT-Agribios;multi-factory
yara;126;2;BR-Cubatão, IT-Agribios;BR-Cubatão, IT-Agribios;multi-factory
yara;127;2;IT-Agribios, TZ-Tanzania;IT-Agribios, TZ-Tanzania;multi-factory
yara;128;2;IT-Agribios, TZ-Tanzania;IT-Agribios, TZ-Tanzania;multi-factory
yara;30045;2;IT-Agribios, UK-Pocklington;IT-Agribios, UK-Pocklington;multi-factory
yara;30049;2;IT-Agribios, UK-Pocklington;IT-Agribios, UK-Pocklington;multi-factory
yara;30081;2;IT-Agribios, TH-Thailand;IT-Agribios, TH-Thailand;multi-factory
yara;30082;2;IT-Agribios, TH-Thailand;IT-Agribios, TH-Thailand;multi-factory
yara;30083;2;IT-Agribios, TH-Thailand;IT-Agribios, TH-Thailand;multi-factory
yara;30084;2;IT-Agribios, TH-Thailand;IT-Agribios, TH-Thailand;multi-factory
yara;30085;2;IT-Agribios, TH-Thailand;IT-Agribios, TH-Thailand;multi-factory
yara;30086;2;IT-Agribios, TH-Thailand;IT-Agribios, TH-Thailand;multi-factory
yara;30088;2;ES-Almeria, IT-Agribios;ES-Almeria, IT-Agribios;multi-factory
yara;30089;2;ES-Almeria, IT-Agribios;ES-Almeria, IT-Agribios;multi-factory
yara;30090;2;ES-Almeria, IT-Agribios;ES-Almeria, IT-Agribios;multi-factory
yara;30091;2;IT-Agribios, NL-Vlaardingen;IT-Agribios, NL-Vlaardingen;multi-factory
yara;30092;2;IT-Agribios, NL-Vlaardingen;IT-Agribios, NL-Vlaardingen;multi-factory
yara;30093;2;IT-Agribios, NL-Vlaardingen;IT-Agribios, NL-Vlaardingen;multi-factory
yara;30095;1;IT-Agribios;IT-Agribios;
yara;30098;2;IT-Agribios, TH-Thailand;IT-Agribios, TH-Thailand;multi-factory
yara;30099;2;IT-Agribios, MX-Topolobampo;IT-Agribios, MX-Topolobampo;multi-factory
yara;30100;2;IT-Agribios, MX-Topolobampo;IT-Agribios, MX-Topolobampo;multi-factory
yara;30103;2;BR-Porto Alegre, IT-Agribios;BR-Porto Alegre, IT-Agribios;multi-factory
yara;30108;2;IT-Agribios, SE-Norrköping;IT-Agribios, SE-Norrköping;multi-factory
yara;30109;2;IT-Agribios, SE-Norrköping;IT-Agribios, SE-Norrköping;multi-factory
yara;30111;2;IT-Agribios, SE-Norrköping;IT-Agribios, SE-Norrköping;multi-factory
yara;30116;2;IT-Agribios, SE-Norrköping;IT-Agribios, SE-Norrköping;multi-factory
yara;30119;2;IT-Agribios, SE-Norrköping;IT-Agribios, SE-Norrköping;multi-factory
yara;30124;2;BR-Vitoria, IT-Agribios;BR-Vitoria, IT-Agribios;multi-factory
yara;30126;2;BR-Vitoria, IT-Agribios;BR-Vitoria, IT-Agribios;multi-factory
yara;30127;2;IT-Agribios, UK-Pocklington;IT-Agribios, UK-Pocklington;multi-factory
yara;30128;2;GR-Greece, IT-Agribios;GR-Greece, IT-Agribios;multi-factory
yara;30133;2;AR-San Nicolas, IT-Agribios;AR-San Nicolas, IT-Agribios;multi-factory
yara;30135;2;AR-San Nicolas, IT-Agribios;AR-San Nicolas, IT-Agribios;multi-factory
yara;30138;2;AR-San Nicolas, IT-Agribios;AR-San Nicolas, IT-Agribios;multi-factory
yara;30143;2;AR-San Nicolas, IT-Agribios;AR-San Nicolas, IT-Agribios;multi-factory
yara;30144;2;AR-San Nicolas, IT-Agribios;AR-San Nicolas, IT-Agribios;multi-factory
yara;30153;2;AR-San Nicolas, IT-Agribios;AR-San Nicolas, IT-Agribios;multi-factory
yara;30154;2;AR-San Nicolas, IT-Agribios;AR-San Nicolas, IT-Agribios;multi-factory
yara;30157;2;AR-San Nicolas, IT-Agribios;AR-San Nicolas, IT-Agribios;multi-factory
yara;30159;2;AR-San Nicolas, IT-Agribios;AR-San Nicolas, IT-Agribios;multi-factory
yara;30161;2;AR-San Nicolas, IT-Agribios;AR-San Nicolas, IT-Agribios;multi-factory
yara;30164;2;AR-San Nicolas, IT-Agribios;AR-San Nicolas, IT-Agribios;multi-factory
yara;30178;1;MX-Manzanillo;MX-Manzanillo;
yara;30182;2;BR-São Luís, IT-Agribios;BR-São Luís, IT-Agribios;multi-factory
yara;30193;1;IT-Agribios;IT-Agribios;
yara;30194;1;IT-Agribios;IT-Agribios;
yara;30195;1;IT-Agribios;IT-Agribios;
yara;30196;1;IT-Agribios;IT-Agribios;
yara;30197;1;IT-Agribios;IT-Agribios;
yara;30199;1;IT-Agribios;IT-Agribios;
yara;30200;1;IT-Agribios;IT-Agribios;
yara;30203;1;IT-Agribios;IT-Agribios;
yara;30205;2;BR-São Luís, IT-Agribios;BR-São Luís, IT-Agribios;multi-factory
yara;30215;2;IT-Agribios, UK-Pocklington;IT-Agribios, UK-Pocklington;multi-factory
yara;30216;2;IT-Agribios, ZA-Brackenfell;IT-Agribios, ZA-Brackenfell;multi-factory
yara;30217;2;IT-Agribios, ZA-Brackenfell;IT-Agribios, ZA-Brackenfell;multi-factory
yara;30219;2;BR-Salvador, IT-Agribios;BR-Salvador, IT-Agribios;multi-factory
yara;30221;2;BR-Salvador, IT-Agribios;BR-Salvador, IT-Agribios;multi-factory
yara;30222;2;IT-Agribios, SE-Landskrona;IT-Agribios, SE-Landskrona;multi-factory
yara;30223;2;IT-Agribios, SE-Ahus;IT-Agribios, SE-Ahus;multi-factory
yara;30224;2;IT-Agribios, SE-Ahus;IT-Agribios, SE-Ahus;multi-factory
yara;30236;2;IT-Agribios, SE-Ahus;IT-Agribios, SE-Ahus;multi-factory
yara;30237;2;IT-Agribios, SE-Ahus;IT-Agribios, SE-Ahus;multi-factory
yara;30239;2;CO-Cartagena, IT-Agribios;CO-Cartagena, IT-Agribios;multi-factory
yara;30241;2;IT-Agribios, SE-Norrköping;IT-Agribios, SE-Norrköping;multi-factory
yara;30261;2;DK-Randers, IT-Agribios;DK-Randers, IT-Agribios;multi-factory
yara;30262;2;DK-Vordingborg, IT-Agribios;DK-Vordingborg, IT-Agribios;multi-factory
yara;30263;2;DK-Vordingborg, IT-Agribios;DK-Vordingborg, IT-Agribios;multi-factory
yara;30264;2;IT-Agribios, ZA-Brackenfell;IT-Agribios, ZA-Brackenfell;multi-factory
yara;30266;2;IT-Agribios, ZA-Brackenfell;IT-Agribios, ZA-Brackenfell;multi-factory
yara;30275;2;BR-Salvador, IT-Agribios;BR-Salvador, IT-Agribios;multi-factory
yara;30276;2;IT-Agribios, ZA-Brackenfell;IT-Agribios, ZA-Brackenfell;multi-factory
yara;30279;1;CO-Yotoco;CO-Yotoco;
yara;30297;2;BR-Rondonópolis, IT-Agribios;BR-Rondonópolis, IT-Agribios;multi-factory
yara;30299;2;BR-Rondonópolis, IT-Agribios;BR-Rondonópolis, IT-Agribios;multi-factory
yara;30304;2;IT-Agribios, SE-Landskrona;IT-Agribios, SE-Landskrona;multi-factory
yara;30334;2;BR-Cubatão, IT-Agribios;BR-Cubatão, IT-Agribios;multi-factory
yara;30341;2;IT-Agribios, UK-Pocklington;IT-Agribios, UK-Pocklington;multi-factory
yara;30347;2;BR-São Luís, IT-Agribios;BR-São Luís, IT-Agribios;multi-factory
yara;30348;1;IT-Agribios;IT-Agribios;
yara;30366;2;BR-Sumaré 2, IT-Agribios;BR-Sumaré 2, IT-Agribios;multi-factory
yara;30367;2;BR-Sumaré 2, IT-Agribios;BR-Sumaré 2, IT-Agribios;multi-factory
yara;30368;2;BR-Sumaré 2, IT-Agribios;BR-Sumaré 2, IT-Agribios;multi-factory
yara;30370;2;CO-Cartagena, IT-Agribios;CO-Cartagena, IT-Agribios;multi-factory
yara;30371;2;GH-Ghana, IT-Agribios;GH-Ghana, IT-Agribios;multi-factory
yara;30372;2;GH-Ghana, IT-Agribios;GH-Ghana, IT-Agribios;multi-factory
yara;30392;2;BR-Vitoria, IT-Agribios;BR-Vitoria, IT-Agribios;multi-factory
yara;30398;1;IT-Agribios;IT-Agribios;
yara;30400;2;IT-Agribios, US-Stockton;IT-Agribios, US-Stockton;multi-factory
yara;30401;2;IT-Agribios, US-Stockton;IT-Agribios, US-Stockton;multi-factory
yara;30402;1;IT-Agribios;IT-Agribios;
yara;30404;2;BR-Uberaba, IT-Agribios;BR-Uberaba, IT-Agribios;multi-factory
yara;30408;1;IT-Agribios;IT-Agribios;
yara;30437;2;IT-Agribios, UK-Avonmouth;IT-Agribios, UK-Avonmouth;multi-factory
yara;30438;2;IT-Agribios, UK-Avonmouth;IT-Agribios, UK-Avonmouth;multi-factory
yara;30439;2;IT-Agribios, UK-Avonmouth;IT-Agribios, UK-Avonmouth;multi-factory
yara;30440;2;IT-Agribios, UK-Avonmouth;IT-Agribios, UK-Avonmouth;multi-factory
yara;30442;2;IT-Agribios, UK-Avonmouth;IT-Agribios, UK-Avonmouth;multi-factory
yara;30443;2;IT-Agribios, UK-Avonmouth;IT-Agribios, UK-Avonmouth;multi-factory
yara;30444;2;IT-Agribios, KE-Nairobi;IT-Agribios, KE-Nairobi;multi-factory
yara;30446;2;IT-Agribios, MX-Veracruz 1;IT-Agribios, MX-Veracruz 1;multi-factory
yara;30447;2;IT-Agribios, MX-Veracruz 2;IT-Agribios, MX-Veracruz 2;multi-factory
yara;30448;2;IT-Agribios, MX-Veracruz 2;IT-Agribios, MX-Veracruz 2;multi-factory
yara;30458;1;IT-Agribios;IT-Agribios;
yara;30467;2;CO-Yotoco, IT-Agribios;CO-Yotoco, IT-Agribios;multi-factory
yara;30472;2;CO-Yotoco, IT-Agribios;CO-Yotoco, IT-Agribios;multi-factory
yara;30477;2;CO-Yotoco, IT-Agribios;CO-Yotoco, IT-Agribios;multi-factory
yara;30482;2;BR-Porto Alegre, IT-Agribios;BR-Porto Alegre, IT-Agribios;multi-factory
yara;30483;2;BR-Porto Alegre, IT-Agribios;BR-Porto Alegre, IT-Agribios;multi-factory
yara;30488;2;CO-Yotoco, IT-Agribios;CO-Yotoco, IT-Agribios;multi-factory
yara;30493;2;CO-Yotoco, IT-Agribios;CO-Yotoco, IT-Agribios;multi-factory
yara;30499;1;IT-Agribios;IT-Agribios;
yara;30511;2;IT-Agribios, SE-Norrköping;IT-Agribios, SE-Norrköping;multi-factory
yara;30512;2;BR-Cruz Alta, IT-Agribios;BR-Cruz Alta, IT-Agribios;multi-factory
yara;30521;2;BR-Porto Alegre, IT-Agribios;BR-Porto Alegre, IT-Agribios;multi-factory
yara;30523;2;BR-Porto Alegre, IT-Agribios;BR-Porto Alegre, IT-Agribios;multi-factory
yara;30524;2;BR-Porto Alegre, IT-Agribios;BR-Porto Alegre, IT-Agribios;multi-factory
yara;30525;2;BR-Porto Alegre, IT-Agribios;BR-Porto Alegre, IT-Agribios;multi-factory
yara;30526;2;BR-Porto Alegre, IT-Agribios;BR-Porto Alegre, IT-Agribios;multi-factory
yara;30527;2;BR-Porto Alegre, IT-Agribios;BR-Porto Alegre, IT-Agribios;multi-factory
yara;30528;2;BR-Porto Alegre, IT-Agribios;BR-Porto Alegre, IT-Agribios;multi-factory
yara;30529;2;BR-Porto Alegre, IT-Agribios;BR-Porto Alegre, IT-Agribios;multi-factory
yara;30533;2;BR-Uberaba, IT-Agribios;BR-Uberaba, IT-Agribios;multi-factory
yara;30535;2;IT-Agribios, SE-Norrköping;IT-Agribios, SE-Norrköping;multi-factory
yara;30536;2;IT-Agribios, UK-Pocklington;IT-Agribios, UK-Pocklington;multi-factory
yara;30537;2;IT-Agribios, UK-Avonmouth;IT-Agribios, UK-Avonmouth;multi-factory
yara;30550;2;IT-Agribios, UK-Pocklington;IT-Agribios, UK-Pocklington;multi-factory
yara;30553;2;AR-San Nicolas, IT-Agribios;AR-San Nicolas, IT-Agribios;multi-factory
yara;30555;2;IT-Agribios, SE-Norrköping;IT-Agribios, SE-Norrköping;multi-factory
yara;30557;2;IT-Agribios, UK-Avonmouth;IT-Agribios, UK-Avonmouth;multi-factory
yara;30560;2;IT-Agribios, UK-Pocklington;IT-Agribios, UK-Pocklington;multi-factory
yara;30561;2;IT-Agribios, MX-Veracruz 2;IT-Agribios, MX-Veracruz 2;multi-factory
yara;30567;2;IT-Agribios, MX-Manzanillo;IT-Agribios, MX-Manzanillo;multi-factory
yara;30580;2;IT-Agribios, UK-Pocklington;IT-Agribios, UK-Pocklington;multi-factory
yara;30583;2;IT-Agribios, UK-Pocklington;IT-Agribios, UK-Pocklington;multi-factory
yara;30588;2;IT-Agribios, SE-Norrköping;IT-Agribios, SE-Norrköping;multi-factory
yara;30590;2;IT-Agribios, MX-Veracruz 1;IT-Agribios, MX-Veracruz 1;multi-factory
yara;30592;2;DK-Randers, IT-Agribios;DK-Randers, IT-Agribios;multi-factory
yara;30593;2;ES-Almeria, IT-Agribios;ES-Almeria, IT-Agribios;multi-factory
yara;30597;2;IT-Agribios, UK-Pocklington;IT-Agribios, UK-Pocklington;multi-factory
yara;30598;2;IT-Agribios, UK-Pocklington;IT-Agribios, UK-Pocklington;multi-factory
yara;30603;2;IT-Agribios, UK-Pocklington;IT-Agribios, UK-Pocklington;multi-factory
yara;30606;2;IT-Agribios, MX-Veracruz 1;IT-Agribios, MX-Veracruz 1;multi-factory
yara;30608;2;BR-Maceio, IT-Agribios;BR-Maceio, IT-Agribios;multi-factory
yara;30609;2;BR-Maceio, IT-Agribios;BR-Maceio, IT-Agribios;multi-factory
yara;30613;2;AR-San Nicolas, IT-Agribios;AR-San Nicolas, IT-Agribios;multi-factory
yara;30619;1;SE-Landskrona;SE-Landskrona;
yara;30626;2;IT-Agribios, US-Stockton;IT-Agribios, US-Stockton;multi-factory
yara;30627;2;IT-Agribios, SE-Landskrona;IT-Agribios, SE-Landskrona;multi-factory
yara;30628;2;IT-Agribios, UK-Avonmouth;IT-Agribios, UK-Avonmouth;multi-factory
yara;30629;2;BR-Rio-Grande, IT-Agribios;BR-Rio-Grande, IT-Agribios;multi-factory
yara;30630;2;BR-Rio-Grande, IT-Agribios;BR-Rio-Grande, IT-Agribios;multi-factory
yara;30631;2;BR-Rio-Grande, IT-Agribios;BR-Rio-Grande, IT-Agribios;multi-factory
yara;30632;2;BR-Rio-Grande, IT-Agribios;BR-Rio-Grande, IT-Agribios;multi-factory
yara;30633;2;BR-Rio-Grande, IT-Agribios;BR-Rio-Grande, IT-Agribios;multi-factory
yara;30634;2;BR-Rio-Grande, IT-Agribios;BR-Rio-Grande, IT-Agribios;multi-factory
yara;30635;2;BR-Rio-Grande, IT-Agribios;BR-Rio-Grande, IT-Agribios;multi-factory
yara;30636;2;BR-Rio-Grande, IT-Agribios;BR-Rio-Grande, IT-Agribios;multi-factory
yara;30637;2;BR-Rio-Grande, IT-Agribios;BR-Rio-Grande, IT-Agribios;multi-factory
yara;30638;2;BR-Rio-Grande, IT-Agribios;BR-Rio-Grande, IT-Agribios;multi-factory
yara;30639;2;BR-Rio-Grande, IT-Agribios;BR-Rio-Grande, IT-Agribios;multi-factory
yara;30640;2;BR-Rio-Grande, IT-Agribios;BR-Rio-Grande, IT-Agribios;multi-factory
yara;30641;2;BR-Rio-Grande, IT-Agribios;BR-Rio-Grande, IT-Agribios;multi-factory
yara;30642;2;BR-Rio-Grande, IT-Agribios;BR-Rio-Grande, IT-Agribios;multi-factory
yara;30643;2;BR-Rio-Grande, IT-Agribios;BR-Rio-Grande, IT-Agribios;multi-factory
yara;30644;2;BR-Rio-Grande, IT-Agribios;BR-Rio-Grande, IT-Agribios;multi-factory
yara;30645;2;BR-Rio-Grande, IT-Agribios;BR-Rio-Grande, IT-Agribios;multi-factory
yara;30646;2;BR-Rio-Grande, IT-Agribios;BR-Rio-Grande, IT-Agribios;multi-factory
yara;30647;2;BR-Rio-Grande, IT-Agribios;BR-Rio-Grande, IT-Agribios;multi-factory
yara;30648;2;BR-Rio-Grande, IT-Agribios;BR-Rio-Grande, IT-Agribios;multi-factory
yara;30649;2;BR-Rio-Grande, IT-Agribios;BR-Rio-Grande, IT-Agribios;multi-factory
yara;30650;2;BR-Rio-Grande, IT-Agribios;BR-Rio-Grande, IT-Agribios;multi-factory
yara;30651;2;BR-Rio-Grande, IT-Agribios;BR-Rio-Grande, IT-Agribios;multi-factory
yara;30652;2;BR-Rio-Grande, IT-Agribios;BR-Rio-Grande, IT-Agribios;multi-factory
yara;30653;2;BR-Rio-Grande, IT-Agribios;BR-Rio-Grande, IT-Agribios;multi-factory
yara;30654;2;BR-Rio-Grande, IT-Agribios;BR-Rio-Grande, IT-Agribios;multi-factory
yara;30655;2;BR-Rio-Grande, IT-Agribios;BR-Rio-Grande, IT-Agribios;multi-factory
yara;30656;2;BR-Rio-Grande, IT-Agribios;BR-Rio-Grande, IT-Agribios;multi-factory
yara;30657;2;BR-Rio-Grande, IT-Agribios;BR-Rio-Grande, IT-Agribios;multi-factory
yara;30658;2;BR-Rio-Grande, IT-Agribios;BR-Rio-Grande, IT-Agribios;multi-factory
yara;30659;2;BR-Rio-Grande, IT-Agribios;BR-Rio-Grande, IT-Agribios;multi-factory
yara;30660;2;BR-Rio-Grande, IT-Agribios;BR-Rio-Grande, IT-Agribios;multi-factory
yara;30661;2;BR-Rio-Grande, IT-Agribios;BR-Rio-Grande, IT-Agribios;multi-factory
yara;30662;2;BR-Rio-Grande, IT-Agribios;BR-Rio-Grande, IT-Agribios;multi-factory
yara;30663;2;BR-Rio-Grande, IT-Agribios;BR-Rio-Grande, IT-Agribios;multi-factory
yara;30664;2;BR-Rio-Grande, IT-Agribios;BR-Rio-Grande, IT-Agribios;multi-factory
yara;30665;2;BR-Rio-Grande, IT-Agribios;BR-Rio-Grande, IT-Agribios;multi-factory
yara;30666;2;BR-Rio-Grande, IT-Agribios;BR-Rio-Grande, IT-Agribios;multi-factory
yara;30667;2;BR-Rio-Grande, IT-Agribios;BR-Rio-Grande, IT-Agribios;multi-factory
yara;30668;2;BR-Rio-Grande, IT-Agribios;BR-Rio-Grande, IT-Agribios;multi-factory
yara;30669;2;BR-Rio-Grande, IT-Agribios;BR-Rio-Grande, IT-Agribios;multi-factory
yara;30670;2;BR-Rio-Grande, IT-Agribios;BR-Rio-Grande, IT-Agribios;multi-factory
yara;30671;2;BR-Rio-Grande, IT-Agribios;BR-Rio-Grande, IT-Agribios;multi-factory
yara;30672;2;BR-Rio-Grande, IT-Agribios;BR-Rio-Grande, IT-Agribios;multi-factory
yara;30673;2;BR-Rio-Grande, IT-Agribios;BR-Rio-Grande, IT-Agribios;multi-factory
yara;30674;2;BR-Rio-Grande, IT-Agribios;BR-Rio-Grande, IT-Agribios;multi-factory
yara;30675;2;BR-Rio-Grande, IT-Agribios;BR-Rio-Grande, IT-Agribios;multi-factory
yara;30676;2;BR-Rio-Grande, IT-Agribios;BR-Rio-Grande, IT-Agribios;multi-factory
yara;30677;2;BR-Rio-Grande, IT-Agribios;BR-Rio-Grande, IT-Agribios;multi-factory
yara;30678;2;BR-Rio-Grande, IT-Agribios;BR-Rio-Grande, IT-Agribios;multi-factory
yara;30679;2;BR-Rio-Grande, IT-Agribios;BR-Rio-Grande, IT-Agribios;multi-factory
yara;30680;2;BR-Rio-Grande, IT-Agribios;BR-Rio-Grande, IT-Agribios;multi-factory
yara;30681;2;BR-Rio-Grande, IT-Agribios;BR-Rio-Grande, IT-Agribios;multi-factory
yara;30682;2;BR-Rio-Grande, IT-Agribios;BR-Rio-Grande, IT-Agribios;multi-factory
yara;30683;2;BR-Rio-Grande, IT-Agribios;BR-Rio-Grande, IT-Agribios;multi-factory
yara;30684;2;BR-Rio-Grande, IT-Agribios;BR-Rio-Grande, IT-Agribios;multi-factory
yara;30685;2;BR-Rio-Grande, IT-Agribios;BR-Rio-Grande, IT-Agribios;multi-factory
yara;30686;2;AR-San Nicolas, IT-Agribios;AR-San Nicolas, IT-Agribios;multi-factory
yara;30690;2;CO-Yotoco, IT-Agribios;CO-Yotoco, IT-Agribios;multi-factory
yara;30691;2;CN-Huaibei, IT-Agribios;CN-Huaibei, IT-Agribios;multi-factory
yara;30694;2;IT-Agribios, ZA-Brackenfell;IT-Agribios, ZA-Brackenfell;multi-factory
yara;30697;2;IT-Agribios, ZA-Durban;IT-Agribios, ZA-Durban;multi-factory
yara;30698;2;IT-Agribios, UK-Immingham;IT-Agribios, UK-Immingham;multi-factory
yara;30700;2;IT-Agribios, ZA-Durban;IT-Agribios, ZA-Durban;multi-factory
yara;30702;2;IT-Agribios, ZA-Durban;IT-Agribios, ZA-Durban;multi-factory
yara;30703;2;IT-Agribios, ZA-Durban;IT-Agribios, ZA-Durban;multi-factory
yara;30704;2;IT-Agribios, PL-Wałcz;IT-Agribios, PL-Wałcz;multi-factory
yara;30705;2;IT-Agribios, PL-Wałcz;IT-Agribios, PL-Wałcz;multi-factory
yara;30707;2;IT-Agribios, UK-Immingham;IT-Agribios, UK-Immingham;multi-factory
yara;30708;2;IT-Agribios, UK-Immingham;IT-Agribios, UK-Immingham;multi-factory
yara;30712;2;IT-Agribios, UK-Pocklington;IT-Agribios, UK-Pocklington;multi-factory
yara;30714;2;IT-Agribios, UK-Elvington;IT-Agribios, UK-Elvington;multi-factory
yara;30715;2;IT-Agribios, UK-Elvington;IT-Agribios, UK-Elvington;multi-factory
yara;30716;2;IT-Agribios, UK-Elvington;IT-Agribios, UK-Elvington;multi-factory
yara;30717;2;IT-Agribios, UK-Elvington;IT-Agribios, UK-Elvington;multi-factory
yara;30718;2;IT-Agribios, MX-Veracruz 1;IT-Agribios, MX-Veracruz 1;multi-factory
yara;30719;2;IT-Agribios, UK-Pocklington;IT-Agribios, UK-Pocklington;multi-factory
yara;30721;2;BR-Rondonópolis, IT-Agribios;BR-Rondonópolis, IT-Agribios;multi-factory
yara;30722;2;BR-Rondonópolis, IT-Agribios;BR-Rondonópolis, IT-Agribios;multi-factory
yara;30723;2;BR-São Luís, IT-Agribios;BR-São Luís, IT-Agribios;multi-factory
yara;30724;2;BR-São Luís, IT-Agribios;BR-São Luís, IT-Agribios;multi-factory
yara;30725;2;BR-São Luís, IT-Agribios;BR-São Luís, IT-Agribios;multi-factory
yara;30726;2;BR-São Luís, IT-Agribios;BR-São Luís, IT-Agribios;multi-factory
yara;30727;2;BR-São Luís, IT-Agribios;BR-São Luís, IT-Agribios;multi-factory
yara;30728;2;BR-São Luís, IT-Agribios;BR-São Luís, IT-Agribios;multi-factory
yara;30731;2;IT-Agribios, TZ-Tanzania;IT-Agribios, TZ-Tanzania;multi-factory
yara;30732;2;IT-Agribios, TZ-Tanzania;IT-Agribios, TZ-Tanzania;multi-factory
yara;30736;2;IT-Agribios, UK-Pocklington;IT-Agribios, UK-Pocklington;multi-factory
yara;30737;2;IT-Agribios, UK-Pocklington;IT-Agribios, UK-Pocklington;multi-factory
yara;30738;2;BR-Sumaré 2, IT-Agribios;BR-Sumaré 2, IT-Agribios;multi-factory
yara;30739;2;BR-Sumaré 2, IT-Agribios;BR-Sumaré 2, IT-Agribios;multi-factory
yara;30740;2;BR-Sumaré 2, IT-Agribios;BR-Sumaré 2, IT-Agribios;multi-factory
yara;30741;2;BR-Sumaré 2, IT-Agribios;BR-Sumaré 2, IT-Agribios;multi-factory
yara;30742;2;BR-Sumaré 2, IT-Agribios;BR-Sumaré 2, IT-Agribios;multi-factory
yara;30744;2;BR-Cubatão, IT-Agribios;BR-Cubatão, IT-Agribios;multi-factory
yara;30747;2;BR-Cubatão, IT-Agribios;BR-Cubatão, IT-Agribios;multi-factory
yara;30748;2;BR-Cubatão, IT-Agribios;BR-Cubatão, IT-Agribios;multi-factory
yara;30749;2;BR-Cubatão, IT-Agribios;BR-Cubatão, IT-Agribios;multi-factory
yara;30750;2;BR-Cubatão, IT-Agribios;BR-Cubatão, IT-Agribios;multi-factory
yara;30751;2;BR-Cubatão, IT-Agribios;BR-Cubatão, IT-Agribios;multi-factory
yara;30752;2;BR-Cubatão, IT-Agribios;BR-Cubatão, IT-Agribios;multi-factory
yara;30753;2;BR-Cubatão, IT-Agribios;BR-Cubatão, IT-Agribios;multi-factory
yara;30754;2;BR-Cruz Alta, IT-Agribios;BR-Cruz Alta, IT-Agribios;multi-factory
yara;30755;2;BR-Cubatão, IT-Agribios;BR-Cubatão, IT-Agribios;multi-factory
yara;30756;2;BR-Rondonópolis, IT-Agribios;BR-Rondonópolis, IT-Agribios;multi-factory
yara;30757;2;BR-Rondonópolis, IT-Agribios;BR-Rondonópolis, IT-Agribios;multi-factory
yara;30758;2;BR-Vitoria, IT-Agribios;BR-Vitoria, IT-Agribios;multi-factory
yara;30759;2;BR-Vitoria, IT-Agribios;BR-Vitoria, IT-Agribios;multi-factory
yara;30763;2;IT-Agribios, SE-Norrköping;IT-Agribios, SE-Norrköping;multi-factory
yara;30764;2;BR-São Luís, IT-Agribios;BR-São Luís, IT-Agribios;multi-factory
yara;30765;2;BR-Rondonópolis, IT-Agribios;BR-Rondonópolis, IT-Agribios;multi-factory
yara;30766;2;BR-Rondonópolis, IT-Agribios;BR-Rondonópolis, IT-Agribios;multi-factory
yara;30770;2;CO-Yotoco, IT-Agribios;CO-Yotoco, IT-Agribios;multi-factory
yara;30771;2;CO-Yotoco, IT-Agribios;CO-Yotoco, IT-Agribios;multi-factory
yara;30772;1;MX-Veracruz 1;MX-Veracruz 1;
yara;30773;1;MX-Veracruz 1;MX-Veracruz 1;
yara;30774;2;CO-Yotoco, IT-Agribios;CO-Yotoco, IT-Agribios;multi-factory
yara;30775;2;CO-Yotoco, IT-Agribios;CO-Yotoco, IT-Agribios;multi-factory
yara;30777;2;IT-Agribios, UK-Pocklington;IT-Agribios, UK-Pocklington;multi-factory
yara;30779;2;BR-Maceio, IT-Agribios;BR-Maceio, IT-Agribios;multi-factory
yara;30780;2;IT-Agribios, US-Stockton;IT-Agribios, US-Stockton;multi-factory
yara;30781;2;IT-Agribios, MX-Veracruz 2;IT-Agribios, MX-Veracruz 2;multi-factory
yara;30782;1;CO-Cartagena;CO-Cartagena;
yara;30783;1;SE-Landskrona;SE-Landskrona;
yara;30784;1;MX-Topolobampo;MX-Topolobampo;
yara;30785;1;CO-Yotoco;CO-Yotoco;
yara;30786;1;CO-Yotoco;CO-Yotoco;
yara;30787;1;MX-Veracruz 2;MX-Veracruz 2;
yara;30788;1;MX-Topolobampo;MX-Topolobampo;
yara;30789;1;CO-Yotoco;CO-Yotoco;
yara;30790;1;UK-Immingham;UK-Immingham;
yara;30791;1;UK-Pocklington;UK-Pocklington;
yara;30792;1;BR-Rondonópolis;BR-Rondonópolis;
yara;30793;1;BR-Rondonópolis;BR-Rondonópolis;
yara;30794;1;BR-Rondonópolis;BR-Rondonópolis;
yara;30795;1;BR-Cruz Alta;BR-Cruz Alta;
yara;30796;1;UK-Pocklington;UK-Pocklington;
yara;30798;1;GT-Guatemala;GT-Guatemala;
yara;30799;1;GT-Guatemala;GT-Guatemala;
yara;30800;1;GT-Guatemala;GT-Guatemala;
yara;30801;1;CR-Puntarenas;CR-Puntarenas;
yara;30802;1;CR-Puntarenas;CR-Puntarenas;
yara;30803;1;KE-Nairobi;KE-Nairobi;
yara;30804;1;KE-Nairobi;KE-Nairobi;
yara;30806;1;MX-Topolobampo;MX-Topolobampo;
yara;30807;1;BR-Rondonópolis;BR-Rondonópolis;
yara;30808;1;UK-Pocklington;UK-Pocklington;
yara;30814;1;PL-Wałcz;PL-Wałcz;
yara;30815;1;PL-Wałcz;PL-Wałcz;
yara;30818;1;PL-Wałcz;PL-Wałcz;
yara;30819;1;PL-Wałcz;PL-Wałcz;
yara;30820;1;PL-Wałcz;PL-Wałcz;
yara;30821;1;PL-Wałcz;PL-Wałcz;
yara;30822;1;PL-Wałcz;PL-Wałcz;
yara;30823;1;CO-Cartagena;CO-Cartagena;
yara;30824;1;CO-Cartagena;CO-Cartagena;
yara;30827;1;MX-Altamira;MX-Altamira;
yara;30828;1;MX-Altamira;MX-Altamira;
yara;30829;1;MX-Altamira;MX-Altamira;
yara;30830;1;MX-Altamira;MX-Altamira;
yara;30831;1;UK-Immingham;UK-Immingham;
yara;30832;1;CR-Puntarenas;CR-Puntarenas;
yara;30833;1;MX-Veracruz 2;MX-Veracruz 2;
yara;30838;1;MX-Manzanillo;MX-Manzanillo;
yara;30841;1;MX-Manzanillo;MX-Manzanillo;
yara;30842;1;MX-Manzanillo;MX-Manzanillo;
yara;30847;1;MX-Manzanillo;MX-Manzanillo;
yara;30850;1;MX-Manzanillo;MX-Manzanillo;
yara;30858;1;SE-Landskrona;SE-Landskrona;
yara;30861;1;CO-Yotoco;CO-Yotoco;
yara;30862;1;CO-Yotoco;CO-Yotoco;
yara;30863;1;CO-Cartagena;CO-Cartagena;
yara;30864;1;BR-Rio-Grande;BR-Rio-Grande;
yara;30865;1;BR-Rio-Grande;BR-Rio-Grande;
yara;30866;1;BR-Rio-Grande;BR-Rio-Grande;
yara;30867;1;BR-Rio-Grande;BR-Rio-Grande;
yara;30868;1;BR-Maceio;BR-Maceio;
yara;30869;1;EG - Egypt Nubariya Plant;EG - Egypt Nubariya Plant;
yara;30870;1;EG - Egypt Nubariya Plant;EG - Egypt Nubariya Plant;
yara;30871;1;EG - Egypt Nubariya Plant;EG - Egypt Nubariya Plant;
yara;30872;1;EG - Egypt Nubariya Plant;EG - Egypt Nubariya Plant;
yara;30873;1;BR-Vitoria;BR-Vitoria;
yara;30874;1;MX-Manzanillo;MX-Manzanillo;
yara;30875;1;MX-Manzanillo;MX-Manzanillo;
yara;30876;1;MX-Manzanillo;MX-Manzanillo;
yara;30877;1;AR-San Nicolas;AR-San Nicolas;
yara;30880;1;GR-Greece;GR-Greece;
yara;30881;1;GR-Greece;GR-Greece;
yara;30882;1;GR-Greece;GR-Greece;
yara;30883;1;AR-San Nicolas;AR-San Nicolas;
yara;30884;1;KE-Nairobi;KE-Nairobi;
yara;30885;1;CO-Yotoco;CO-Yotoco;
yara;30886;1;CO-Yotoco;CO-Yotoco;
bgreklam;1;1;BG Reklam;BG Reklam;
bgreklam;2;1;BG Reklam;BG Reklam;
bgreklam;3;1;BG Reklam;BG Reklam;
bgreklam;4;1;BG Reklam;BG Reklam;
sgleca;1;1;Häädemeeste;Häädemeeste;
sgleca;3002;1;Siauliai;Siauliai;
sgleca;3005;1;Siauliai;Siauliai;
sgleca;4007;1;Häädemeeste;Häädemeeste;
sgleca;4017;1;Häädemeeste;Häädemeeste;
sgleca;4020;1;Häädemeeste;Häädemeeste;
sgleca;4021;1;Häädemeeste;Häädemeeste;
viosal;1;1;Viosal;Viosal;
viosal;2;1;Viosal;Viosal;
metamark;1;1;Metamark;Metamark;
metamark;2;1;Metamark;Metamark;
metamark;3;1;Metamark;Metamark;
metamark;4;1;Metamark;Metamark;
metamark;5;1;Metamark;Metamark;
metamark;6;1;Metamark;Metamark;
metamark;7;1;Metamark;Metamark;
metamark;8;1;Metamark;Metamark;
metamark;9;1;Metamark;Metamark;
metamark;10;1;Metamark;Metamark;
metamark;11;1;Metamark;Metamark;
metamark;12;1;Metamark;Metamark;
metamark;13;1;Metamark;Metamark;
amhil;1;1;Amhil;Amhil;
amhil;2;1;Amhil;Amhil;
amhil;3;1;Amhil;Amhil;
amhil;4;1;Amhil;Amhil;
marsvictorville;1;1;Default;Default;
marsvictorville;3;1;Default;Default;
marsvictorville;4;1;Default;Default;
marsvictorville;5;1;Default;Default;
marsvictorville;6;1;Default;Default;
marsvictorville;7;1;Default;Default;
marsvictorville;11;1;Default;Default;
marsvictorville;12;1;Default;Default;
marsvictorville;13;1;Default;Default;
marsvictorville;14;1;Default;Default;
marsvictorville;15;1;Default;Default;
marsvictorville;17;1;Default;Default;
marsvictorville;19;1;Default;Default;
marsvictorville;21;1;Default;Default;
marsvictorville;22;1;Default;Default;
marsvictorville;23;1;Default;Default;
marsvictorville;24;1;Default;Default;
marsvictorville;26;1;Default;Default;
marsvictorville;27;1;Default;Default;
marsvictorville;36;1;Default;Default;
marsvictorville;38;1;Default;Default;
marsvictorville;40;1;Default;Default;
marsvictorville;41;1;Default;Default;
marsvictorville;42;1;Default;Default;
marsvictorville;43;1;Default;Default;
marsvictorville;44;1;Default;Default;
marsvictorville;45;1;Default;Default;
marsvictorville;46;1;Default;Default;
marsvictorville;47;1;Default;Default;
marsvictorville;48;1;Default;Default;
marsvictorville;49;1;Default;Default;
marsvictorville;50;1;Default;Default;
marsvictorville;51;1;Default;Default;
marsvictorville;53;1;Default;Default;
marsvictorville;54;1;Default;Default;
marsvictorville;55;1;Default;Default;
marsvictorville;56;1;Default;Default;
marsvictorville;57;1;Default;Default;
marsvictorville;59;1;Default;Default;
marsvictorville;60;1;Default;Default;
marsvictorville;61;1;Default;Default;
marsvictorville;62;1;Default;Default;
marsvictorville;63;1;Default;Default;
marsvictorville;64;1;Default;Default;
marsvictorville;65;1;Default;Default;
marsvictorville;66;1;Default;Default;
marsvictorville;67;1;Default;Default;
marsvictorville;68;1;Default;Default;
marsvictorville;69;1;Default;Default;
marsvictorville;70;1;Default;Default;
marsvictorville;71;1;Default;Default;
marsvictorville;73;1;Default;Default;
marsvictorville;74;1;Default;Default;
marsvictorville;76;1;Default;Default;
nexans;10;1;Default;Default;
nexans;12;1;Default;Default;
nexans;13;1;Default;Default;
nexans;14;1;Default;Default;
nexans;15;1;Default;Default;
nexans;16;1;Default;Default;
nexans;17;1;Default;Default;
nexans;18;1;Default;Default;
nexans;19;1;Default;Default;
nexans;20;1;Default;Default;
nexans;21;1;Default;Default;
nexans;23;1;Default;Default;
nexans;24;1;Default;Default;
nexans;25;1;Default;Default;
nexans;26;1;Default;Default;
nexans;27;1;Default;Default;
nexans;29;1;Default;Default;
nexans;30;1;Default;Default;
nexans;31;1;Default;Default;
nexans;32;1;Default;Default;
nexans;33;1;Default;Default;
nexans;35;1;Default;Default;
nexans;36;1;Default;Default;
nexans;37;1;Default;Default;
nexans;38;1;Default;Default;
nexans;39;1;Default;Default;
nexans;40;1;Default;Default;
nexans;41;1;Default;Default;
nexans;42;1;Default;Default;
nexans;43;1;Default;Default;
nexans;44;1;Default;Default;
nexans;45;1;Default;Default;
nexans;46;1;Default;Default;
nexans;47;1;Default;Default;
nexans;48;1;Default;Default;
nexans;49;1;Default;Default;
nexans;50;1;Default;Default;
nexans;51;1;Default;Default;
nexans;52;1;Default;Default;
nexans;53;1;Default;Default;
nexans;54;1;Default;Default;
nexans;55;1;Default;Default;
nexans;56;1;Default;Default;
nexans;57;1;Default;Default;
nexans;58;1;Default;Default;
nexans;59;1;Default;Default;
nexans;60;1;Default;Default;
nexans;61;1;Default;Default;
nexans;62;1;Default;Default;
nexans;64;1;Default;Default;
nexans;65;1;Default;Default;
nexans;66;1;Default;Default;
nexans;67;1;Default;Default;
nexans;68;1;Default;Default;
nexans;69;1;Default;Default;
nexans;70;1;Default;Default;
nexans;71;1;Default;Default;
nexans;72;1;Default;Default;
nexans;73;1;Default;Default;
nexans;74;1;Default;Default;
nexans;76;1;Default;Default;
nexans;77;1;Default;Default;
nexans;79;1;Default;Default;
nexans;80;1;Default;Default;
nexans;81;1;Default;Default;
nexans;82;1;Default;Default;
nexans;83;1;Default;Default;
nexans;84;1;Default;Default;
nexans;85;1;Default;Default;
nexans;86;1;Default;Default;
nexans;87;1;Default;Default;
nexans;88;1;Default;Default;
nexans;89;1;Default;Default;
nexans;90;1;Default;Default;
nexans;92;1;Default;Default;
nexans;93;1;Default;Default;
nexans;94;1;Default;Default;
nexans;96;1;Default;Default;
nexans;97;1;Default;Default;
nexans;98;1;Default;Default;
nexans;99;1;Default;Default;
nexans;100;1;Default;Default;
nexans;102;1;Default;Default;
nexans;103;1;Default;Default;
nexans;104;1;Default;Default;
nexans;105;1;Default;Default;
nexans;106;1;Default;Default;
nexans;107;1;Default;Default;
nexans;108;1;Default;Default;
nexans;109;1;Default;Default;
nexans;110;1;Default;Default;
nexans;112;1;Default;Default;
nexans;113;1;Default;Default;
nexans;114;1;Default;Default;
nexans;115;1;Default;Default;
nexans;116;1;Default;Default;
nexans;117;1;Default;Default;
nexans;118;1;Default;Default;
nexans;119;1;Default;Default;
nexans;120;1;Default;Default;
nexans;121;1;Default;Default;
nexans;122;1;Default;Default;
nexans;123;1;Default;Default;
nexans;124;1;Default;Default;
nexans;125;1;Default;Default;
nexans;126;1;Default;Default;
nexans;127;1;Default;Default;
nexans;128;1;Default;Default;
nexans;129;1;Default;Default;
nexans;130;1;Default;Default;
nexans;131;1;Default;Default;
nexans;132;1;Default;Default;
nexans;133;1;Default;Default;
nexans;134;1;Default;Default;
nexans;137;1;Default;Default;
nexans;139;1;Default;Default;
nexans;142;1;Default;Default;
nexans;143;1;Default;Default;
nexans;144;1;Default;Default;
nexans;145;1;Default;Default;
nexans;146;1;Default;Default;
nexans;147;1;Default;Default;
nexans;148;1;Default;Default;
nexans;149;1;Default;Default;
nexans;150;1;Default;Default;
nexans;152;1;Default;Default;
nexans;153;1;Default;Default;
nexans;154;1;Default;Default;
nexans;155;1;Default;Default;
nexans;156;1;Default;Default;
nexans;157;1;Default;Default;
nexans;158;1;Default;Default;
nexans;159;1;Default;Default;
nexans;160;1;Default;Default;
nexans;161;1;Default;Default;
nexans;162;1;Default;Default;
nexans;167;1;Default;Default;
nexans;168;1;Default;Default;
nexans;169;1;Default;Default;
nexans;170;1;Default;Default;
nexans;171;1;Default;Default;
nexans;172;1;Default;Default;
nexans;173;1;Default;Default;
nexans;174;1;Default;Default;
nexans;175;1;Default;Default;
ellaktor;2;1;ELLAKTOR;ELLAKTOR;
ellaktor;4;1;ELLAKTOR;ELLAKTOR;
ellaktor;6;1;ELLAKTOR;ELLAKTOR;
standwood;2;1;Default;Default;
standwood;3;1;Default;Default;
standwood;4;1;Default;Default;
standwood;30;1;Default;Default;
standwood;48;1;Default;Default;
standwood;49;1;Default;Default;
standwood;51;1;Default;Default;
standwood;52;1;Default;Default;
standwood;53;1;Default;Default;
standwood;54;1;Default;Default;
standwood;55;1;Default;Default;
standwood;56;1;Default;Default;
standwood;57;1;Default;Default;
standwood;58;1;Default;Default;
standwood;59;1;Default;Default;
standwood;60;1;Default;Default;
eagon;8;1;EAGON;EAGON;
eagon;9;1;EAGON;EAGON;
eagon;10;1;EAGON;EAGON;
eagon;11;1;EAGON;EAGON;
eagon;12;1;EAGON;EAGON;
eagon;13;1;EAGON;EAGON;
eagon;14;1;EAGON;EAGON;
eagon;15;1;EAGON;EAGON;
eagon;16;1;EAGON;EAGON;
eagon;17;1;EAGON;EAGON;
eagon;19;1;EAGON;EAGON;
eagon;20;1;EAGON;EAGON;
eagon;21;1;EAGON;EAGON;
eagon;22;1;EAGON;EAGON;
eagon;23;1;EAGON;EAGON;
eagon;24;1;EAGON;EAGON;
eagon;25;1;EAGON;EAGON;
eagon;26;1;EAGON;EAGON;
eagon;27;1;EAGON;EAGON;
eagon;28;1;EAGON;EAGON;
eagon;29;1;EAGON;EAGON;
eagon;30;1;EAGON;EAGON;
eagon;31;1;EAGON;EAGON;
eagon;32;1;EAGON;EAGON;
eagon;33;1;EAGON;EAGON;
eagon;34;1;EAGON;EAGON;
eagon;35;1;EAGON;EAGON;
eagon;36;1;EAGON;EAGON;
eagon;37;1;EAGON;EAGON;
eagon;38;1;EAGON;EAGON;
eagon;39;1;EAGON;EAGON;
eagon;41;1;EAGON;EAGON;
eagon;43;1;EAGON;EAGON;
eagon;44;1;EAGON;EAGON;
eagon;45;1;EAGON;EAGON;
eagon;46;1;EAGON;EAGON;
eagon;47;1;EAGON;EAGON;
eagon;48;1;EAGON;EAGON;
eagon;50;1;EAGON;EAGON;
eagon;51;1;EAGON;EAGON;
eagon;52;1;EAGON;EAGON;
eagon;53;1;EAGON;EAGON;
eagon;54;1;EAGON;EAGON;
eagon;55;1;EAGON;EAGON;
eagon;56;1;EAGON;EAGON;
eagon;57;1;EAGON;EAGON;
eagon;58;1;EAGON;EAGON;
eagon;59;1;EAGON;EAGON;
eagon;60;1;EAGON;EAGON;
eagon;61;1;EAGON;EAGON;
eagon;62;1;EAGON;EAGON;
eagon;63;1;EAGON;EAGON;
eagon;64;1;EAGON;EAGON;
eagon;65;1;EAGON;EAGON;
eagon;66;1;EAGON;EAGON;
eagon;67;1;EAGON;EAGON;
eagon;68;1;EAGON;EAGON;
eagon;69;1;EAGON;EAGON;
eagon;70;1;EAGON;EAGON;
eagon;71;1;EAGON;EAGON;
eagon;72;1;EAGON;EAGON;
eagon;73;1;EAGON;EAGON;
eagon;74;1;EAGON;EAGON;
eagon;75;1;EAGON;EAGON;
eagon;76;1;EAGON;EAGON;
eagon;77;1;EAGON;EAGON;
eagon;78;1;EAGON;EAGON;
eagon;79;1;EAGON;EAGON;
eagon;80;1;EAGON;EAGON;
eagon;81;1;EAGON;EAGON;
eagon;82;1;EAGON;EAGON;
eagon;85;1;EAGON;EAGON;
eagon;86;1;EAGON;EAGON;
eagon;87;1;EAGON;EAGON;
eagon;88;1;EAGON;EAGON;
eagon;89;1;EAGON;EAGON;
eagon;90;1;EAGON;EAGON;
eagon;91;1;EAGON;EAGON;
eagon;94;1;EAGON;EAGON;
eagon;95;1;EAGON;EAGON;
eagon;96;1;EAGON;EAGON;
eagon;97;1;EAGON;EAGON;
eagon;98;1;EAGON;EAGON;
eagon;99;1;EAGON;EAGON;
eagon;100;1;EAGON;EAGON;
eagon;102;1;EAGON;EAGON;
eagon;103;1;EAGON;EAGON;
eagon;104;1;EAGON;EAGON;
eagon;105;1;EAGON;EAGON;
eagon;106;1;EAGON;EAGON;
eagon;107;1;EAGON;EAGON;
eagon;110;1;EAGON;EAGON;
eagon;113;1;EAGON;EAGON;
woerwag;7;1;WPO Lódz;WPO Lódz;
woerwag;8;1;WPO Lódz;WPO Lódz;
woerwag;11;1;WPO Lódz;WPO Lódz;
woerwag;13;1;WPO Lódz;WPO Lódz;
woerwag;14;1;WPO Lódz;WPO Lódz;
woerwag;15;1;WPO Lódz;WPO Lódz;
woerwag;16;1;WPO Lódz;WPO Lódz;
woerwag;18;1;WPO Lódz;WPO Lódz;
woerwag;19;1;WPO Lódz;WPO Lódz;
woerwag;20;1;WPO Lódz;WPO Lódz;
woerwag;21;1;WPO Lódz;WPO Lódz;
woerwag;22;1;WPO Lódz;WPO Lódz;
woerwag;23;1;WPO Lódz;WPO Lódz;
woerwag;24;1;WPO Lódz;WPO Lódz;
woerwag;25;1;WPO Lódz;WPO Lódz;
woerwag;28;1;WPO Lódz;WPO Lódz;
woerwag;29;1;WPO Lódz;WPO Lódz;
woerwag;30;1;WPO Lódz;WPO Lódz;
woerwag;32;1;WPO Lódz;WPO Lódz;
woerwag;33;1;WPO Lódz;WPO Lódz;
woerwag;34;1;WPO Lódz;WPO Lódz;
woerwag;35;1;WPO Lódz;WPO Lódz;
woerwag;38;1;WPO Lódz;WPO Lódz;
woerwag;39;1;WPO Lódz;WPO Lódz;
woerwag;40;1;WPO Lódz;WPO Lódz;
woerwag;41;1;WPO Lódz;WPO Lódz;
woerwag;42;1;WPO Lódz;WPO Lódz;
woerwag;45;1;WPO Lódz;WPO Lódz;
woerwag;46;1;WPO Lódz;WPO Lódz;
woerwag;47;1;WPO Lódz;WPO Lódz;
woerwag;48;1;WPO Lódz;WPO Lódz;
woerwag;49;1;WPO Lódz;WPO Lódz;
woerwag;50;1;WPO Lódz;WPO Lódz;
woerwag;51;1;WPO Lódz;WPO Lódz;
woerwag;52;1;WPO Lódz;WPO Lódz;
woerwag;55;1;WPO Lódz;WPO Lódz;
woerwag;58;1;WPO Lódz;WPO Lódz;
industriasfc;1;1;Default;Default;
industriasfc;2;1;Default;Default;
industriasfc;3;1;Default;Default;
industriasfc;5;1;Default;Default;
industriasfc;6;1;Default;Default;
ppgitaly;1;1;Cavallirio;Cavallirio;
ppgitaly;3;1;Cavallirio;Cavallirio;
ppgitaly;4;1;Cavallirio;Cavallirio;
ppgitaly;9;1;Cavallirio;Cavallirio;
ppgitaly;10;1;Cavallirio;Cavallirio;
ppgitaly;11;1;Cavallirio;Cavallirio;
ppgitaly;12;1;Cavallirio;Cavallirio;
ppgitaly;13;1;Cavallirio;Cavallirio;
ppgitaly;14;1;Cavallirio;Cavallirio;
ppgitaly;16;1;Cavallirio;Cavallirio;
ppgitaly;17;1;Cavallirio;Cavallirio;
ppgitaly;18;1;Cavallirio;Cavallirio;
ppgitaly;19;1;Cavallirio;Cavallirio;
ppgitaly;21;1;Cavallirio;Cavallirio;
barrus;2;1;Kompo 2;Kompo 2;
barrus;6;6;Kompo 1, Kompo 2, Kompo 3, Kompo JT, Komponent, Tehnikakeskus;Kompo 1, Kompo 2, Kompo 3, Kompo JT, Komponent, Tehnikakeskus;multi-factory
barrus;7;1;Saeveski;Saeveski;
barrus;8;1;Saeveski;Saeveski;
barrus;12;2;Kompo 2, Komponent;Kompo 2, Komponent;multi-factory
barrus;15;1;Kompo 1;Kompo 1;
barrus;18;1;Kompo JT;Kompo JT;
barrus;19;1;Kompo 1;Kompo 1;
barrus;22;1;Kompo 3;Kompo 3;
barrus;23;3;Kompo 1, Kompo 2, Kompo 3;Kompo 1, Kompo 2, Kompo 3;multi-factory
barrus;30;2;Kompo 1, Kompo 2;Kompo 1, Kompo 2;multi-factory
barrus;31;1;Kompo JT;Kompo JT;
barrus;32;1;Kompo JT;Kompo JT;
barrus;33;1;Kompo JT;Kompo JT;
barrus;38;1;Kompo JT;Kompo JT;
barrus;40;1;Kompo JT;Kompo JT;
barrus;44;1;Kompo 3;Kompo 3;
barrus;45;2;Kompo 2, Kompo JT;Kompo 2, Kompo JT;multi-factory
barrus;46;1;Kompo 1;Kompo 1;
barrus;47;2;Kompo 2, Komponent;Kompo 2, Komponent;multi-factory
barrus;50;1;Kompo 1;Kompo 1;
barrus;51;0;;;no stations, no factory - needs a decision
barrus;52;0;;;no stations, no factory - needs a decision
barrus;53;1;Saeveski;Saeveski;
barrus;57;1;Kompo JT;Kompo JT;
barrus;59;1;Saeveski;Saeveski;
barrus;61;1;Saeveski;Saeveski;
barrus;62;1;Saeveski;Saeveski;
barrus;63;1;Saeveski;Saeveski;
barrus;64;1;Kompo 2;Kompo 2;
barrus;67;1;Saeveski;Saeveski;
barrus;69;1;Saeveski;Saeveski;
barrus;70;1;Saeveski;Saeveski;
barrus;73;1;Komponent;Komponent;
barrus;74;1;Saeveski;Saeveski;
barrus;76;1;Saeveski;Saeveski;
barrus;80;1;Kompo JT;Kompo JT;
barrus;81;1;Kompo 3;Kompo 3;
barrus;85;1;Kompo JT;Kompo JT;
barrus;87;1;Saeveski;Saeveski;
barrus;88;1;Saeveski;Saeveski;
barrus;89;1;Saeveski;Saeveski;
barrus;90;1;Saeveski;Saeveski;
barrus;92;1;Kompo 1;Kompo 1;
barrus;94;1;Kompo 2;Kompo 2;
barrus;101;1;Kompo JT;Kompo JT;
barrus;102;1;Kuivatid;Kuivatid;
barrus;107;1;Kuivatid;Kuivatid;
barrus;108;1;Kuivatid;Kuivatid;
barrus;120;2;Kompo 2, Komponent;Kompo 2, Komponent;multi-factory
barrus;126;1;Kompo 2;Kompo 2;
barrus;136;1;Kuivatid;Kuivatid;
barrus;142;1;Kuivatid;Kuivatid;
barrus;143;1;Saeveski;Saeveski;
barrus;144;1;Kuivatid;Kuivatid;
barrus;146;2;Kompo 1, Kompo 3;Kompo 1, Kompo 3;multi-factory
barrus;147;1;Saeveski;Saeveski;
barrus;148;1;Saeveski;Saeveski;
barrus;152;2;Kompo 2, Komponent;Kompo 2, Komponent;multi-factory
barrus;163;1;Kompo 3;Kompo 3;
barrus;165;1;Saeveski;Saeveski;
barrus;166;1;Saeveski;Saeveski;
barrus;169;2;Kompo 2, Komponent;Kompo 2, Komponent;multi-factory
barrus;171;1;Kompo 3;Kompo 3;
barrus;172;2;Kompo 1, Kompo 3;Kompo 1, Kompo 3;multi-factory
barrus;177;1;Kompo 1;Kompo 1;
barrus;179;1;Kompo JT;Kompo JT;
barrus;184;1;Kompo JT;Kompo JT;
barrus;191;1;Kompo JT;Kompo JT;
barrus;199;1;Kompo JT;Kompo JT;
barrus;200;1;Kompo JT;Kompo JT;
barrus;205;1;Kompo JT;Kompo JT;
barrus;206;1;Kompo 3;Kompo 3;
barrus;207;1;Kompo 2;Kompo 2;
barrus;208;1;Saeveski;Saeveski;
barrus;213;1;Saeveski;Saeveski;
barrus;221;1;Kompo 3;Kompo 3;
barrus;244;1;Kompo 2;Kompo 2;
barrus;245;1;Kompo JT;Kompo JT;
barrus;248;1;Kompo 2;Kompo 2;
barrus;249;1;Tehnikakeskus;Tehnikakeskus;
barrus;250;1;Tehnikakeskus;Tehnikakeskus;
barrus;252;1;Tehnikakeskus;Tehnikakeskus;
barrus;253;1;Kompo JT;Kompo JT;
barrus;255;1;Kompo JT;Kompo JT;
barrus;257;1;Kompo 3;Kompo 3;
barrus;258;2;Kompo 1, Kompo 3;Kompo 1, Kompo 3;multi-factory
barrus;259;1;Tehnikakeskus;Tehnikakeskus;
barrus;260;1;Kompo 3;Kompo 3;
barrus;264;1;Saeveski;Saeveski;
barrus;265;1;Saeveski;Saeveski;
barrus;266;2;Kuivatid, Saeveski;Kuivatid, Saeveski;multi-factory
barrus;267;1;Saeveski;Saeveski;
barrus;268;1;Saeveski;Saeveski;
barrus;269;1;Saeveski;Saeveski;
barrus;270;1;Saeveski;Saeveski;
barrus;271;1;Kompo 1;Kompo 1;
barrus;275;1;Saeveski;Saeveski;
barrus;279;1;Komponent;Komponent;
barrus;281;1;Saeveski;Saeveski;
barrus;282;1;Saeveski;Saeveski;
barrus;283;1;Kompo JT;Kompo JT;
barrus;284;1;Kompo JT;Kompo JT;
barrus;285;1;Kompo 3;Kompo 3;
barrus;286;1;Kompo JT;Kompo JT;
barrus;287;1;Kompo 3;Kompo 3;
barrus;288;1;Kompo 3;Kompo 3;
barrus;289;1;Saeveski;Saeveski;
barrus;291;1;Kompo JT;Kompo JT;
barrus;292;1;Kompo JT;Kompo JT;
barrus;293;1;Saeveski;Saeveski;
barrus;294;1;Kompo JT;Kompo JT;
terracreta;1;1;Terracreta;Terracreta;
terracreta;3;1;Terracreta;Terracreta;
terracreta;4;1;Terracreta;Terracreta;
ojoindustries;1;1;Ojoindustries;Ojoindustries;
ojoindustries;2;1;Ojoindustries;Ojoindustries;
ojoindustries;3;1;Ojoindustries;Ojoindustries;
ojoindustries;4;1;Ojoindustries;Ojoindustries;
ojoindustries;5;1;Ojoindustries;Ojoindustries;
ojoindustries;6;1;Ojoindustries;Ojoindustries;
ojoindustries;7;1;Ojoindustries;Ojoindustries;
ojoindustries;8;1;Ojoindustries;Ojoindustries;
ojoindustries;9;1;Ojoindustries;Ojoindustries;
ojoindustries;10;1;Ojoindustries;Ojoindustries;
ojoindustries;11;1;Ojoindustries;Ojoindustries;
ojoindustries;12;1;Ojoindustries;Ojoindustries;
ojoindustries;13;1;Ojoindustries;Ojoindustries;
ojoindustries;14;1;Ojoindustries;Ojoindustries;
ojoindustries;15;1;Ojoindustries;Ojoindustries;
ojoindustries;16;1;Ojoindustries;Ojoindustries;
ojoindustries;17;1;Ojoindustries;Ojoindustries;
ojoindustries;18;1;Ojoindustries;Ojoindustries;
jindi;1;1;Default;Default;
jindi;2;1;Default;Default;
jindi;3;1;Default;Default;
jindi;4;1;Default;Default;
jindi;8;1;Default;Default;
jindi;9;1;Default;Default;
jindi;10;1;Default;Default;
jindi;11;1;Default;Default;
jindi;12;1;Default;Default;
evergreen;1;1;Liverpool;Liverpool;
evergreen;2;1;Liverpool;Liverpool;
evergreen;3;1;Liverpool;Liverpool;
evergreen;4;1;Liverpool;Liverpool;
evergreen;5;1;Liverpool;Liverpool;
evergreen;6;1;Liverpool;Liverpool;
evergreen;7;1;Liverpool;Liverpool;
evergreen;8;1;Liverpool;Liverpool;
evergreen;9;1;Liverpool;Liverpool;
rafarm;1;1;Paiania;Paiania;
rafarm;2;1;Paiania;Paiania;
rafarm;3;1;Paiania;Paiania;
vmg;13;1;SAKUONA;SAKUONA;
vmg;14;1;SAKUONA;SAKUONA;
vmg;15;1;SAKUONA;SAKUONA;
vmg;16;1;SAKUONA;SAKUONA;
vmg;17;1;KLAIPĖDOS MEDIENA;KLAIPĖDOS MEDIENA;
vmg;18;1;KLAIPĖDOS MEDIENA;KLAIPĖDOS MEDIENA;
vmg;19;1;KLAIPĖDOS MEDIENA;KLAIPĖDOS MEDIENA;
vmg;20;1;KLAIPĖDOS MEDIENA;KLAIPĖDOS MEDIENA;
vmg;21;1;KLAIPĖDOS MEDIENA;KLAIPĖDOS MEDIENA;
vmg;22;1;KLAIPĖDOS MEDIENA;KLAIPĖDOS MEDIENA;
vmg;23;1;KLAIPĖDOS MEDIENA;KLAIPĖDOS MEDIENA;
vmg;24;1;KLAIPĖDOS MEDIENA;KLAIPĖDOS MEDIENA;
vmg;25;1;KLAIPĖDOS MEDIENA;KLAIPĖDOS MEDIENA;
vmg;26;1;KLAIPĖDOS MEDIENA;KLAIPĖDOS MEDIENA;
vmg;27;1;KLAIPĖDOS MEDIENA;KLAIPĖDOS MEDIENA;
vmg;28;1;KLAIPĖDOS MEDIENA;KLAIPĖDOS MEDIENA;
vmg;29;1;KLAIPĖDOS MEDIENA;KLAIPĖDOS MEDIENA;
vmg;30;1;KLAIPĖDOS MEDIENA;KLAIPĖDOS MEDIENA;
vmg;31;1;KLAIPĖDOS MEDIENA;KLAIPĖDOS MEDIENA;
vmg;32;1;KLAIPĖDOS MEDIENA;KLAIPĖDOS MEDIENA;
vmg;33;1;KLAIPĖDOS MEDIENA;KLAIPĖDOS MEDIENA;
vmg;34;1;KLAIPĖDOS MEDIENA;KLAIPĖDOS MEDIENA;
vmg;35;1;KLAIPĖDOS MEDIENA;KLAIPĖDOS MEDIENA;
vmg;36;1;KLAIPĖDOS MEDIENA;KLAIPĖDOS MEDIENA;
vmg;37;1;KLAIPĖDOS MEDIENA;KLAIPĖDOS MEDIENA;
vmg;38;1;KLAIPĖDOS MEDIENA;KLAIPĖDOS MEDIENA;
vmg;39;1;KLAIPĖDOS MEDIENA;KLAIPĖDOS MEDIENA;
vmg;40;1;KLAIPĖDOS MEDIENA;KLAIPĖDOS MEDIENA;
vmg;41;1;KLAIPĖDOS MEDIENA;KLAIPĖDOS MEDIENA;
vmg;42;1;KLAIPĖDOS MEDIENA;KLAIPĖDOS MEDIENA;
vmg;43;1;KLAIPĖDOS MEDIENA;KLAIPĖDOS MEDIENA;
vmg;44;1;KLAIPĖDOS MEDIENA;KLAIPĖDOS MEDIENA;
vmg;45;1;KLAIPĖDOS MEDIENA;KLAIPĖDOS MEDIENA;
vmg;46;1;KLAIPĖDOS MEDIENA;KLAIPĖDOS MEDIENA;
vmg;47;1;KLAIPĖDOS MEDIENA;KLAIPĖDOS MEDIENA;
vmg;48;1;KLAIPĖDOS MEDIENA;KLAIPĖDOS MEDIENA;
vmg;49;1;KLAIPĖDOS MEDIENA;KLAIPĖDOS MEDIENA;
vmg;50;1;KLAIPĖDOS MEDIENA;KLAIPĖDOS MEDIENA;
vmg;51;1;KLAIPĖDOS MEDIENA;KLAIPĖDOS MEDIENA;
vmg;52;1;KLAIPĖDOS MEDIENA;KLAIPĖDOS MEDIENA;
vmg;53;1;KLAIPĖDOS MEDIENA;KLAIPĖDOS MEDIENA;
vmg;54;1;KLAIPĖDOS MEDIENA;KLAIPĖDOS MEDIENA;
vmg;55;1;KLAIPĖDOS MEDIENA;KLAIPĖDOS MEDIENA;
vmg;56;1;KLAIPĖDOS MEDIENA;KLAIPĖDOS MEDIENA;
vmg;57;1;KLAIPĖDOS MEDIENA;KLAIPĖDOS MEDIENA;
vmg;58;1;KLAIPĖDOS MEDIENA;KLAIPĖDOS MEDIENA;
vmg;59;1;KLAIPĖDOS MEDIENA;KLAIPĖDOS MEDIENA;
vmg;60;1;KLAIPĖDOS MEDIENA;KLAIPĖDOS MEDIENA;
vmg;61;1;KLAIPĖDOS MEDIENA;KLAIPĖDOS MEDIENA;
vmg;62;1;KLAIPĖDOS MEDIENA;KLAIPĖDOS MEDIENA;
vmg;63;1;KLAIPĖDOS MEDIENA;KLAIPĖDOS MEDIENA;
vmg;64;1;KLAIPĖDOS MEDIENA;KLAIPĖDOS MEDIENA;
vmg;65;1;KLAIPĖDOS MEDIENA;KLAIPĖDOS MEDIENA;
vmg;66;1;KLAIPĖDOS MEDIENA;KLAIPĖDOS MEDIENA;
vmg;67;1;KLAIPĖDOS MEDIENA;KLAIPĖDOS MEDIENA;
vmg;68;1;KLAIPĖDOS MEDIENA;KLAIPĖDOS MEDIENA;
vmg;69;1;KLAIPĖDOS MEDIENA;KLAIPĖDOS MEDIENA;
vmg;70;1;KLAIPĖDOS MEDIENA;KLAIPĖDOS MEDIENA;
vmg;71;1;KLAIPĖDOS MEDIENA;KLAIPĖDOS MEDIENA;
vmg;72;1;KLAIPĖDOS MEDIENA;KLAIPĖDOS MEDIENA;
vmg;73;1;KLAIPĖDOS MEDIENA;KLAIPĖDOS MEDIENA;
vmg;74;1;KLAIPĖDOS MEDIENA;KLAIPĖDOS MEDIENA;
vmg;75;1;KLAIPĖDOS MEDIENA;KLAIPĖDOS MEDIENA;
vmg;76;1;KLAIPĖDOS MEDIENA;KLAIPĖDOS MEDIENA;
vmg;77;1;KLAIPĖDOS MEDIENA;KLAIPĖDOS MEDIENA;
vmg;78;1;KLAIPĖDOS MEDIENA;KLAIPĖDOS MEDIENA;
vmg;79;1;KLAIPĖDOS MEDIENA;KLAIPĖDOS MEDIENA;
vmg;80;1;KLAIPĖDOS MEDIENA;KLAIPĖDOS MEDIENA;
vmg;81;1;KLAIPĖDOS MEDIENA;KLAIPĖDOS MEDIENA;
vmg;82;1;KLAIPĖDOS MEDIENA;KLAIPĖDOS MEDIENA;
vmg;83;1;KLAIPĖDOS MEDIENA;KLAIPĖDOS MEDIENA;
vmg;84;1;KLAIPĖDOS MEDIENA;KLAIPĖDOS MEDIENA;
vmg;85;1;KLAIPĖDOS MEDIENA;KLAIPĖDOS MEDIENA;
vmg;86;1;KLAIPĖDOS MEDIENA;KLAIPĖDOS MEDIENA;
vmg;87;1;KLAIPĖDOS MEDIENA;KLAIPĖDOS MEDIENA;
vmg;88;1;KLAIPĖDOS MEDIENA;KLAIPĖDOS MEDIENA;
vmg;89;1;KLAIPĖDOS MEDIENA;KLAIPĖDOS MEDIENA;
vmg;90;1;KLAIPĖDOS MEDIENA;KLAIPĖDOS MEDIENA;
vmg;91;1;KLAIPĖDOS MEDIENA;KLAIPĖDOS MEDIENA;
vmg;92;1;KLAIPĖDOS MEDIENA;KLAIPĖDOS MEDIENA;
vmg;93;1;KLAIPĖDOS MEDIENA;KLAIPĖDOS MEDIENA;
vmg;94;1;KLAIPĖDOS MEDIENA;KLAIPĖDOS MEDIENA;
vmg;95;1;KLAIPĖDOS MEDIENA;KLAIPĖDOS MEDIENA;
vmg;96;1;KLAIPĖDOS MEDIENA;KLAIPĖDOS MEDIENA;
vmg;97;1;KLAIPĖDOS MEDIENA;KLAIPĖDOS MEDIENA;
vmg;98;1;KLAIPĖDOS MEDIENA;KLAIPĖDOS MEDIENA;
vmg;99;1;KLAIPĖDOS MEDIENA;KLAIPĖDOS MEDIENA;
vmg;100;1;KLAIPĖDOS MEDIENA;KLAIPĖDOS MEDIENA;
vmg;101;1;KLAIPĖDOS MEDIENA;KLAIPĖDOS MEDIENA;
vmg;102;1;KLAIPĖDOS MEDIENA;KLAIPĖDOS MEDIENA;
vmg;103;1;KLAIPĖDOS MEDIENA;KLAIPĖDOS MEDIENA;
vmg;104;1;KLAIPĖDOS MEDIENA;KLAIPĖDOS MEDIENA;
vmg;105;1;KLAIPĖDOS MEDIENA;KLAIPĖDOS MEDIENA;
vmg;106;1;KLAIPĖDOS MEDIENA;KLAIPĖDOS MEDIENA;
vmg;107;1;KLAIPĖDOS MEDIENA;KLAIPĖDOS MEDIENA;
vmg;108;1;KLAIPĖDOS MEDIENA;KLAIPĖDOS MEDIENA;
vmg;109;1;KLAIPĖDOS MEDIENA;KLAIPĖDOS MEDIENA;
vmg;110;1;KLAIPĖDOS MEDIENA;KLAIPĖDOS MEDIENA;
vmg;111;1;KLAIPĖDOS MEDIENA;KLAIPĖDOS MEDIENA;
vmg;112;1;KLAIPĖDOS MEDIENA;KLAIPĖDOS MEDIENA;
vmg;113;1;KLAIPĖDOS MEDIENA;KLAIPĖDOS MEDIENA;
vmg;114;1;KLAIPĖDOS MEDIENA;KLAIPĖDOS MEDIENA;
vmg;115;1;KLAIPĖDOS MEDIENA;KLAIPĖDOS MEDIENA;
vmg;116;1;KLAIPĖDOS MEDIENA;KLAIPĖDOS MEDIENA;
vmg;117;1;KLAIPĖDOS MEDIENA;KLAIPĖDOS MEDIENA;
vmg;118;1;KLAIPĖDOS MEDIENA;KLAIPĖDOS MEDIENA;
vmg;119;1;KLAIPĖDOS MEDIENA;KLAIPĖDOS MEDIENA;
vmg;120;1;KLAIPĖDOS MEDIENA;KLAIPĖDOS MEDIENA;
vmg;121;1;KLAIPĖDOS MEDIENA;KLAIPĖDOS MEDIENA;
vmg;122;1;KLAIPĖDOS MEDIENA;KLAIPĖDOS MEDIENA;
vmg;123;1;KLAIPĖDOS MEDIENA;KLAIPĖDOS MEDIENA;
vmg;124;1;KLAIPĖDOS MEDIENA;KLAIPĖDOS MEDIENA;
vmg;125;1;KLAIPĖDOS MEDIENA;KLAIPĖDOS MEDIENA;
vmg;126;1;KLAIPĖDOS MEDIENA;KLAIPĖDOS MEDIENA;
vmg;127;1;KLAIPĖDOS MEDIENA;KLAIPĖDOS MEDIENA;
vmg;128;1;KLAIPĖDOS MEDIENA;KLAIPĖDOS MEDIENA;
vmg;129;1;KLAIPĖDOS MEDIENA;KLAIPĖDOS MEDIENA;
vmg;130;1;KLAIPĖDOS MEDIENA;KLAIPĖDOS MEDIENA;
vmg;131;1;KLAIPĖDOS MEDIENA;KLAIPĖDOS MEDIENA;
vmg;132;1;KLAIPĖDOS MEDIENA;KLAIPĖDOS MEDIENA;
vmg;133;1;KLAIPĖDOS MEDIENA;KLAIPĖDOS MEDIENA;
vmg;134;1;KLAIPĖDOS MEDIENA;KLAIPĖDOS MEDIENA;
vmg;135;1;KLAIPĖDOS MEDIENA;KLAIPĖDOS MEDIENA;
vmg;136;1;KLAIPĖDOS MEDIENA;KLAIPĖDOS MEDIENA;
vmg;137;1;KLAIPĖDOS MEDIENA;KLAIPĖDOS MEDIENA;
vmg;138;1;KLAIPĖDOS MEDIENA;KLAIPĖDOS MEDIENA;
vmg;139;1;KLAIPĖDOS MEDIENA;KLAIPĖDOS MEDIENA;
vmg;140;1;KLAIPĖDOS MEDIENA;KLAIPĖDOS MEDIENA;
vmg;141;1;KLAIPĖDOS MEDIENA;KLAIPĖDOS MEDIENA;
vmg;142;1;KLAIPĖDOS MEDIENA;KLAIPĖDOS MEDIENA;
vmg;143;1;KLAIPĖDOS MEDIENA;KLAIPĖDOS MEDIENA;
vmg;144;1;KLAIPĖDOS MEDIENA;KLAIPĖDOS MEDIENA;
vmg;145;1;KLAIPĖDOS MEDIENA;KLAIPĖDOS MEDIENA;
vmg;146;1;KLAIPĖDOS MEDIENA;KLAIPĖDOS MEDIENA;
vmg;147;1;KLAIPĖDOS MEDIENA;KLAIPĖDOS MEDIENA;
vmg;148;1;KLAIPĖDOS MEDIENA;KLAIPĖDOS MEDIENA;
vmg;149;1;KLAIPĖDOS MEDIENA;KLAIPĖDOS MEDIENA;
vmg;150;1;KLAIPĖDOS MEDIENA;KLAIPĖDOS MEDIENA;
vmg;151;1;KLAIPĖDOS MEDIENA;KLAIPĖDOS MEDIENA;
vmg;152;1;KLAIPĖDOS MEDIENA;KLAIPĖDOS MEDIENA;
vmg;153;1;KLAIPĖDOS MEDIENA;KLAIPĖDOS MEDIENA;
vmg;154;1;KLAIPĖDOS MEDIENA;KLAIPĖDOS MEDIENA;
vmg;155;1;KLAIPĖDOS MEDIENA;KLAIPĖDOS MEDIENA;
vmg;156;1;KLAIPĖDOS MEDIENA;KLAIPĖDOS MEDIENA;
vmg;157;1;KLAIPĖDOS MEDIENA;KLAIPĖDOS MEDIENA;
vmg;158;1;KLAIPĖDOS MEDIENA;KLAIPĖDOS MEDIENA;
vmg;159;1;KLAIPĖDOS MEDIENA;KLAIPĖDOS MEDIENA;
vmg;160;1;KLAIPĖDOS MEDIENA;KLAIPĖDOS MEDIENA;
vmg;161;1;KLAIPĖDOS MEDIENA;KLAIPĖDOS MEDIENA;
vmg;162;1;KLAIPĖDOS MEDIENA;KLAIPĖDOS MEDIENA;
vmg;163;1;KLAIPĖDOS MEDIENA;KLAIPĖDOS MEDIENA;
vmg;164;1;KLAIPĖDOS MEDIENA;KLAIPĖDOS MEDIENA;
vmg;165;1;KLAIPĖDOS MEDIENA;KLAIPĖDOS MEDIENA;
vmg;166;1;KLAIPĖDOS MEDIENA;KLAIPĖDOS MEDIENA;
vmg;167;1;KLAIPĖDOS MEDIENA;KLAIPĖDOS MEDIENA;
vmg;168;1;KLAIPĖDOS MEDIENA;KLAIPĖDOS MEDIENA;
vmg;169;1;KLAIPĖDOS MEDIENA;KLAIPĖDOS MEDIENA;
vmg;170;1;KLAIPĖDOS MEDIENA;KLAIPĖDOS MEDIENA;
vmg;171;1;KLAIPĖDOS MEDIENA;KLAIPĖDOS MEDIENA;
vmg;172;1;KLAIPĖDOS MEDIENA;KLAIPĖDOS MEDIENA;
vmg;173;1;KLAIPĖDOS MEDIENA;KLAIPĖDOS MEDIENA;
vmg;174;1;KLAIPĖDOS MEDIENA;KLAIPĖDOS MEDIENA;
vmg;175;1;KLAIPĖDOS MEDIENA;KLAIPĖDOS MEDIENA;
vmg;176;1;KLAIPĖDOS MEDIENA;KLAIPĖDOS MEDIENA;
vmg;177;1;KLAIPĖDOS MEDIENA;KLAIPĖDOS MEDIENA;
vmg;178;1;KLAIPĖDOS MEDIENA;KLAIPĖDOS MEDIENA;
vmg;179;1;KLAIPĖDOS MEDIENA;KLAIPĖDOS MEDIENA;
vmg;180;1;KLAIPĖDOS MEDIENA;KLAIPĖDOS MEDIENA;
vmg;181;1;KLAIPĖDOS MEDIENA;KLAIPĖDOS MEDIENA;
vmg;182;1;KLAIPĖDOS MEDIENA;KLAIPĖDOS MEDIENA;
vmg;183;1;KLAIPĖDOS MEDIENA;KLAIPĖDOS MEDIENA;
vmg;184;1;KLAIPĖDOS MEDIENA;KLAIPĖDOS MEDIENA;
vmg;185;1;KLAIPĖDOS MEDIENA;KLAIPĖDOS MEDIENA;
vmg;186;1;KLAIPĖDOS MEDIENA;KLAIPĖDOS MEDIENA;
vmg;187;1;KLAIPĖDOS MEDIENA;KLAIPĖDOS MEDIENA;
vmg;188;1;KLAIPĖDOS MEDIENA;KLAIPĖDOS MEDIENA;
vmg;189;1;KLAIPĖDOS MEDIENA;KLAIPĖDOS MEDIENA;
vmg;190;1;KLAIPĖDOS MEDIENA;KLAIPĖDOS MEDIENA;
vmg;191;1;KLAIPĖDOS MEDIENA;KLAIPĖDOS MEDIENA;
vmg;192;1;KLAIPĖDOS MEDIENA;KLAIPĖDOS MEDIENA;
vmg;193;1;KLAIPĖDOS MEDIENA;KLAIPĖDOS MEDIENA;
vmg;194;1;KLAIPĖDOS MEDIENA;KLAIPĖDOS MEDIENA;
vmg;195;1;KLAIPĖDOS MEDIENA;KLAIPĖDOS MEDIENA;
vmg;196;1;KLAIPĖDOS MEDIENA;KLAIPĖDOS MEDIENA;
vmg;197;1;KLAIPĖDOS MEDIENA;KLAIPĖDOS MEDIENA;
vmg;198;1;KLAIPĖDOS MEDIENA;KLAIPĖDOS MEDIENA;
vmg;199;1;KLAIPĖDOS MEDIENA;KLAIPĖDOS MEDIENA;
vmg;200;1;KLAIPĖDOS MEDIENA;KLAIPĖDOS MEDIENA;
vmg;201;1;KLAIPĖDOS MEDIENA;KLAIPĖDOS MEDIENA;
vmg;202;1;KLAIPĖDOS MEDIENA;KLAIPĖDOS MEDIENA;
vmg;203;1;KLAIPĖDOS MEDIENA;KLAIPĖDOS MEDIENA;
vmg;204;1;KLAIPĖDOS MEDIENA;KLAIPĖDOS MEDIENA;
vmg;205;1;KLAIPĖDOS MEDIENA;KLAIPĖDOS MEDIENA;
vmg;206;1;KLAIPĖDOS MEDIENA;KLAIPĖDOS MEDIENA;
vmg;207;1;KLAIPĖDOS MEDIENA;KLAIPĖDOS MEDIENA;
vmg;208;1;KLAIPĖDOS MEDIENA;KLAIPĖDOS MEDIENA;
vmg;209;1;KLAIPĖDOS MEDIENA;KLAIPĖDOS MEDIENA;
vmg;210;1;KLAIPĖDOS MEDIENA;KLAIPĖDOS MEDIENA;
vmg;211;1;KLAIPĖDOS MEDIENA;KLAIPĖDOS MEDIENA;
vmg;212;1;KLAIPĖDOS MEDIENA;KLAIPĖDOS MEDIENA;
vmg;213;1;KLAIPĖDOS MEDIENA;KLAIPĖDOS MEDIENA;
vmg;214;1;KLAIPĖDOS MEDIENA;KLAIPĖDOS MEDIENA;
vmg;215;1;KLAIPĖDOS MEDIENA;KLAIPĖDOS MEDIENA;
vmg;216;1;KLAIPĖDOS MEDIENA;KLAIPĖDOS MEDIENA;
vmg;217;1;KLAIPĖDOS MEDIENA;KLAIPĖDOS MEDIENA;
vmg;218;1;KLAIPĖDOS MEDIENA;KLAIPĖDOS MEDIENA;
vmg;219;1;KLAIPĖDOS MEDIENA;KLAIPĖDOS MEDIENA;
vmg;220;1;KLAIPĖDOS MEDIENA;KLAIPĖDOS MEDIENA;
vmg;221;1;KLAIPĖDOS MEDIENA;KLAIPĖDOS MEDIENA;
vmg;222;1;KLAIPĖDOS MEDIENA;KLAIPĖDOS MEDIENA;
vmg;223;1;KLAIPĖDOS MEDIENA;KLAIPĖDOS MEDIENA;
vmg;224;1;KLAIPĖDOS MEDIENA;KLAIPĖDOS MEDIENA;
vmg;225;1;KLAIPĖDOS MEDIENA;KLAIPĖDOS MEDIENA;
vmg;226;1;KLAIPĖDOS MEDIENA;KLAIPĖDOS MEDIENA;
vmg;227;1;KLAIPĖDOS MEDIENA;KLAIPĖDOS MEDIENA;
vmg;228;1;KLAIPĖDOS MEDIENA;KLAIPĖDOS MEDIENA;
vmg;229;1;KLAIPĖDOS MEDIENA;KLAIPĖDOS MEDIENA;
vmg;230;1;KLAIPĖDOS MEDIENA;KLAIPĖDOS MEDIENA;
vmg;231;1;KLAIPĖDOS MEDIENA;KLAIPĖDOS MEDIENA;
vmg;232;1;KLAIPĖDOS MEDIENA;KLAIPĖDOS MEDIENA;
vmg;233;1;KLAIPĖDOS MEDIENA;KLAIPĖDOS MEDIENA;
vmg;235;1;KLAIPĖDOS MEDIENA;KLAIPĖDOS MEDIENA;
vmg;236;1;KLAIPĖDOS MEDIENA;KLAIPĖDOS MEDIENA;
vmg;237;1;KLAIPĖDOS MEDIENA;KLAIPĖDOS MEDIENA;
vmg;238;1;KLAIPĖDOS MEDIENA;KLAIPĖDOS MEDIENA;
vmg;239;1;KLAIPĖDOS MEDIENA;KLAIPĖDOS MEDIENA;
vmg;240;1;KLAIPĖDOS MEDIENA;KLAIPĖDOS MEDIENA;
vmg;241;1;KLAIPĖDOS MEDIENA;KLAIPĖDOS MEDIENA;
vmg;242;1;KLAIPĖDOS MEDIENA;KLAIPĖDOS MEDIENA;
vmg;243;1;KLAIPĖDOS MEDIENA;KLAIPĖDOS MEDIENA;
vmg;244;1;KLAIPĖDOS MEDIENA;KLAIPĖDOS MEDIENA;
vmg;245;1;KLAIPĖDOS MEDIENA;KLAIPĖDOS MEDIENA;
vmg;246;1;KLAIPĖDOS MEDIENA;KLAIPĖDOS MEDIENA;
vmg;247;1;KLAIPĖDOS MEDIENA;KLAIPĖDOS MEDIENA;
vmg;248;1;KLAIPĖDOS MEDIENA;KLAIPĖDOS MEDIENA;
vmg;249;1;KLAIPĖDOS MEDIENA;KLAIPĖDOS MEDIENA;
vmg;250;1;KLAIPĖDOS MEDIENA;KLAIPĖDOS MEDIENA;
vmg;251;1;KLAIPĖDOS MEDIENA;KLAIPĖDOS MEDIENA;
vmg;252;1;KLAIPĖDOS MEDIENA;KLAIPĖDOS MEDIENA;
vmg;253;1;KLAIPĖDOS MEDIENA;KLAIPĖDOS MEDIENA;
vmg;254;1;KLAIPĖDOS MEDIENA;KLAIPĖDOS MEDIENA;
vmg;255;1;KLAIPĖDOS MEDIENA;KLAIPĖDOS MEDIENA;
vmg;256;1;KLAIPĖDOS MEDIENA;KLAIPĖDOS MEDIENA;
vmg;257;1;KLAIPĖDOS MEDIENA;KLAIPĖDOS MEDIENA;
vmg;258;1;KLAIPĖDOS MEDIENA;KLAIPĖDOS MEDIENA;
vmg;259;1;KLAIPĖDOS MEDIENA;KLAIPĖDOS MEDIENA;
vmg;260;1;KLAIPĖDOS MEDIENA;KLAIPĖDOS MEDIENA;
vmg;261;1;KLAIPĖDOS MEDIENA;KLAIPĖDOS MEDIENA;
vmg;262;1;KLAIPĖDOS MEDIENA;KLAIPĖDOS MEDIENA;
vmg;263;1;KLAIPĖDOS MEDIENA;KLAIPĖDOS MEDIENA;
vmg;264;1;KLAIPĖDOS MEDIENA;KLAIPĖDOS MEDIENA;
vmg;265;1;KLAIPĖDOS MEDIENA;KLAIPĖDOS MEDIENA;
vmg;266;1;KLAIPĖDOS MEDIENA;KLAIPĖDOS MEDIENA;
vmg;267;1;KLAIPĖDOS MEDIENA;KLAIPĖDOS MEDIENA;
vmg;268;1;KLAIPĖDOS MEDIENA;KLAIPĖDOS MEDIENA;
vmg;269;1;KLAIPĖDOS MEDIENA;KLAIPĖDOS MEDIENA;
vmg;270;1;KLAIPĖDOS MEDIENA;KLAIPĖDOS MEDIENA;
vmg;271;1;KLAIPĖDOS MEDIENA;KLAIPĖDOS MEDIENA;
vmg;272;1;KLAIPĖDOS MEDIENA;KLAIPĖDOS MEDIENA;
vmg;273;1;KLAIPĖDOS MEDIENA;KLAIPĖDOS MEDIENA;
vmg;274;1;KLAIPĖDOS MEDIENA;KLAIPĖDOS MEDIENA;
vmg;275;1;KLAIPĖDOS MEDIENA;KLAIPĖDOS MEDIENA;
vmg;276;1;KLAIPĖDOS MEDIENA;KLAIPĖDOS MEDIENA;
vmg;277;1;KLAIPĖDOS MEDIENA;KLAIPĖDOS MEDIENA;
vmg;278;1;KLAIPĖDOS MEDIENA;KLAIPĖDOS MEDIENA;
vmg;279;1;KLAIPĖDOS MEDIENA;KLAIPĖDOS MEDIENA;
vmg;280;1;KLAIPĖDOS MEDIENA;KLAIPĖDOS MEDIENA;
vmg;281;1;KLAIPĖDOS MEDIENA;KLAIPĖDOS MEDIENA;
vmg;282;1;KLAIPĖDOS MEDIENA;KLAIPĖDOS MEDIENA;
vmg;283;1;KLAIPĖDOS MEDIENA;KLAIPĖDOS MEDIENA;
vmg;284;1;KLAIPĖDOS MEDIENA;KLAIPĖDOS MEDIENA;
vmg;285;1;KLAIPĖDOS MEDIENA;KLAIPĖDOS MEDIENA;
vmg;286;1;KLAIPĖDOS MEDIENA;KLAIPĖDOS MEDIENA;
vmg;287;1;KLAIPĖDOS MEDIENA;KLAIPĖDOS MEDIENA;
vmg;288;1;KLAIPĖDOS MEDIENA;KLAIPĖDOS MEDIENA;
vmg;289;1;KLAIPĖDOS MEDIENA;KLAIPĖDOS MEDIENA;
vmg;290;1;KLAIPĖDOS MEDIENA;KLAIPĖDOS MEDIENA;
vmg;291;1;KLAIPĖDOS MEDIENA;KLAIPĖDOS MEDIENA;
vmg;292;1;KLAIPĖDOS MEDIENA;KLAIPĖDOS MEDIENA;
vmg;293;1;KLAIPĖDOS MEDIENA;KLAIPĖDOS MEDIENA;
vmg;294;1;KLAIPĖDOS MEDIENA;KLAIPĖDOS MEDIENA;
vmg;295;1;KLAIPĖDOS MEDIENA;KLAIPĖDOS MEDIENA;
vmg;296;1;KLAIPĖDOS MEDIENA;KLAIPĖDOS MEDIENA;
vmg;297;1;KLAIPĖDOS MEDIENA;KLAIPĖDOS MEDIENA;
vmg;298;1;KLAIPĖDOS MEDIENA;KLAIPĖDOS MEDIENA;
vmg;300;1;KLAIPĖDOS MEDIENA;KLAIPĖDOS MEDIENA;
vmg;301;1;KLAIPĖDOS MEDIENA;KLAIPĖDOS MEDIENA;
vmg;302;1;KLAIPĖDOS MEDIENA;KLAIPĖDOS MEDIENA;
vmg;303;1;KLAIPĖDOS MEDIENA;KLAIPĖDOS MEDIENA;
vmg;304;1;KLAIPĖDOS MEDIENA;KLAIPĖDOS MEDIENA;
vmg;305;1;KLAIPĖDOS MEDIENA;KLAIPĖDOS MEDIENA;
vmg;306;1;KLAIPĖDOS MEDIENA;KLAIPĖDOS MEDIENA;
vmg;307;1;KLAIPĖDOS MEDIENA;KLAIPĖDOS MEDIENA;
vmg;308;1;KLAIPĖDOS MEDIENA;KLAIPĖDOS MEDIENA;
vmg;309;1;KLAIPĖDOS MEDIENA;KLAIPĖDOS MEDIENA;
vmg;310;1;KLAIPĖDOS MEDIENA;KLAIPĖDOS MEDIENA;
vmg;311;1;KLAIPĖDOS MEDIENA;KLAIPĖDOS MEDIENA;
vmg;312;1;KLAIPĖDOS MEDIENA;KLAIPĖDOS MEDIENA;
vmg;313;1;KLAIPĖDOS MEDIENA;KLAIPĖDOS MEDIENA;
vmg;314;1;KLAIPĖDOS MEDIENA;KLAIPĖDOS MEDIENA;
vmg;315;1;KLAIPĖDOS MEDIENA;KLAIPĖDOS MEDIENA;
vmg;316;1;KLAIPĖDOS MEDIENA;KLAIPĖDOS MEDIENA;
vmg;317;1;KLAIPĖDOS MEDIENA;KLAIPĖDOS MEDIENA;
vmg;318;1;KLAIPĖDOS MEDIENA;KLAIPĖDOS MEDIENA;
vmg;319;1;KLAIPĖDOS MEDIENA;KLAIPĖDOS MEDIENA;
vmg;320;1;KLAIPĖDOS MEDIENA;KLAIPĖDOS MEDIENA;
vmg;321;1;KLAIPĖDOS MEDIENA;KLAIPĖDOS MEDIENA;
vmg;322;1;KLAIPĖDOS MEDIENA;KLAIPĖDOS MEDIENA;
vmg;323;1;KLAIPĖDOS MEDIENA;KLAIPĖDOS MEDIENA;
vmg;324;1;KLAIPĖDOS MEDIENA;KLAIPĖDOS MEDIENA;
vmg;325;1;KLAIPĖDOS MEDIENA;KLAIPĖDOS MEDIENA;
vmg;326;1;KLAIPĖDOS MEDIENA;KLAIPĖDOS MEDIENA;
vmg;327;1;KLAIPĖDOS MEDIENA;KLAIPĖDOS MEDIENA;
vmg;328;1;KLAIPĖDOS MEDIENA;KLAIPĖDOS MEDIENA;
vmg;329;1;KLAIPĖDOS MEDIENA;KLAIPĖDOS MEDIENA;
vmg;330;1;KLAIPĖDOS MEDIENA;KLAIPĖDOS MEDIENA;
vmg;331;1;KLAIPĖDOS MEDIENA;KLAIPĖDOS MEDIENA;
vmg;332;1;KLAIPĖDOS MEDIENA;KLAIPĖDOS MEDIENA;
vmg;333;1;KLAIPĖDOS MEDIENA;KLAIPĖDOS MEDIENA;
vmg;334;1;KLAIPĖDOS MEDIENA;KLAIPĖDOS MEDIENA;
vmg;335;1;KLAIPĖDOS MEDIENA;KLAIPĖDOS MEDIENA;
vmg;336;1;KLAIPĖDOS MEDIENA;KLAIPĖDOS MEDIENA;
vmg;337;1;KLAIPĖDOS MEDIENA;KLAIPĖDOS MEDIENA;
vmg;338;1;KLAIPĖDOS MEDIENA;KLAIPĖDOS MEDIENA;
vmg;339;1;KLAIPĖDOS MEDIENA;KLAIPĖDOS MEDIENA;
vmg;340;1;KLAIPĖDOS MEDIENA;KLAIPĖDOS MEDIENA;
vmg;341;1;KLAIPĖDOS MEDIENA;KLAIPĖDOS MEDIENA;
vmg;342;1;KLAIPĖDOS MEDIENA;KLAIPĖDOS MEDIENA;
vmg;343;1;KLAIPĖDOS MEDIENA;KLAIPĖDOS MEDIENA;
vmg;344;1;KLAIPĖDOS MEDIENA;KLAIPĖDOS MEDIENA;
vmg;345;1;KLAIPĖDOS MEDIENA;KLAIPĖDOS MEDIENA;
vmg;346;1;KLAIPĖDOS MEDIENA;KLAIPĖDOS MEDIENA;
vmg;347;1;KLAIPĖDOS MEDIENA;KLAIPĖDOS MEDIENA;
vmg;348;1;KLAIPĖDOS MEDIENA;KLAIPĖDOS MEDIENA;
vmg;349;1;KLAIPĖDOS MEDIENA;KLAIPĖDOS MEDIENA;
vmg;350;1;KLAIPĖDOS MEDIENA;KLAIPĖDOS MEDIENA;
vmg;351;1;KLAIPĖDOS MEDIENA;KLAIPĖDOS MEDIENA;
vmg;352;1;KLAIPĖDOS MEDIENA;KLAIPĖDOS MEDIENA;
vmg;353;1;KLAIPĖDOS MEDIENA;KLAIPĖDOS MEDIENA;
vmg;354;1;KLAIPĖDOS MEDIENA;KLAIPĖDOS MEDIENA;
vmg;355;1;KLAIPĖDOS MEDIENA;KLAIPĖDOS MEDIENA;
vmg;356;1;KLAIPĖDOS MEDIENA;KLAIPĖDOS MEDIENA;
vmg;357;1;KLAIPĖDOS MEDIENA;KLAIPĖDOS MEDIENA;
vmg;358;1;KLAIPĖDOS MEDIENA;KLAIPĖDOS MEDIENA;
vmg;359;1;KLAIPĖDOS MEDIENA;KLAIPĖDOS MEDIENA;
vmg;360;1;KLAIPĖDOS MEDIENA;KLAIPĖDOS MEDIENA;
vmg;361;1;KLAIPĖDOS MEDIENA;KLAIPĖDOS MEDIENA;
vmg;362;1;KLAIPĖDOS MEDIENA;KLAIPĖDOS MEDIENA;
vmg;363;1;KLAIPĖDOS MEDIENA;KLAIPĖDOS MEDIENA;
vmg;364;1;KLAIPĖDOS MEDIENA;KLAIPĖDOS MEDIENA;
vmg;365;1;KLAIPĖDOS MEDIENA;KLAIPĖDOS MEDIENA;
vmg;366;1;KLAIPĖDOS MEDIENA;KLAIPĖDOS MEDIENA;
vmg;367;1;KLAIPĖDOS MEDIENA;KLAIPĖDOS MEDIENA;
vmg;368;1;KLAIPĖDOS MEDIENA;KLAIPĖDOS MEDIENA;
vmg;369;1;KLAIPĖDOS MEDIENA;KLAIPĖDOS MEDIENA;
vmg;370;1;KLAIPĖDOS MEDIENA;KLAIPĖDOS MEDIENA;
vmg;371;1;KLAIPĖDOS MEDIENA;KLAIPĖDOS MEDIENA;
vmg;372;1;KLAIPĖDOS MEDIENA;KLAIPĖDOS MEDIENA;
vmg;373;1;KLAIPĖDOS MEDIENA;KLAIPĖDOS MEDIENA;
vmg;374;1;KLAIPĖDOS MEDIENA;KLAIPĖDOS MEDIENA;
vmg;375;1;KLAIPĖDOS MEDIENA;KLAIPĖDOS MEDIENA;
vmg;376;1;KLAIPĖDOS MEDIENA;KLAIPĖDOS MEDIENA;
vmg;377;1;KLAIPĖDOS MEDIENA;KLAIPĖDOS MEDIENA;
vmg;378;1;KLAIPĖDOS MEDIENA;KLAIPĖDOS MEDIENA;
vmg;379;1;KLAIPĖDOS MEDIENA;KLAIPĖDOS MEDIENA;
vmg;380;1;KLAIPĖDOS MEDIENA;KLAIPĖDOS MEDIENA;
vmg;381;1;KLAIPĖDOS MEDIENA;KLAIPĖDOS MEDIENA;
vmg;382;1;KLAIPĖDOS MEDIENA;KLAIPĖDOS MEDIENA;
vmg;383;1;KLAIPĖDOS MEDIENA;KLAIPĖDOS MEDIENA;
vmg;384;1;KLAIPĖDOS MEDIENA;KLAIPĖDOS MEDIENA;
vmg;385;1;KLAIPĖDOS MEDIENA;KLAIPĖDOS MEDIENA;
vmg;386;1;KLAIPĖDOS MEDIENA;KLAIPĖDOS MEDIENA;
vmg;387;1;KLAIPĖDOS MEDIENA;KLAIPĖDOS MEDIENA;
vmg;388;1;KLAIPĖDOS MEDIENA;KLAIPĖDOS MEDIENA;
vmg;389;1;KLAIPĖDOS MEDIENA;KLAIPĖDOS MEDIENA;
vmg;390;1;KLAIPĖDOS MEDIENA;KLAIPĖDOS MEDIENA;
vmg;391;1;KLAIPĖDOS MEDIENA;KLAIPĖDOS MEDIENA;
vmg;392;1;KLAIPĖDOS MEDIENA;KLAIPĖDOS MEDIENA;
vmg;393;1;KLAIPĖDOS MEDIENA;KLAIPĖDOS MEDIENA;
vmg;394;1;KLAIPĖDOS MEDIENA;KLAIPĖDOS MEDIENA;
vmg;395;1;KLAIPĖDOS MEDIENA;KLAIPĖDOS MEDIENA;
vmg;396;1;KLAIPĖDOS MEDIENA;KLAIPĖDOS MEDIENA;
vmg;397;1;KLAIPĖDOS MEDIENA;KLAIPĖDOS MEDIENA;
vmg;398;1;KLAIPĖDOS MEDIENA;KLAIPĖDOS MEDIENA;
vmg;399;1;KLAIPĖDOS MEDIENA;KLAIPĖDOS MEDIENA;
vmg;400;1;KLAIPĖDOS MEDIENA;KLAIPĖDOS MEDIENA;
vmg;401;1;KLAIPĖDOS MEDIENA;KLAIPĖDOS MEDIENA;
vmg;402;1;KLAIPĖDOS MEDIENA;KLAIPĖDOS MEDIENA;
vmg;403;1;KLAIPĖDOS MEDIENA;KLAIPĖDOS MEDIENA;
vmg;404;1;KLAIPĖDOS MEDIENA;KLAIPĖDOS MEDIENA;
vmg;405;1;KLAIPĖDOS MEDIENA;KLAIPĖDOS MEDIENA;
vmg;406;1;KLAIPĖDOS MEDIENA;KLAIPĖDOS MEDIENA;
vmg;407;1;KLAIPĖDOS MEDIENA;KLAIPĖDOS MEDIENA;
vmg;408;1;KLAIPĖDOS MEDIENA;KLAIPĖDOS MEDIENA;
vmg;409;1;KLAIPĖDOS MEDIENA;KLAIPĖDOS MEDIENA;
vmg;410;1;KLAIPĖDOS MEDIENA;KLAIPĖDOS MEDIENA;
vmg;411;1;KLAIPĖDOS MEDIENA;KLAIPĖDOS MEDIENA;
vmg;412;1;KLAIPĖDOS MEDIENA;KLAIPĖDOS MEDIENA;
vmg;413;1;KLAIPĖDOS MEDIENA;KLAIPĖDOS MEDIENA;
vmg;414;1;KLAIPĖDOS MEDIENA;KLAIPĖDOS MEDIENA;
vmg;415;1;KLAIPĖDOS MEDIENA;KLAIPĖDOS MEDIENA;
vmg;416;1;KLAIPĖDOS MEDIENA;KLAIPĖDOS MEDIENA;
vmg;417;1;KLAIPĖDOS MEDIENA;KLAIPĖDOS MEDIENA;
vmg;418;1;KLAIPĖDOS MEDIENA;KLAIPĖDOS MEDIENA;
vmg;419;1;KLAIPĖDOS MEDIENA;KLAIPĖDOS MEDIENA;
vmg;420;1;KLAIPĖDOS MEDIENA;KLAIPĖDOS MEDIENA;
vmg;421;1;KLAIPĖDOS MEDIENA;KLAIPĖDOS MEDIENA;
vmg;422;1;KLAIPĖDOS MEDIENA;KLAIPĖDOS MEDIENA;
vmg;423;1;KLAIPĖDOS MEDIENA;KLAIPĖDOS MEDIENA;
vmg;424;1;KLAIPĖDOS MEDIENA;KLAIPĖDOS MEDIENA;
vmg;425;1;KLAIPĖDOS MEDIENA;KLAIPĖDOS MEDIENA;
vmg;426;1;KLAIPĖDOS MEDIENA;KLAIPĖDOS MEDIENA;
vmg;427;1;KLAIPĖDOS MEDIENA;KLAIPĖDOS MEDIENA;
vmg;428;1;KLAIPĖDOS MEDIENA;KLAIPĖDOS MEDIENA;
vmg;429;1;KLAIPĖDOS MEDIENA;KLAIPĖDOS MEDIENA;
vmg;430;1;KLAIPĖDOS MEDIENA;KLAIPĖDOS MEDIENA;
vmg;431;1;KLAIPĖDOS MEDIENA;KLAIPĖDOS MEDIENA;
vmg;432;1;KLAIPĖDOS MEDIENA;KLAIPĖDOS MEDIENA;
vmg;433;1;KLAIPĖDOS MEDIENA;KLAIPĖDOS MEDIENA;
vmg;434;1;KLAIPĖDOS MEDIENA;KLAIPĖDOS MEDIENA;
vmg;435;1;KLAIPĖDOS MEDIENA;KLAIPĖDOS MEDIENA;
vmg;436;1;KLAIPĖDOS MEDIENA;KLAIPĖDOS MEDIENA;
cocacolathai;1;1;Cocacolathai;Cocacolathai;
cocacolathai;2;1;Cocacolathai;Cocacolathai;
cocacolathai;3;1;Cocacolathai;Cocacolathai;
cocacolathai;4;1;Cocacolathai;Cocacolathai;
cocacolathai;5;1;Cocacolathai;Cocacolathai;
cocacolathai;6;1;Cocacolathai;Cocacolathai;
cocacolathai;7;1;Cocacolathai;Cocacolathai;
cocacolathai;8;1;Cocacolathai;Cocacolathai;
cocacolathai;12;1;Cocacolathai;Cocacolathai;
hplushuk;5;1;Pollington 1;Pollington 1;
hplushuk;6;1;Pollington 1;Pollington 1;
hplushuk;7;1;Pollington 1;Pollington 1;
hplushuk;8;1;Pollington 1;Pollington 1;
hplushuk;9;1;Pollington 2;Pollington 2;
hplushuk;10;1;Pollington 2;Pollington 2;
hplushuk;11;1;Pollington 2;Pollington 2;
hplushuk;12;1;Pollington 2;Pollington 2;
hplushuk;13;1;Borough Green;Borough Green;
hplushuk;14;1;Borough Green;Borough Green;
hplushuk;15;1;Borough Green;Borough Green;
hplushuk;17;1;Borough Green;Borough Green;
damavand;1;1;Default;Default;
damavand;2;1;Default;Default;
damavand;3;1;Default;Default;
damavand;4;1;Default;Default;
damavand;5;1;Default;Default;
damavand;6;1;Default;Default;
damavand;9;1;Default;Default;
damavand;10;1;Default;Default;
damavand;11;1;Default;Default;
damavand;13;1;Default;Default;
damavand;14;1;Default;Default;
damavand;15;1;Default;Default;
damavand;16;1;Default;Default;
damavand;17;1;Default;Default;
damavand;18;1;Default;Default;
damavand;19;1;Default;Default;
damavand;20;1;Default;Default;
damavand;21;1;Default;Default;
damavand;22;1;Default;Default;
damavand;23;1;Default;Default;
damavand;24;1;Default;Default;
damavand;25;1;Default;Default;
damavand;26;1;Default;Default;
damavand;27;1;Default;Default;
damavand;30;1;Default;Default;
damavand;31;1;Default;Default;
damavand;32;1;Default;Default;
damavand;33;1;Default;Default;
damavand;34;1;Default;Default;
damavand;35;1;Default;Default;
damavand;36;1;Default;Default;
damavand;37;1;Default;Default;
damavand;38;1;Default;Default;
damavand;39;1;Default;Default;
damavand;40;1;Default;Default;
damavand;41;1;Default;Default;
damavand;42;1;Default;Default;
damavand;43;1;Default;Default;
damavand;44;1;Default;Default;
damavand;45;1;Default;Default;
holcim;1;1;CD. Vallejo;CD. Vallejo;
holcim;2;1;CD. Vallejo;CD. Vallejo;
holcim;3;1;CD. Vallejo;CD. Vallejo;
holcim;4;1;CD. Vallejo;CD. Vallejo;
holcim;5;1;CD San Luis Potosi;CD San Luis Potosi;
holcim;6;1;CD San Luis Potosi;CD San Luis Potosi;
holcim;7;1;CD Culiacan;CD Culiacan;
holcim;8;1;CD Culiacan;CD Culiacan;
holcim;9;1;Planta Mérida;Planta Mérida;
holcim;10;1;Planta Mérida;Planta Mérida;
holcim;11;1;Planta Mérida;Planta Mérida;
holcim;13;1;Planta Mérida;Planta Mérida;
holcim;14;1;CD Puebla;CD Puebla;
holcim;15;1;CD Puebla;CD Puebla;
holcim;16;1;CD Puebla;CD Puebla;
holcim;17;1;CD Puebla;CD Puebla;
holcim;18;1;CD Puebla;CD Puebla;
holcim;19;1;CD Zapopan;CD Zapopan;
holcim;20;1;CD Zapopan;CD Zapopan;
holcim;21;1;CD Zapopan;CD Zapopan;
holcim;22;1;CD Irapuato;CD Irapuato;
holcim;23;1;CD Irapuato;CD Irapuato;
holcim;24;1;CD Irapuato;CD Irapuato;
holcim;25;1;CD Irapuato;CD Irapuato;
holcim;26;1;CD Irapuato;CD Irapuato;
holcim;27;1;Planta Mérida;Planta Mérida;
holcim;28;1;Planta Mérida;Planta Mérida;
holcim;29;1;CD. Vallejo;CD. Vallejo;
holcim;30;1;CD. Vallejo;CD. Vallejo;
holcim;31;1;CD. Vallejo;CD. Vallejo;
holcim;32;1;CD. Vallejo;CD. Vallejo;
holcim;33;1;CD. Vallejo;CD. Vallejo;
holcim;34;1;CD. Vallejo;CD. Vallejo;
holcim;35;1;CD. Vallejo;CD. Vallejo;
holcim;36;1;CD. Vallejo;CD. Vallejo;
barillafoggia;1;1;Barillafoggia;Barillafoggia;
barillafoggia;2;1;Barillafoggia;Barillafoggia;
barillafoggia;3;1;Barillafoggia;Barillafoggia;
barillafoggia;4;1;Barillafoggia;Barillafoggia;
barillafoggia;5;1;Barillafoggia;Barillafoggia;
barillafoggia;6;1;Barillafoggia;Barillafoggia;
barillafoggia;7;1;Barillafoggia;Barillafoggia;
barillafoggia;8;1;Barillafoggia;Barillafoggia;
barillafoggia;9;1;Barillafoggia;Barillafoggia;
barillafoggia;10;1;Barillafoggia;Barillafoggia;
barillafoggia;11;1;Barillafoggia;Barillafoggia;
barillafoggia;12;1;Barillafoggia;Barillafoggia;
barillafoggia;13;1;Barillafoggia;Barillafoggia;
barillafoggia;14;1;Barillafoggia;Barillafoggia;
barillafoggia;15;1;Barillafoggia;Barillafoggia;
barillafoggia;16;1;Barillafoggia;Barillafoggia;
barillafoggia;17;1;Barillafoggia;Barillafoggia;
barillafoggia;18;1;Barillafoggia;Barillafoggia;
barillafoggia;19;1;Barillafoggia;Barillafoggia;
barillafoggia;20;1;Barillafoggia;Barillafoggia;
barillafoggia;21;1;Barillafoggia;Barillafoggia;
barillafoggia;22;1;Barillafoggia;Barillafoggia;
barillafoggia;23;1;Barillafoggia;Barillafoggia;
barillafoggia;24;1;Barillafoggia;Barillafoggia;
barillafoggia;25;1;Barillafoggia;Barillafoggia;
barillafoggia;26;1;Barillafoggia;Barillafoggia;
barillafoggia;27;1;Barillafoggia;Barillafoggia;
barillafoggia;28;1;Barillafoggia;Barillafoggia;
barillafoggia;29;1;Barillafoggia;Barillafoggia;
barillafoggia;30;1;Barillafoggia;Barillafoggia;
barillafoggia;31;1;Barillafoggia;Barillafoggia;
barillafoggia;32;1;Barillafoggia;Barillafoggia;
barillafoggia;33;1;Barillafoggia;Barillafoggia;
barillafoggia;34;1;Barillafoggia;Barillafoggia;
barillafoggia;35;1;Barillafoggia;Barillafoggia;
barillafoggia;36;1;Barillafoggia;Barillafoggia;
barillafoggia;37;1;Barillafoggia;Barillafoggia;
barillafoggia;38;1;Barillafoggia;Barillafoggia;
barillafoggia;39;1;Barillafoggia;Barillafoggia;
barillafoggia;40;1;Barillafoggia;Barillafoggia;
barillafoggia;41;1;Barillafoggia;Barillafoggia;
barillafoggia;42;1;Barillafoggia;Barillafoggia;
barillafoggia;43;1;Barillafoggia;Barillafoggia;
barillafoggia;44;1;Barillafoggia;Barillafoggia;
barillafoggia;45;1;Barillafoggia;Barillafoggia;
barillafoggia;46;1;Barillafoggia;Barillafoggia;
barillafoggia;47;1;Barillafoggia;Barillafoggia;
barillafoggia;48;1;Barillafoggia;Barillafoggia;
barillafoggia;49;1;Barillafoggia;Barillafoggia;
barillafoggia;50;1;Barillafoggia;Barillafoggia;
barillafoggia;51;1;Barillafoggia;Barillafoggia;
barillafoggia;52;1;Barillafoggia;Barillafoggia;
barillafoggia;53;1;Barillafoggia;Barillafoggia;
barillafoggia;54;1;Barillafoggia;Barillafoggia;
barillafoggia;55;1;Barillafoggia;Barillafoggia;
barillafoggia;56;1;Barillafoggia;Barillafoggia;
barillafoggia;57;1;Barillafoggia;Barillafoggia;
barillafoggia;61;1;Barillafoggia;Barillafoggia;
barillafoggia;62;1;Barillafoggia;Barillafoggia;
bwc;1;1;Bwc;Bwc;
bwc;2;1;Bwc;Bwc;
bwc;3;1;Bwc;Bwc;
bwc;4;1;Bwc;Bwc;
bwc;5;1;Bwc;Bwc;
bwc;6;1;Bwc;Bwc;
bwc;7;1;Bwc;Bwc;
bwc;8;1;Bwc;Bwc;
bwc;9;1;Bwc;Bwc;
bwc;10;1;Bwc;Bwc;
bwc;11;1;Bwc;Bwc;
bwc;12;1;Bwc;Bwc;
bwc;13;1;Bwc;Bwc;
bwc;15;1;Bwc;Bwc;
bwc;16;1;Bwc;Bwc;
bwc;20;1;Bwc;Bwc;
bwc;22;1;Bwc;Bwc;
bwc;23;1;Bwc;Bwc;
bwc;26;1;Bwc;Bwc;
bwc;28;1;Bwc;Bwc;
bwc;29;1;Bwc;Bwc;
bwc;34;1;Bwc;Bwc;
bwc;35;1;Bwc;Bwc;
bwc;37;1;Bwc;Bwc;
bwc;38;1;Bwc;Bwc;
grand;1;1;Default;Default;
grand;2;1;Default;Default;
grand;3;1;Default;Default;
grand;4;1;Default;Default;
grand;5;1;Default;Default;
grand;6;1;Default;Default;
grand;8;1;Default;Default;
grand;10;1;Default;Default;
grand;12;1;Default;Default;
teampac;1;1;Teampac;Teampac;
teampac;3;1;Teampac;Teampac;
teampac;5;1;Teampac;Teampac;
teampac;6;1;Teampac;Teampac;
teampac;7;1;Teampac;Teampac;
teampac;9;1;Teampac;Teampac;
teampac;10;1;Teampac;Teampac;
teampac;12;1;Teampac;Teampac;
teampac;16;1;Teampac;Teampac;
teampac;19;1;Teampac;Teampac;
teampac;21;1;Teampac;Teampac;
teampac;22;1;Teampac;Teampac;
teampac;23;1;Teampac;Teampac;
teampac;25;1;Teampac;Teampac;
teampac;26;1;Teampac;Teampac;
teampac;28;1;Teampac;Teampac;
teampac;30;1;Teampac;Teampac;
teampac;32;1;Teampac;Teampac;
teampac;33;1;Teampac;Teampac;
teampac;34;1;Teampac;Teampac;
teampac;37;1;Teampac;Teampac;
teampac;39;1;Teampac;Teampac;
teampac;40;1;Teampac;Teampac;
teampac;42;1;Teampac;Teampac;
teampac;43;1;Teampac;Teampac;
teampac;52;1;Teampac;Teampac;
teampac;54;1;Teampac;Teampac;
teampac;71;1;Teampac;Teampac;
teampac;84;1;Teampac;Teampac;
teampac;86;1;Teampac;Teampac;
teampac;92;1;Teampac;Teampac;
teampac;95;1;Teampac;Teampac;
teampac;101;1;Teampac;Teampac;
teampac;104;1;Teampac;Teampac;
teampac;105;1;Teampac;Teampac;
teampac;107;1;Teampac;Teampac;
teampac;109;1;Teampac;Teampac;
teampac;110;1;Teampac;Teampac;
teampac;111;1;Teampac;Teampac;
teampac;112;1;Teampac;Teampac;
teampac;113;1;Teampac;Teampac;
teampac;114;1;Teampac;Teampac;
teampac;115;1;Teampac;Teampac;
teampac;116;1;Teampac;Teampac;
teampac;118;1;Teampac;Teampac;
teampac;119;1;Teampac;Teampac;
teampac;120;1;Teampac;Teampac;
teampac;121;1;Teampac;Teampac;
teampac;124;1;Teampac;Teampac;
teampac;125;1;Teampac;Teampac;
teampac;126;1;Teampac;Teampac;
teampac;127;1;Teampac;Teampac;
teampac;128;1;Teampac;Teampac;
teampac;129;1;Teampac;Teampac;
teampac;130;1;Teampac;Teampac;
paliria;1;1;Politika;Politika;
paliria;2;1;Politika;Politika;
paliria;8;1;Bulgaria;Bulgaria;
paliria;10;1;Bulgaria;Bulgaria;
paliria;11;1;Bulgaria;Bulgaria;
paliria;16;1;Politika;Politika;
paliria;18;1;Jordan;Jordan;
paliria;23;1;Bulgaria;Bulgaria;
paliria;37;1;Politika;Politika;
paliria;40;1;Jordan;Jordan;
paliria;41;1;Jordan;Jordan;
paliria;43;1;Bulgaria;Bulgaria;
paliria;44;1;Bulgaria;Bulgaria;
paliria;47;1;Bulgaria;Bulgaria;
paliria;49;1;Bulgaria;Bulgaria;
paliria;50;1;Politika;Politika;
paliria;51;1;Bulgaria;Bulgaria;
paliria;54;1;Jordan;Jordan;
paliria;56;1;Politika;Politika;
paliria;59;1;Bulgaria;Bulgaria;
paliria;60;1;Politika;Politika;
paliria;61;1;Politika;Politika;
paliria;62;1;Politika;Politika;
paliria;63;1;Politika;Politika;
paliria;64;1;Politika;Politika;
paliria;65;1;Politika;Politika;
paliria;66;1;Politika;Politika;
paliria;67;1;Politika;Politika;
paliria;68;1;Politika;Politika;
paliria;69;1;Politika;Politika;
paliria;70;1;Bulgaria;Bulgaria;
paliria;71;1;Bulgaria;Bulgaria;
paliria;73;1;Jordan;Jordan;
paliria;74;1;Bulgaria;Bulgaria;
paliria;81;1;Politika;Politika;
paliria;82;1;Politika;Politika;
paliria;83;1;Politika;Politika;
paliria;84;1;Politika;Politika;
paliria;88;1;Bulgaria;Bulgaria;
halcor;1;1;Default;Default;
halcor;2;1;Default;Default;
halcor;3;1;Default;Default;
halcor;4;1;Default;Default;
halcor;5;1;Default;Default;
halcor;6;1;Default;Default;
halcor;8;1;Default;Default;
halcor;9;1;Default;Default;
halcor;13;1;Default;Default;
halcor;14;1;Default;Default;
nexanslaverp;1;1;Nexans La Verp;Nexans La Verp;
nexanslaverp;2;1;Nexans La Verp;Nexans La Verp;
nexanslaverp;3;1;Nexans La Verp;Nexans La Verp;
nexanslaverp;4;1;Nexans La Verp;Nexans La Verp;
nexanslaverp;5;1;Nexans La Verp;Nexans La Verp;
nexanslaverp;6;1;Nexans La Verp;Nexans La Verp;
nexanslaverp;7;1;Nexans La Verp;Nexans La Verp;
nexanslaverp;8;1;Nexans La Verp;Nexans La Verp;
nexanslaverp;9;1;Nexans La Verp;Nexans La Verp;
nexanslaverp;10;1;Nexans La Verp;Nexans La Verp;
nexanslaverp;11;1;Nexans La Verp;Nexans La Verp;
nexanslaverp;13;1;Nexans La Verp;Nexans La Verp;
nexanslaverp;14;1;Nexans La Verp;Nexans La Verp;
nexanslaverp;15;1;Nexans La Verp;Nexans La Verp;
nexanslaverp;16;1;Nexans La Verp;Nexans La Verp;
nexanslaverp;17;1;Nexans La Verp;Nexans La Verp;
poujoulat;1;1;Saint-Symphorien;Saint-Symphorien;
poujoulat;2;1;Saint-Symphorien;Saint-Symphorien;
poujoulat;3;1;Saint-Symphorien;Saint-Symphorien;
poujoulat;4;1;Saint-Symphorien;Saint-Symphorien;
tiaf;2;1;TIAF;TIAF;
tiaf;3;1;TIAF;TIAF;
tiaf;4;1;TIAF;TIAF;
tiaf;5;1;TIAF;TIAF;
tiaf;6;1;TIAF;TIAF;
tiaf;7;1;TIAF;TIAF;
tiaf;8;1;TIAF;TIAF;
tiaf;9;1;TIAF;TIAF;
papoutsanis;1;1;Default;Default;
papoutsanis;8;1;Default;Default;
papoutsanis;9;1;Default;Default;
papoutsanis;13;1;Default;Default;
papoutsanis;20;1;Default;Default;
papoutsanis;23;1;Default;Default;
papoutsanis;26;1;Default;Default;
papoutsanis;30;1;Default;Default;
papoutsanis;31;1;Default;Default;
papoutsanis;34;1;Default;Default;
papoutsanis;38;1;Default;Default;
papoutsanis;39;1;Default;Default;
papoutsanis;40;1;Default;Default;
papoutsanis;41;1;Default;Default;
papoutsanis;42;1;Default;Default;
papoutsanis;43;1;Default;Default;
papoutsanis;44;1;Default;Default;
papoutsanis;45;1;Default;Default;
papoutsanis;49;1;Default;Default;
papoutsanis;50;1;Default;Default;
papoutsanis;52;1;Default;Default;
papoutsanis;53;1;Default;Default;
papoutsanis;54;1;Default;Default;
papoutsanis;55;1;Default;Default;
papoutsanis;58;1;Default;Default;
papoutsanis;59;1;Default;Default;
papoutsanis;60;1;Default;Default;
papoutsanis;61;1;Default;Default;
papoutsanis;64;1;Default;Default;
papoutsanis;65;1;Default;Default;
papoutsanis;68;1;Default;Default;
papoutsanis;69;1;Default;Default;
papoutsanis;72;1;Default;Default;
papoutsanis;75;1;Default;Default;
papoutsanis;83;1;Default;Default;
papoutsanis;84;1;Default;Default;
papoutsanis;85;1;Default;Default;
papoutsanis;88;1;Default;Default;
papoutsanis;89;1;Default;Default;
papoutsanis;90;1;Default;Default;
papoutsanis;91;1;Default;Default;
papoutsanis;92;1;Default;Default;
papoutsanis;94;1;Default;Default;
papoutsanis;98;1;Default;Default;
papoutsanis;101;1;Default;Default;
papoutsanis;105;1;Default;Default;
papoutsanis;109;1;Default;Default;
papoutsanis;118;1;Default;Default;
papoutsanis;129;1;Default;Default;
papoutsanis;130;1;Default;Default;
papoutsanis;131;1;Default;Default;
papoutsanis;135;1;Default;Default;
papoutsanis;137;1;Default;Default;
papoutsanis;138;1;Default;Default;
papoutsanis;139;1;Default;Default;
papoutsanis;140;1;Default;Default;
papoutsanis;143;1;Default;Default;
papoutsanis;144;1;Default;Default;
papoutsanis;146;1;Default;Default;
papoutsanis;152;1;Default;Default;
papoutsanis;154;1;Default;Default;
papoutsanis;155;1;Default;Default;
papoutsanis;156;1;Default;Default;
papoutsanis;157;1;Default;Default;
papoutsanis;159;1;Default;Default;
papoutsanis;161;1;Default;Default;
papoutsanis;162;1;Default;Default;
papoutsanis;163;1;Default;Default;
sotherma;1;1;Sidi Harazem;Sidi Harazem;
sotherma;2;1;Sidi Harazem;Sidi Harazem;
sotherma;3;1;Sidi Harazem;Sidi Harazem;
sotherma;4;1;Sidi Harazem;Sidi Harazem;
sotherma;5;1;Sidi Harazem;Sidi Harazem;
sotherma;6;1;Sidi Harazem;Sidi Harazem;
sotherma;7;1;Sidi Harazem;Sidi Harazem;
sotherma;8;1;Sidi Harazem;Sidi Harazem;
sotherma;9;1;Sidi Harazem;Sidi Harazem;
sotherma;10;1;Sidi Harazem;Sidi Harazem;
sotherma;11;1;Sidi Harazem;Sidi Harazem;
sotherma;12;1;Sidi Harazem;Sidi Harazem;
sotherma;13;1;Sidi Harazem;Sidi Harazem;
sotherma;14;1;Sidi Harazem;Sidi Harazem;
sotherma;16;1;Sidi Harazem;Sidi Harazem;
sotherma;17;1;Sidi Harazem;Sidi Harazem;
sotherma;18;1;Sidi Harazem;Sidi Harazem;
sotherma;20;1;Sidi Harazem;Sidi Harazem;
sotherma;21;1;Sidi Harazem;Sidi Harazem;
sotherma;22;1;Ain Saiss;Ain Saiss;
sotherma;23;1;Ain Saiss;Ain Saiss;
sotherma;24;1;Ain Saiss;Ain Saiss;
sotherma;25;1;Ain Saiss;Ain Saiss;
sotherma;26;1;Ain Saiss;Ain Saiss;
sotherma;27;1;Ain Saiss;Ain Saiss;
sotherma;28;1;Ain Saiss;Ain Saiss;
sotherma;29;1;Ain Saiss;Ain Saiss;
sotherma;30;1;Ain Saiss;Ain Saiss;
sotherma;31;1;Ain Saiss;Ain Saiss;
sotherma;32;1;Ain Saiss;Ain Saiss;
sotherma;33;1;Ain Saiss;Ain Saiss;
sotherma;34;1;Ain Saiss;Ain Saiss;
sotherma;35;1;Ain Saiss;Ain Saiss;
sotherma;36;1;Ain Saiss;Ain Saiss;
sotherma;37;1;Ain Saiss;Ain Saiss;
sotherma;38;1;Ain Saiss;Ain Saiss;
sotherma;39;1;Ain Saiss;Ain Saiss;
sotherma;40;1;Ain Saiss;Ain Saiss;
sotherma;41;1;Ain Saiss;Ain Saiss;
sotherma;42;1;Ain Saiss;Ain Saiss;
sotherma;43;1;Ain Saiss;Ain Saiss;
sotherma;44;1;Ain Saiss;Ain Saiss;
sotherma;45;1;Ain Saiss;Ain Saiss;
mailis;1;1;Default;Default;
mailis;2;1;Default;Default;
mailis;3;1;Default;Default;
mailis;4;1;Default;Default;
mailis;5;1;Default;Default;
mailis;6;1;Default;Default;
mailis;8;1;Default;Default;
mailis;9;1;Default;Default;
mailis;10;1;Default;Default;
mailis;11;1;Default;Default;
mailis;12;1;Default;Default;
mailis;13;1;Default;Default;
mailis;14;1;Default;Default;
mailis;15;1;Default;Default;
mailis;16;1;Default;Default;
mailis;17;1;Default;Default;
mailis;18;1;Default;Default;
mailis;19;1;Default;Default;
mailis;20;1;Default;Default;
mailis;22;1;Default;Default;
mailis;23;1;Default;Default;
mailis;24;1;Default;Default;
mailis;26;1;Default;Default;
mailis;27;1;Default;Default;
mailis;28;1;Default;Default;
mailis;29;1;Default;Default;
mailis;30;1;Default;Default;
mailis;31;1;Default;Default;
mailis;32;1;Default;Default;
mailis;33;1;Default;Default;
mailis;34;1;Default;Default;
mailis;35;1;Default;Default;
mailis;36;1;Default;Default;
mailis;37;1;Default;Default;
toftan;2;1;Toftan 2;Toftan 2;
toftan;3;1;Toftan 2;Toftan 2;
toftan;5;1;Toftan 2;Toftan 2;
toftan;8;1;Toftan 2;Toftan 2;
toftan;13;2;Toftan 1, Toftan 2;Toftan 1, Toftan 2;multi-factory
toftan;14;2;Toftan 1 kuivatid, Toftan 2 kuivatid;Toftan 1 kuivatid, Toftan 2 kuivatid;multi-factory
toftan;15;2;Toftan 1 kuivatid, Toftan 2 kuivatid;Toftan 1 kuivatid, Toftan 2 kuivatid;multi-factory
toftan;16;2;Toftan 1 kuivatid, Toftan 2 kuivatid;Toftan 1 kuivatid, Toftan 2 kuivatid;multi-factory
toftan;17;2;Toftan 1 kuivatid, Toftan 2 kuivatid;Toftan 1 kuivatid, Toftan 2 kuivatid;multi-factory
toftan;18;1;Toftan 2 kuivatid;Toftan 2 kuivatid;
toftan;21;1;Toftan 1;Toftan 1;
toftan;24;1;Toftan 1;Toftan 1;
toftan;25;1;Toftan 1;Toftan 1;
toftan;26;1;Toftan 1;Toftan 1;
toftan;27;1;Toftan 1;Toftan 1;
toftan;28;1;Toftan 1;Toftan 1;
toftan;29;1;Toftan 1;Toftan 1;
toftan;30;1;Toftan 1;Toftan 1;
toftan;32;2;Toftan 1 kuivatid, Toftan 2 kuivatid;Toftan 1 kuivatid, Toftan 2 kuivatid;multi-factory
toftan;34;1;Toftan 1;Toftan 1;
toftan;35;2;Toftan 1, Toftan 2;Toftan 1, Toftan 2;multi-factory
toftan;36;1;Toftan 1;Toftan 1;
toftan;38;1;Toftan 1;Toftan 1;
toftan;39;1;Toftan 1;Toftan 1;
toftan;43;1;Toftan 1;Toftan 1;
toftan;44;1;Toftan 1;Toftan 1;
toftan;47;1;Toftan 1;Toftan 1;
toftan;52;1;Toftan 2;Toftan 2;
toftan;53;1;Toftan 2;Toftan 2;
toftan;57;1;Toftan 1;Toftan 1;
toftan;58;2;Toftan 1, Toftan 2;Toftan 1, Toftan 2;multi-factory
toftan;79;1;Toftan 2;Toftan 2;
toftan;81;1;Toftan 2;Toftan 2;
toftan;82;1;Toftan 2;Toftan 2;
toftan;83;2;Toftan 1, Toftan 2;Toftan 1, Toftan 2;multi-factory
toftan;84;2;Toftan 1, Toftan 2;Toftan 1, Toftan 2;multi-factory
toftan;87;1;Toftan 2;Toftan 2;
toftan;88;1;Toftan 1;Toftan 1;
toftan;91;1;Toftan 2;Toftan 2;
toftan;92;2;Toftan 1, Toftan 2;Toftan 1, Toftan 2;multi-factory
toftan;93;1;Toftan 2;Toftan 2;
toftan;94;1;Toftan 1;Toftan 1;
sarantis;3;1;Inofita Cosmetics;Inofita Cosmetics;
sarantis;4;1;Inofita Cosmetics;Inofita Cosmetics;
sarantis;7;0;;;no stations, no factory - needs a decision
sarantis;10;0;;;no stations, no factory - needs a decision
sarantis;11;1;Inofita HH;Inofita HH;
sarantis;12;1;Inofita HH;Inofita HH;
sarantis;13;1;Inofita HH;Inofita HH;
sarantis;14;1;Inofita HH;Inofita HH;
sarantis;19;1;Kaniv;Kaniv;
sarantis;22;1;Kaniv;Kaniv;
sarantis;26;1;Kaniv;Kaniv;
sarantis;27;1;Kaniv;Kaniv;
sarantis;29;1;Kaniv;Kaniv;
sarantis;31;1;Inofita HH;Inofita HH;
sarantis;32;1;Inofita HH;Inofita HH;
sarantis;34;1;Inofita Cosmetics;Inofita Cosmetics;
sarantis;35;1;Inofita Cosmetics;Inofita Cosmetics;
sarantis;36;1;Inofita Cosmetics;Inofita Cosmetics;
sarantis;37;1;Inofita Cosmetics;Inofita Cosmetics;
sarantis;38;1;Inofita Cosmetics;Inofita Cosmetics;
sarantis;39;1;Inofita Cosmetics;Inofita Cosmetics;
sarantis;41;1;Inofita Cosmetics;Inofita Cosmetics;
sarantis;42;1;Inofita Cosmetics;Inofita Cosmetics;
sarantis;43;1;Inofita Cosmetics;Inofita Cosmetics;
sarantis;44;1;Inofita Cosmetics;Inofita Cosmetics;
sarantis;45;1;Inofita Cosmetics;Inofita Cosmetics;
sarantis;46;1;Inofita Cosmetics;Inofita Cosmetics;
sarantis;47;1;Inofita Cosmetics;Inofita Cosmetics;
sarantis;60;0;;;no stations, no factory - needs a decision
sarantis;64;1;Kaniv;Kaniv;
sarantis;65;1;Kaniv;Kaniv;
sarantis;66;1;Kaniv;Kaniv;
sarantis;67;1;Kaniv;Kaniv;
sarantis;68;1;Kaniv;Kaniv;
sarantis;72;0;;;no stations, no factory - needs a decision
sarantis;73;1;Inofita HH;Inofita HH;
sarantis;75;1;Inofita Cosmetics;Inofita Cosmetics;
sarantis;77;1;Inofita Cosmetics;Inofita Cosmetics;
sarantis;78;1;Inofita Cosmetics;Inofita Cosmetics;
sarantis;79;1;Inofita Cosmetics;Inofita Cosmetics;
sarantis;80;1;Inofita Cosmetics;Inofita Cosmetics;
sarantis;81;1;Inofita Cosmetics;Inofita Cosmetics;
sarantis;82;1;Inofita Cosmetics;Inofita Cosmetics;
sarantis;83;1;Inofita Cosmetics;Inofita Cosmetics;
sarantis;85;1;Inofita Cosmetics;Inofita Cosmetics;
sarantis;86;1;Inofita Cosmetics;Inofita Cosmetics;
sarantis;88;1;Inofita Cosmetics;Inofita Cosmetics;
sarantis;89;1;Inofita Cosmetics;Inofita Cosmetics;
sarantis;90;1;Inofita Cosmetics;Inofita Cosmetics;
sarantis;91;1;Inofita Cosmetics;Inofita Cosmetics;
sarantis;93;1;Inofita Cosmetics;Inofita Cosmetics;
sarantis;94;1;Inofita Cosmetics;Inofita Cosmetics;
sarantis;95;1;Inofita Cosmetics;Inofita Cosmetics;
sarantis;96;1;Inofita Cosmetics;Inofita Cosmetics;
sarantis;98;1;Inofita Cosmetics;Inofita Cosmetics;
sarantis;99;1;Inofita Cosmetics;Inofita Cosmetics;
sarantis;100;1;Inofita Cosmetics;Inofita Cosmetics;
sarantis;101;1;Inofita Cosmetics;Inofita Cosmetics;
sarantis;102;1;Inofita Cosmetics;Inofita Cosmetics;
sarantis;103;1;Inofita Cosmetics;Inofita Cosmetics;
sarantis;104;1;Inofita Cosmetics;Inofita Cosmetics;
sarantis;105;1;Inofita Cosmetics;Inofita Cosmetics;
sarantis;106;1;Inofita Cosmetics;Inofita Cosmetics;
sarantis;107;1;Inofita Cosmetics;Inofita Cosmetics;
sarantis;109;1;Inofita Cosmetics;Inofita Cosmetics;
sarantis;113;0;;;no stations, no factory - needs a decision
sarantis;114;0;;;no stations, no factory - needs a decision
sarantis;120;1;Kaniv;Kaniv;
sarantis;121;1;Kaniv;Kaniv;
sarantis;122;1;Kaniv;Kaniv;
sarantis;123;1;Kaniv;Kaniv;
sarantis;124;1;Kaniv;Kaniv;
sarantis;125;1;Kaniv;Kaniv;
sarantis;126;1;Kaniv;Kaniv;
sarantis;127;1;Kaniv;Kaniv;
sarantis;128;1;Kaniv;Kaniv;
sarantis;130;1;Kaniv;Kaniv;
sarantis;132;1;Inofita Cosmetics;Inofita Cosmetics;
sarantis;133;1;Inofita HH;Inofita HH;
sarantis;134;0;;;no stations, no factory - needs a decision
sarantis;135;1;Kaniv;Kaniv;
sarantis;138;0;;;no stations, no factory - needs a decision
sarantis;139;0;;;no stations, no factory - needs a decision
sarantis;141;0;;;no stations, no factory - needs a decision
sarantis;142;1;Inofita Cosmetics;Inofita Cosmetics;
sarantis;148;2;Inofita Cosmetics, Inofita HH;Inofita Cosmetics, Inofita HH;multi-factory
sarantis;155;1;Inofita Cosmetics;Inofita Cosmetics;
sarantis;158;1;Inofita Cosmetics;Inofita Cosmetics;
sarantis;160;1;Inofita HH;Inofita HH;
sarantis;162;1;Inofita HH;Inofita HH;
sarantis;164;1;Inofita HH;Inofita HH;
sarantis;166;1;Inofita Cosmetics;Inofita Cosmetics;
sarantis;167;0;;;no stations, no factory - needs a decision
sarantis;168;1;Inofita HH;Inofita HH;
sarantis;169;1;Inofita Cosmetics;Inofita Cosmetics;
sarantis;174;1;Inofita Cosmetics;Inofita Cosmetics;
sarantis;176;1;Inofita HH;Inofita HH;
sarantis;177;1;Inofita HH;Inofita HH;
sarantis;187;1;Inofita Cosmetics;Inofita Cosmetics;
sarantis;188;1;Inofita Cosmetics;Inofita Cosmetics;
sarantis;189;1;Inofita HH;Inofita HH;
sarantis;190;1;Inofita HH;Inofita HH;
sarantis;191;1;Inofita HH;Inofita HH;
sarantis;194;0;;;no stations, no factory - needs a decision
sarantis;195;0;;;no stations, no factory - needs a decision
sarantis;196;0;;;no stations, no factory - needs a decision
sarantis;199;1;Inofita HH;Inofita HH;
sarantis;200;1;Inofita HH;Inofita HH;
sarantis;202;1;Inofita HH;Inofita HH;
sarantis;203;1;Inofita HH;Inofita HH;
sarantis;205;1;Inofita HH;Inofita HH;
sarantis;208;1;Inofita Cosmetics;Inofita Cosmetics;
sarantis;209;1;Inofita Cosmetics;Inofita Cosmetics;
sarantis;210;1;Inofita Cosmetics;Inofita Cosmetics;
sarantis;211;1;Inofita Cosmetics;Inofita Cosmetics;
sarantis;212;1;Inofita HH;Inofita HH;
sarantis;213;0;;;no stations, no factory - needs a decision
sarantis;214;1;Inofita HH;Inofita HH;
sarantis;215;1;Inofita HH;Inofita HH;
sarantis;216;1;Inofita HH;Inofita HH;
sarantis;218;1;Inofita HH;Inofita HH;
sarantis;220;1;Inofita HH;Inofita HH;
sarantis;222;1;Inofita HH;Inofita HH;
sarantis;223;1;Inofita Cosmetics;Inofita Cosmetics;
sarantis;224;1;Inofita Cosmetics;Inofita Cosmetics;
sarantis;226;1;Inofita HH;Inofita HH;
sarantis;227;1;Inofita HH;Inofita HH;
sarantis;228;1;Inofita HH;Inofita HH;
sarantis;230;1;Inofita Cosmetics;Inofita Cosmetics;
sarantis;231;1;Inofita HH;Inofita HH;
sarantis;232;1;Inofita HH;Inofita HH;
sarantis;234;1;Inofita Cosmetics;Inofita Cosmetics;
sarantis;235;1;Inofita Cosmetics;Inofita Cosmetics;
sarantis;240;1;Inofita HH;Inofita HH;
sarantis;244;1;Inofita HH;Inofita HH;
sarantis;246;1;Inofita HH;Inofita HH;
sarantis;247;1;Kaniv;Kaniv;
agrohellas;3;1;Default;Default;
agrohellas;5;1;Default;Default;
agrohellas;7;1;Default;Default;
agrohellas;22;1;Default;Default;
agrohellas;26;1;Default;Default;
agrohellas;27;1;Default;Default;
agrohellas;28;1;Default;Default;
agrohellas;29;1;Default;Default;
agrohellas;30;1;Default;Default;
haliburtonforest;1;1;Haliburton Forest Sawmill;Haliburton Forest Sawmill;
wendre;16;2;Wendre - Lina, Wendre - Rääma;Wendre - Lina, Wendre - Rääma;multi-factory
wendre;20;2;Wendre - Lina, Wendre - Rääma;Wendre - Lina, Wendre - Rääma;multi-factory
wendre;21;2;Wendre - Lina, Wendre - Rääma;Wendre - Lina, Wendre - Rääma;multi-factory
wendre;23;2;Wendre - Lina, Wendre - Rääma;Wendre - Lina, Wendre - Rääma;multi-factory
wendre;24;2;Wendre - Lina, Wendre - Rääma;Wendre - Lina, Wendre - Rääma;multi-factory
wendre;25;2;Wendre - Lina, Wendre - Rääma;Wendre - Lina, Wendre - Rääma;multi-factory
wendre;26;2;Wendre - Lina, Wendre - Rääma;Wendre - Lina, Wendre - Rääma;multi-factory
wendre;27;2;Wendre - Lina, Wendre - Rääma;Wendre - Lina, Wendre - Rääma;multi-factory
wendre;28;2;Wendre - Lina, Wendre - Rääma;Wendre - Lina, Wendre - Rääma;multi-factory
wendre;30;2;Wendre - Lina, Wendre - Rääma;Wendre - Lina, Wendre - Rääma;multi-factory
wendre;32;2;Wendre - Lina, Wendre - Rääma;Wendre - Lina, Wendre - Rääma;multi-factory
wendre;37;2;Wendre - Lina, Wendre - Rääma;Wendre - Lina, Wendre - Rääma;multi-factory
wendre;40;2;Wendre - Lina, Wendre - Rääma;Wendre - Lina, Wendre - Rääma;multi-factory
wendre;42;2;Wendre - Lina, Wendre - Rääma;Wendre - Lina, Wendre - Rääma;multi-factory
wendre;43;2;Wendre - Lina, Wendre - Rääma;Wendre - Lina, Wendre - Rääma;multi-factory
wendre;45;2;Wendre - Lina, Wendre - Rääma;Wendre - Lina, Wendre - Rääma;multi-factory
wendre;47;2;Wendre - Lina, Wendre - Rääma;Wendre - Lina, Wendre - Rääma;multi-factory
wendre;48;2;Wendre - Lina, Wendre - Rääma;Wendre - Lina, Wendre - Rääma;multi-factory
wendre;49;2;Wendre - Lina, Wendre - Rääma;Wendre - Lina, Wendre - Rääma;multi-factory
wendre;51;2;Wendre - Lina, Wendre - Rääma;Wendre - Lina, Wendre - Rääma;multi-factory
wendre;52;2;Wendre - Lina, Wendre - Rääma;Wendre - Lina, Wendre - Rääma;multi-factory
wendre;53;2;Wendre - Lina, Wendre - Rääma;Wendre - Lina, Wendre - Rääma;multi-factory
wendre;54;2;Wendre - Lina, Wendre - Rääma;Wendre - Lina, Wendre - Rääma;multi-factory
wendre;57;2;Wendre - Lina, Wendre - Rääma;Wendre - Lina, Wendre - Rääma;multi-factory
wendre;58;2;Wendre - Lina, Wendre - Rääma;Wendre - Lina, Wendre - Rääma;multi-factory
wendre;60;2;Wendre - Lina, Wendre - Rääma;Wendre - Lina, Wendre - Rääma;multi-factory
wendre;61;2;Wendre - Lina, Wendre - Rääma;Wendre - Lina, Wendre - Rääma;multi-factory
wendre;62;2;Wendre - Lina, Wendre - Rääma;Wendre - Lina, Wendre - Rääma;multi-factory
wendre;63;2;Wendre - Lina, Wendre - Rääma;Wendre - Lina, Wendre - Rääma;multi-factory
wendre;65;2;Wendre - Lina, Wendre - Rääma;Wendre - Lina, Wendre - Rääma;multi-factory
wendre;66;2;Wendre - Lina, Wendre - Rääma;Wendre - Lina, Wendre - Rääma;multi-factory
wendre;67;2;Wendre - Lina, Wendre - Rääma;Wendre - Lina, Wendre - Rääma;multi-factory
wendre;68;2;Wendre - Lina, Wendre - Rääma;Wendre - Lina, Wendre - Rääma;multi-factory
wendre;69;2;Wendre - Lina, Wendre - Rääma;Wendre - Lina, Wendre - Rääma;multi-factory
wendre;70;2;Wendre - Lina, Wendre - Rääma;Wendre - Lina, Wendre - Rääma;multi-factory
wendre;71;2;Wendre - Lina, Wendre - Rääma;Wendre - Lina, Wendre - Rääma;multi-factory
wendre;72;2;Wendre - Lina, Wendre - Rääma;Wendre - Lina, Wendre - Rääma;multi-factory
wendre;74;2;Wendre - Lina, Wendre - Rääma;Wendre - Lina, Wendre - Rääma;multi-factory
wendre;75;2;Wendre - Lina, Wendre - Rääma;Wendre - Lina, Wendre - Rääma;multi-factory
wendre;76;2;Wendre - Lina, Wendre - Rääma;Wendre - Lina, Wendre - Rääma;multi-factory
wendre;78;2;Wendre - Lina, Wendre - Rääma;Wendre - Lina, Wendre - Rääma;multi-factory
wendre;79;2;Wendre - Lina, Wendre - Rääma;Wendre - Lina, Wendre - Rääma;multi-factory
wendre;80;2;Wendre - Lina, Wendre - Rääma;Wendre - Lina, Wendre - Rääma;multi-factory
wendre;81;2;Wendre - Lina, Wendre - Rääma;Wendre - Lina, Wendre - Rääma;multi-factory
wendre;82;2;Wendre - Lina, Wendre - Rääma;Wendre - Lina, Wendre - Rääma;multi-factory
wendre;85;2;Wendre - Lina, Wendre - Rääma;Wendre - Lina, Wendre - Rääma;multi-factory
wendre;86;2;Wendre - Lina, Wendre - Rääma;Wendre - Lina, Wendre - Rääma;multi-factory
wendre;87;2;Wendre - Lina, Wendre - Rääma;Wendre - Lina, Wendre - Rääma;multi-factory
wendre;96;2;Wendre - Lina, Wendre - Rääma;Wendre - Lina, Wendre - Rääma;multi-factory
wendre;100;2;Wendre - Lina, Wendre - Rääma;Wendre - Lina, Wendre - Rääma;multi-factory
wendre;101;2;Wendre - Lina, Wendre - Rääma;Wendre - Lina, Wendre - Rääma;multi-factory
wendre;103;2;Wendre - Lina, Wendre - Rääma;Wendre - Lina, Wendre - Rääma;multi-factory
wendre;104;2;Wendre - Lina, Wendre - Rääma;Wendre - Lina, Wendre - Rääma;multi-factory
wendre;105;2;Wendre - Lina, Wendre - Rääma;Wendre - Lina, Wendre - Rääma;multi-factory
wendre;106;2;Wendre - Lina, Wendre - Rääma;Wendre - Lina, Wendre - Rääma;multi-factory
wendre;110;2;Wendre - Lina, Wendre - Rääma;Wendre - Lina, Wendre - Rääma;multi-factory
wendre;111;2;Wendre - Lina, Wendre - Rääma;Wendre - Lina, Wendre - Rääma;multi-factory
wendre;115;2;Wendre - Lina, Wendre - Rääma;Wendre - Lina, Wendre - Rääma;multi-factory
wendre;119;2;Wendre - Lina, Wendre - Rääma;Wendre - Lina, Wendre - Rääma;multi-factory
wendre;120;2;Wendre - Lina, Wendre - Rääma;Wendre - Lina, Wendre - Rääma;multi-factory
wendre;121;2;Wendre - Lina, Wendre - Rääma;Wendre - Lina, Wendre - Rääma;multi-factory
wendre;122;2;Wendre - Lina, Wendre - Rääma;Wendre - Lina, Wendre - Rääma;multi-factory
wendre;123;2;Wendre - Lina, Wendre - Rääma;Wendre - Lina, Wendre - Rääma;multi-factory
wendre;126;2;Wendre - Lina, Wendre - Rääma;Wendre - Lina, Wendre - Rääma;multi-factory
wendre;128;2;Wendre - Lina, Wendre - Rääma;Wendre - Lina, Wendre - Rääma;multi-factory
wendre;129;2;Wendre - Lina, Wendre - Rääma;Wendre - Lina, Wendre - Rääma;multi-factory
wendre;135;2;Wendre - Lina, Wendre - Rääma;Wendre - Lina, Wendre - Rääma;multi-factory
wendre;136;2;Wendre - Lina, Wendre - Rääma;Wendre - Lina, Wendre - Rääma;multi-factory
wendre;137;2;Wendre - Lina, Wendre - Rääma;Wendre - Lina, Wendre - Rääma;multi-factory
wendre;139;2;Wendre - Lina, Wendre - Rääma;Wendre - Lina, Wendre - Rääma;multi-factory
wendre;140;2;Wendre - Lina, Wendre - Rääma;Wendre - Lina, Wendre - Rääma;multi-factory
wendre;141;2;Wendre - Lina, Wendre - Rääma;Wendre - Lina, Wendre - Rääma;multi-factory
wendre;142;2;Wendre - Lina, Wendre - Rääma;Wendre - Lina, Wendre - Rääma;multi-factory
wendre;143;2;Wendre - Lina, Wendre - Rääma;Wendre - Lina, Wendre - Rääma;multi-factory
wendre;145;2;Wendre - Lina, Wendre - Rääma;Wendre - Lina, Wendre - Rääma;multi-factory
wendre;148;2;Wendre - Lina, Wendre - Rääma;Wendre - Lina, Wendre - Rääma;multi-factory
wendre;151;2;Wendre - Lina, Wendre - Rääma;Wendre - Lina, Wendre - Rääma;multi-factory
wendre;152;2;Wendre - Lina, Wendre - Rääma;Wendre - Lina, Wendre - Rääma;multi-factory
wendre;153;2;Wendre - Lina, Wendre - Rääma;Wendre - Lina, Wendre - Rääma;multi-factory
wendre;154;2;Wendre - Lina, Wendre - Rääma;Wendre - Lina, Wendre - Rääma;multi-factory
wendre;155;2;Wendre - Lina, Wendre - Rääma;Wendre - Lina, Wendre - Rääma;multi-factory
wendre;156;2;Wendre - Lina, Wendre - Rääma;Wendre - Lina, Wendre - Rääma;multi-factory
wendre;157;2;Wendre - Lina, Wendre - Rääma;Wendre - Lina, Wendre - Rääma;multi-factory
wendre;159;2;Wendre - Lina, Wendre - Rääma;Wendre - Lina, Wendre - Rääma;multi-factory
wendre;160;2;Wendre - Lina, Wendre - Rääma;Wendre - Lina, Wendre - Rääma;multi-factory
wendre;161;2;Wendre - Lina, Wendre - Rääma;Wendre - Lina, Wendre - Rääma;multi-factory
wendre;163;2;Wendre - Lina, Wendre - Rääma;Wendre - Lina, Wendre - Rääma;multi-factory
wendre;164;2;Wendre - Lina, Wendre - Rääma;Wendre - Lina, Wendre - Rääma;multi-factory
wendre;165;2;Wendre - Lina, Wendre - Rääma;Wendre - Lina, Wendre - Rääma;multi-factory
wendre;166;2;Wendre - Lina, Wendre - Rääma;Wendre - Lina, Wendre - Rääma;multi-factory
wendre;168;2;Wendre - Lina, Wendre - Rääma;Wendre - Lina, Wendre - Rääma;multi-factory
wendre;169;2;Wendre - Lina, Wendre - Rääma;Wendre - Lina, Wendre - Rääma;multi-factory
wendre;170;2;Wendre - Lina, Wendre - Rääma;Wendre - Lina, Wendre - Rääma;multi-factory
wendre;172;2;Wendre - Lina, Wendre - Rääma;Wendre - Lina, Wendre - Rääma;multi-factory
wendre;174;2;Wendre - Lina, Wendre - Rääma;Wendre - Lina, Wendre - Rääma;multi-factory
wendre;175;2;Wendre - Lina, Wendre - Rääma;Wendre - Lina, Wendre - Rääma;multi-factory
wendre;176;2;Wendre - Lina, Wendre - Rääma;Wendre - Lina, Wendre - Rääma;multi-factory
wendre;177;2;Wendre - Lina, Wendre - Rääma;Wendre - Lina, Wendre - Rääma;multi-factory
wendre;178;2;Wendre - Lina, Wendre - Rääma;Wendre - Lina, Wendre - Rääma;multi-factory
wendre;179;2;Wendre - Lina, Wendre - Rääma;Wendre - Lina, Wendre - Rääma;multi-factory
wendre;181;2;Wendre - Lina, Wendre - Rääma;Wendre - Lina, Wendre - Rääma;multi-factory
wendre;183;2;Wendre - Lina, Wendre - Rääma;Wendre - Lina, Wendre - Rääma;multi-factory
wendre;184;2;Wendre - Lina, Wendre - Rääma;Wendre - Lina, Wendre - Rääma;multi-factory
wendre;185;2;Wendre - Lina, Wendre - Rääma;Wendre - Lina, Wendre - Rääma;multi-factory
wendre;186;2;Wendre - Lina, Wendre - Rääma;Wendre - Lina, Wendre - Rääma;multi-factory
wendre;187;2;Wendre - Lina, Wendre - Rääma;Wendre - Lina, Wendre - Rääma;multi-factory
wendre;188;2;Wendre - Lina, Wendre - Rääma;Wendre - Lina, Wendre - Rääma;multi-factory
wendre;189;2;Wendre - Lina, Wendre - Rääma;Wendre - Lina, Wendre - Rääma;multi-factory
wendre;190;2;Wendre - Lina, Wendre - Rääma;Wendre - Lina, Wendre - Rääma;multi-factory
wendre;191;2;Wendre - Lina, Wendre - Rääma;Wendre - Lina, Wendre - Rääma;multi-factory
wendre;193;2;Wendre - Lina, Wendre - Rääma;Wendre - Lina, Wendre - Rääma;multi-factory
wendre;194;2;Wendre - Lina, Wendre - Rääma;Wendre - Lina, Wendre - Rääma;multi-factory
wendre;196;2;Wendre - Lina, Wendre - Rääma;Wendre - Lina, Wendre - Rääma;multi-factory
wendre;198;2;Wendre - Lina, Wendre - Rääma;Wendre - Lina, Wendre - Rääma;multi-factory
wendre;199;2;Wendre - Lina, Wendre - Rääma;Wendre - Lina, Wendre - Rääma;multi-factory
wendre;200;2;Wendre - Lina, Wendre - Rääma;Wendre - Lina, Wendre - Rääma;multi-factory
wendre;201;2;Wendre - Lina, Wendre - Rääma;Wendre - Lina, Wendre - Rääma;multi-factory
wendre;205;2;Wendre - Lina, Wendre - Rääma;Wendre - Lina, Wendre - Rääma;multi-factory
wendre;206;2;Wendre - Lina, Wendre - Rääma;Wendre - Lina, Wendre - Rääma;multi-factory
wendre;207;2;Wendre - Lina, Wendre - Rääma;Wendre - Lina, Wendre - Rääma;multi-factory
wendre;208;2;Wendre - Lina, Wendre - Rääma;Wendre - Lina, Wendre - Rääma;multi-factory
wendre;209;2;Wendre - Lina, Wendre - Rääma;Wendre - Lina, Wendre - Rääma;multi-factory
wendre;210;2;Wendre - Lina, Wendre - Rääma;Wendre - Lina, Wendre - Rääma;multi-factory
wendre;211;2;Wendre - Lina, Wendre - Rääma;Wendre - Lina, Wendre - Rääma;multi-factory
wendre;212;2;Wendre - Lina, Wendre - Rääma;Wendre - Lina, Wendre - Rääma;multi-factory
wendre;213;2;Wendre - Lina, Wendre - Rääma;Wendre - Lina, Wendre - Rääma;multi-factory
wendre;214;2;Wendre - Lina, Wendre - Rääma;Wendre - Lina, Wendre - Rääma;multi-factory
wendre;215;2;Wendre - Lina, Wendre - Rääma;Wendre - Lina, Wendre - Rääma;multi-factory
wendre;216;2;Wendre - Lina, Wendre - Rääma;Wendre - Lina, Wendre - Rääma;multi-factory
wendre;217;2;Wendre - Lina, Wendre - Rääma;Wendre - Lina, Wendre - Rääma;multi-factory
wendre;218;2;Wendre - Lina, Wendre - Rääma;Wendre - Lina, Wendre - Rääma;multi-factory
wendre;219;2;Wendre - Lina, Wendre - Rääma;Wendre - Lina, Wendre - Rääma;multi-factory
wendre;220;2;Wendre - Lina, Wendre - Rääma;Wendre - Lina, Wendre - Rääma;multi-factory
wendre;221;2;Wendre - Lina, Wendre - Rääma;Wendre - Lina, Wendre - Rääma;multi-factory
wendre;222;2;Wendre - Lina, Wendre - Rääma;Wendre - Lina, Wendre - Rääma;multi-factory
wendre;223;2;Wendre - Lina, Wendre - Rääma;Wendre - Lina, Wendre - Rääma;multi-factory
wendre;226;2;Wendre - Lina, Wendre - Rääma;Wendre - Lina, Wendre - Rääma;multi-factory
wendre;227;2;Wendre - Lina, Wendre - Rääma;Wendre - Lina, Wendre - Rääma;multi-factory
wendre;228;2;Wendre - Lina, Wendre - Rääma;Wendre - Lina, Wendre - Rääma;multi-factory
wendre;229;2;Wendre - Lina, Wendre - Rääma;Wendre - Lina, Wendre - Rääma;multi-factory
wendre;230;2;Wendre - Lina, Wendre - Rääma;Wendre - Lina, Wendre - Rääma;multi-factory
wendre;231;2;Wendre - Lina, Wendre - Rääma;Wendre - Lina, Wendre - Rääma;multi-factory
wendre;234;2;Wendre - Lina, Wendre - Rääma;Wendre - Lina, Wendre - Rääma;multi-factory
wendre;245;2;Wendre - Lina, Wendre - Rääma;Wendre - Lina, Wendre - Rääma;multi-factory
wendre;246;2;Wendre - Lina, Wendre - Rääma;Wendre - Lina, Wendre - Rääma;multi-factory
wendre;249;2;Wendre - Lina, Wendre - Rääma;Wendre - Lina, Wendre - Rääma;multi-factory
wendre;250;2;Wendre - Lina, Wendre - Rääma;Wendre - Lina, Wendre - Rääma;multi-factory
wendre;257;2;Wendre - Lina, Wendre - Rääma;Wendre - Lina, Wendre - Rääma;multi-factory
wendre;258;2;Wendre - Lina, Wendre - Rääma;Wendre - Lina, Wendre - Rääma;multi-factory
wendre;259;2;Wendre - Lina, Wendre - Rääma;Wendre - Lina, Wendre - Rääma;multi-factory
wendre;260;2;Wendre - Lina, Wendre - Rääma;Wendre - Lina, Wendre - Rääma;multi-factory
wendre;261;2;Wendre - Lina, Wendre - Rääma;Wendre - Lina, Wendre - Rääma;multi-factory
wendre;262;2;Wendre - Lina, Wendre - Rääma;Wendre - Lina, Wendre - Rääma;multi-factory
wendre;263;2;Wendre - Lina, Wendre - Rääma;Wendre - Lina, Wendre - Rääma;multi-factory
wendre;264;2;Wendre - Lina, Wendre - Rääma;Wendre - Lina, Wendre - Rääma;multi-factory
wendre;265;2;Wendre - Lina, Wendre - Rääma;Wendre - Lina, Wendre - Rääma;multi-factory
wendre;266;2;Wendre - Lina, Wendre - Rääma;Wendre - Lina, Wendre - Rääma;multi-factory
wendre;268;2;Wendre - Lina, Wendre - Rääma;Wendre - Lina, Wendre - Rääma;multi-factory
wendre;269;2;Wendre - Lina, Wendre - Rääma;Wendre - Lina, Wendre - Rääma;multi-factory
wendre;270;2;Wendre - Lina, Wendre - Rääma;Wendre - Lina, Wendre - Rääma;multi-factory
wendre;271;2;Wendre - Lina, Wendre - Rääma;Wendre - Lina, Wendre - Rääma;multi-factory
wendre;273;2;Wendre - Lina, Wendre - Rääma;Wendre - Lina, Wendre - Rääma;multi-factory
wendre;274;2;Wendre - Lina, Wendre - Rääma;Wendre - Lina, Wendre - Rääma;multi-factory
wendre;275;2;Wendre - Lina, Wendre - Rääma;Wendre - Lina, Wendre - Rääma;multi-factory
wendre;276;2;Wendre - Lina, Wendre - Rääma;Wendre - Lina, Wendre - Rääma;multi-factory
wendre;277;2;Wendre - Lina, Wendre - Rääma;Wendre - Lina, Wendre - Rääma;multi-factory
wendre;278;2;Wendre - Lina, Wendre - Rääma;Wendre - Lina, Wendre - Rääma;multi-factory
wendre;279;2;Wendre - Lina, Wendre - Rääma;Wendre - Lina, Wendre - Rääma;multi-factory
wendre;280;2;Wendre - Lina, Wendre - Rääma;Wendre - Lina, Wendre - Rääma;multi-factory
wendre;281;2;Wendre - Lina, Wendre - Rääma;Wendre - Lina, Wendre - Rääma;multi-factory
wendre;282;2;Wendre - Lina, Wendre - Rääma;Wendre - Lina, Wendre - Rääma;multi-factory
wendre;283;2;Wendre - Lina, Wendre - Rääma;Wendre - Lina, Wendre - Rääma;multi-factory
wendre;284;2;Wendre - Lina, Wendre - Rääma;Wendre - Lina, Wendre - Rääma;multi-factory
wendre;285;2;Wendre - Lina, Wendre - Rääma;Wendre - Lina, Wendre - Rääma;multi-factory
wendre;286;2;Wendre - Lina, Wendre - Rääma;Wendre - Lina, Wendre - Rääma;multi-factory
wendre;287;2;Wendre - Lina, Wendre - Rääma;Wendre - Lina, Wendre - Rääma;multi-factory
wendre;288;2;Wendre - Lina, Wendre - Rääma;Wendre - Lina, Wendre - Rääma;multi-factory
wendre;289;2;Wendre - Lina, Wendre - Rääma;Wendre - Lina, Wendre - Rääma;multi-factory
wendre;290;2;Wendre - Lina, Wendre - Rääma;Wendre - Lina, Wendre - Rääma;multi-factory
wendre;291;2;Wendre - Lina, Wendre - Rääma;Wendre - Lina, Wendre - Rääma;multi-factory
wendre;292;2;Wendre - Lina, Wendre - Rääma;Wendre - Lina, Wendre - Rääma;multi-factory
wendre;293;2;Wendre - Lina, Wendre - Rääma;Wendre - Lina, Wendre - Rääma;multi-factory
wendre;294;2;Wendre - Lina, Wendre - Rääma;Wendre - Lina, Wendre - Rääma;multi-factory
wendre;295;2;Wendre - Lina, Wendre - Rääma;Wendre - Lina, Wendre - Rääma;multi-factory
wendre;296;2;Wendre - Lina, Wendre - Rääma;Wendre - Lina, Wendre - Rääma;multi-factory
wendre;297;2;Wendre - Lina, Wendre - Rääma;Wendre - Lina, Wendre - Rääma;multi-factory
wendre;298;2;Wendre - Lina, Wendre - Rääma;Wendre - Lina, Wendre - Rääma;multi-factory
wendre;300;2;Wendre - Lina, Wendre - Rääma;Wendre - Lina, Wendre - Rääma;multi-factory
wendre;301;2;Wendre - Lina, Wendre - Rääma;Wendre - Lina, Wendre - Rääma;multi-factory
wendre;302;2;Wendre - Lina, Wendre - Rääma;Wendre - Lina, Wendre - Rääma;multi-factory
wendre;303;2;Wendre - Lina, Wendre - Rääma;Wendre - Lina, Wendre - Rääma;multi-factory
wendre;304;2;Wendre - Lina, Wendre - Rääma;Wendre - Lina, Wendre - Rääma;multi-factory
wendre;305;2;Wendre - Lina, Wendre - Rääma;Wendre - Lina, Wendre - Rääma;multi-factory
wendre;306;2;Wendre - Lina, Wendre - Rääma;Wendre - Lina, Wendre - Rääma;multi-factory
wendre;315;2;Wendre - Lina, Wendre - Rääma;Wendre - Lina, Wendre - Rääma;multi-factory
wendre;317;2;Wendre - Lina, Wendre - Rääma;Wendre - Lina, Wendre - Rääma;multi-factory
wendre;318;2;Wendre - Lina, Wendre - Rääma;Wendre - Lina, Wendre - Rääma;multi-factory
wendre;319;2;Wendre - Lina, Wendre - Rääma;Wendre - Lina, Wendre - Rääma;multi-factory
wendre;320;2;Wendre - Lina, Wendre - Rääma;Wendre - Lina, Wendre - Rääma;multi-factory
wendre;321;2;Wendre - Lina, Wendre - Rääma;Wendre - Lina, Wendre - Rääma;multi-factory
wendre;323;2;Wendre - Lina, Wendre - Rääma;Wendre - Lina, Wendre - Rääma;multi-factory
wendre;324;2;Wendre - Lina, Wendre - Rääma;Wendre - Lina, Wendre - Rääma;multi-factory
wendre;325;2;Wendre - Lina, Wendre - Rääma;Wendre - Lina, Wendre - Rääma;multi-factory
wendre;326;2;Wendre - Lina, Wendre - Rääma;Wendre - Lina, Wendre - Rääma;multi-factory
wendre;331;2;Wendre - Lina, Wendre - Rääma;Wendre - Lina, Wendre - Rääma;multi-factory
wendre;333;2;Wendre - Lina, Wendre - Rääma;Wendre - Lina, Wendre - Rääma;multi-factory
wendre;334;2;Wendre - Lina, Wendre - Rääma;Wendre - Lina, Wendre - Rääma;multi-factory
wendre;335;2;Wendre - Lina, Wendre - Rääma;Wendre - Lina, Wendre - Rääma;multi-factory
wendre;336;2;Wendre - Lina, Wendre - Rääma;Wendre - Lina, Wendre - Rääma;multi-factory
wendre;337;2;Wendre - Lina, Wendre - Rääma;Wendre - Lina, Wendre - Rääma;multi-factory
wendre;338;2;Wendre - Lina, Wendre - Rääma;Wendre - Lina, Wendre - Rääma;multi-factory
wendre;340;2;Wendre - Lina, Wendre - Rääma;Wendre - Lina, Wendre - Rääma;multi-factory
wendre;341;2;Wendre - Lina, Wendre - Rääma;Wendre - Lina, Wendre - Rääma;multi-factory
wendre;342;2;Wendre - Lina, Wendre - Rääma;Wendre - Lina, Wendre - Rääma;multi-factory
wendre;343;2;Wendre - Lina, Wendre - Rääma;Wendre - Lina, Wendre - Rääma;multi-factory
wendre;345;2;Wendre - Lina, Wendre - Rääma;Wendre - Lina, Wendre - Rääma;multi-factory
wendre;346;2;Wendre - Lina, Wendre - Rääma;Wendre - Lina, Wendre - Rääma;multi-factory
wendre;347;2;Wendre - Lina, Wendre - Rääma;Wendre - Lina, Wendre - Rääma;multi-factory
wendre;348;2;Wendre - Lina, Wendre - Rääma;Wendre - Lina, Wendre - Rääma;multi-factory
wendre;349;2;Wendre - Lina, Wendre - Rääma;Wendre - Lina, Wendre - Rääma;multi-factory
wendre;350;2;Wendre - Lina, Wendre - Rääma;Wendre - Lina, Wendre - Rääma;multi-factory
wendre;351;2;Wendre - Lina, Wendre - Rääma;Wendre - Lina, Wendre - Rääma;multi-factory
wendre;352;2;Wendre - Lina, Wendre - Rääma;Wendre - Lina, Wendre - Rääma;multi-factory
wendre;353;2;Wendre - Lina, Wendre - Rääma;Wendre - Lina, Wendre - Rääma;multi-factory
wendre;354;2;Wendre - Lina, Wendre - Rääma;Wendre - Lina, Wendre - Rääma;multi-factory
wendre;356;2;Wendre - Lina, Wendre - Rääma;Wendre - Lina, Wendre - Rääma;multi-factory
wendre;369;2;Wendre - Lina, Wendre - Rääma;Wendre - Lina, Wendre - Rääma;multi-factory
wendre;376;2;Wendre - Lina, Wendre - Rääma;Wendre - Lina, Wendre - Rääma;multi-factory
wendre;380;2;Wendre - Lina, Wendre - Rääma;Wendre - Lina, Wendre - Rääma;multi-factory
wendre;385;2;Wendre - Lina, Wendre - Rääma;Wendre - Lina, Wendre - Rääma;multi-factory
wendre;386;2;Wendre - Lina, Wendre - Rääma;Wendre - Lina, Wendre - Rääma;multi-factory
wendre;391;2;Wendre - Lina, Wendre - Rääma;Wendre - Lina, Wendre - Rääma;multi-factory
wendre;392;2;Wendre - Lina, Wendre - Rääma;Wendre - Lina, Wendre - Rääma;multi-factory
wendre;396;2;Wendre - Lina, Wendre - Rääma;Wendre - Lina, Wendre - Rääma;multi-factory
wendre;399;2;Wendre - Lina, Wendre - Rääma;Wendre - Lina, Wendre - Rääma;multi-factory
wendre;402;2;Wendre - Lina, Wendre - Rääma;Wendre - Lina, Wendre - Rääma;multi-factory
wendre;404;2;Wendre - Lina, Wendre - Rääma;Wendre - Lina, Wendre - Rääma;multi-factory
wendre;405;2;Wendre - Lina, Wendre - Rääma;Wendre - Lina, Wendre - Rääma;multi-factory
wendre;406;2;Wendre - Lina, Wendre - Rääma;Wendre - Lina, Wendre - Rääma;multi-factory
wendre;409;2;Wendre - Lina, Wendre - Rääma;Wendre - Lina, Wendre - Rääma;multi-factory
wendre;411;2;Wendre - Lina, Wendre - Rääma;Wendre - Lina, Wendre - Rääma;multi-factory
wendre;412;2;Wendre - Lina, Wendre - Rääma;Wendre - Lina, Wendre - Rääma;multi-factory
wendre;415;2;Wendre - Lina, Wendre - Rääma;Wendre - Lina, Wendre - Rääma;multi-factory
wendre;417;2;Wendre - Lina, Wendre - Rääma;Wendre - Lina, Wendre - Rääma;multi-factory
wendre;418;2;Wendre - Lina, Wendre - Rääma;Wendre - Lina, Wendre - Rääma;multi-factory
wendre;419;2;Wendre - Lina, Wendre - Rääma;Wendre - Lina, Wendre - Rääma;multi-factory
wendre;420;2;Wendre - Lina, Wendre - Rääma;Wendre - Lina, Wendre - Rääma;multi-factory
wendre;421;2;Wendre - Lina, Wendre - Rääma;Wendre - Lina, Wendre - Rääma;multi-factory
wendre;427;2;Wendre - Lina, Wendre - Rääma;Wendre - Lina, Wendre - Rääma;multi-factory
wendre;431;2;Wendre - Lina, Wendre - Rääma;Wendre - Lina, Wendre - Rääma;multi-factory
wendre;432;2;Wendre - Lina, Wendre - Rääma;Wendre - Lina, Wendre - Rääma;multi-factory
wendre;434;2;Wendre - Lina, Wendre - Rääma;Wendre - Lina, Wendre - Rääma;multi-factory
wendre;435;2;Wendre - Lina, Wendre - Rääma;Wendre - Lina, Wendre - Rääma;multi-factory
wendre;437;2;Wendre - Lina, Wendre - Rääma;Wendre - Lina, Wendre - Rääma;multi-factory
wendre;448;2;Wendre - Lina, Wendre - Rääma;Wendre - Lina, Wendre - Rääma;multi-factory
wendre;449;2;Wendre - Lina, Wendre - Rääma;Wendre - Lina, Wendre - Rääma;multi-factory
wendre;451;2;Wendre - Lina, Wendre - Rääma;Wendre - Lina, Wendre - Rääma;multi-factory
wendre;453;2;Wendre - Lina, Wendre - Rääma;Wendre - Lina, Wendre - Rääma;multi-factory
wendre;454;2;Wendre - Lina, Wendre - Rääma;Wendre - Lina, Wendre - Rääma;multi-factory
wendre;456;2;Wendre - Lina, Wendre - Rääma;Wendre - Lina, Wendre - Rääma;multi-factory
wendre;458;2;Wendre - Lina, Wendre - Rääma;Wendre - Lina, Wendre - Rääma;multi-factory
wendre;459;2;Wendre - Lina, Wendre - Rääma;Wendre - Lina, Wendre - Rääma;multi-factory
wendre;460;2;Wendre - Lina, Wendre - Rääma;Wendre - Lina, Wendre - Rääma;multi-factory
wendre;463;2;Wendre - Lina, Wendre - Rääma;Wendre - Lina, Wendre - Rääma;multi-factory
wendre;464;2;Wendre - Lina, Wendre - Rääma;Wendre - Lina, Wendre - Rääma;multi-factory
wendre;465;2;Wendre - Lina, Wendre - Rääma;Wendre - Lina, Wendre - Rääma;multi-factory
wendre;467;2;Wendre - Lina, Wendre - Rääma;Wendre - Lina, Wendre - Rääma;multi-factory
wendre;468;2;Wendre - Lina, Wendre - Rääma;Wendre - Lina, Wendre - Rääma;multi-factory
wendre;469;2;Wendre - Lina, Wendre - Rääma;Wendre - Lina, Wendre - Rääma;multi-factory
wendre;473;2;Wendre - Lina, Wendre - Rääma;Wendre - Lina, Wendre - Rääma;multi-factory
wendre;474;2;Wendre - Lina, Wendre - Rääma;Wendre - Lina, Wendre - Rääma;multi-factory
wendre;475;2;Wendre - Lina, Wendre - Rääma;Wendre - Lina, Wendre - Rääma;multi-factory
wendre;476;2;Wendre - Lina, Wendre - Rääma;Wendre - Lina, Wendre - Rääma;multi-factory
wendre;477;2;Wendre - Lina, Wendre - Rääma;Wendre - Lina, Wendre - Rääma;multi-factory
wendre;484;2;Wendre - Lina, Wendre - Rääma;Wendre - Lina, Wendre - Rääma;multi-factory
wendre;488;2;Wendre - Lina, Wendre - Rääma;Wendre - Lina, Wendre - Rääma;multi-factory
wendre;489;2;Wendre - Lina, Wendre - Rääma;Wendre - Lina, Wendre - Rääma;multi-factory
wendre;490;2;Wendre - Lina, Wendre - Rääma;Wendre - Lina, Wendre - Rääma;multi-factory
wendre;493;2;Wendre - Lina, Wendre - Rääma;Wendre - Lina, Wendre - Rääma;multi-factory
wendre;494;2;Wendre - Lina, Wendre - Rääma;Wendre - Lina, Wendre - Rääma;multi-factory
wendre;497;2;Wendre - Lina, Wendre - Rääma;Wendre - Lina, Wendre - Rääma;multi-factory
wendre;501;2;Wendre - Lina, Wendre - Rääma;Wendre - Lina, Wendre - Rääma;multi-factory
wendre;503;2;Wendre - Lina, Wendre - Rääma;Wendre - Lina, Wendre - Rääma;multi-factory
wendre;508;2;Wendre - Lina, Wendre - Rääma;Wendre - Lina, Wendre - Rääma;multi-factory
wendre;509;2;Wendre - Lina, Wendre - Rääma;Wendre - Lina, Wendre - Rääma;multi-factory
wendre;510;2;Wendre - Lina, Wendre - Rääma;Wendre - Lina, Wendre - Rääma;multi-factory
wendre;511;2;Wendre - Lina, Wendre - Rääma;Wendre - Lina, Wendre - Rääma;multi-factory
wendre;512;1;Wendre - Lina;Wendre - Lina;
wendre;513;2;Wendre - Lina, Wendre - Rääma;Wendre - Lina, Wendre - Rääma;multi-factory
alfawood;1;1;Larisa;Larisa;
alfawood;2;1;Larisa;Larisa;
alfawood;3;1;Larisa;Larisa;
alfawood;4;1;Larisa;Larisa;
alfawood;5;1;Larisa;Larisa;
alfawood;7;1;Larisa;Larisa;
alfawood;8;1;Larisa;Larisa;
alfawood;10;1;Grevena;Grevena;
alfawood;11;1;Grevena;Grevena;
alfawood;12;1;Grevena;Grevena;
alfawood;13;1;Grevena;Grevena;
alfawood;14;1;Grevena;Grevena;
alfawood;21;1;Larisa;Larisa;
alfawood;22;1;Larisa;Larisa;
alfawood;24;1;Larisa;Larisa;
alfawood;25;1;Larisa;Larisa;
alfawood;26;1;Larisa;Larisa;
alfawood;27;1;Larisa;Larisa;
alfawood;29;1;Larisa;Larisa;
alfawood;30;1;Larisa;Larisa;
alfawood;31;1;Larisa;Larisa;
alfawood;32;1;Larisa;Larisa;
alfawood;33;1;Larisa;Larisa;
alfawood;34;1;Larisa;Larisa;
alfawood;35;1;Larisa;Larisa;
alfawood;36;1;Larisa;Larisa;
onduclair;1;1;Onduline France;Onduline France;
onduclair;2;1;Onduline France;Onduline France;
onduclair;3;1;Onduline France;Onduline France;
onduclair;4;1;Onduline France;Onduline France;
onduclair;5;1;Onduline France;Onduline France;
onduclair;6;1;Onduline France;Onduline France;
onduclair;7;1;Onduline France;Onduline France;
onduclair;8;1;Onduline Poland;Onduline Poland;
onduclair;12;1;Onduline Poland;Onduline Poland;
onduclair;13;1;Onduline Poland;Onduline Poland;
onduclair;14;1;Onduline Poland;Onduline Poland;
onduclair;15;1;Onduline Poland;Onduline Poland;
onduclair;16;1;Onduline Poland;Onduline Poland;
onduclair;21;1;Onduline Poland;Onduline Poland;
onduclair;22;1;Onduline Poland;Onduline Poland;
onduclair;23;1;Onduline Poland;Onduline Poland;
onduclair;24;1;Onduline Poland;Onduline Poland;
onduclair;26;1;Onduline Poland;Onduline Poland;
onduclair;27;1;Onduline Poland;Onduline Poland;
onduclair;29;1;Onduline Poland;Onduline Poland;
onduclair;30;1;Onduline Poland;Onduline Poland;
onduclair;31;1;Onduline Poland;Onduline Poland;
onduclair;32;1;Onduline Poland;Onduline Poland;
onduclair;33;1;Onduline Poland;Onduline Poland;
onduclair;34;1;Onduline Poland;Onduline Poland;
onduclair;35;1;Onduline Poland;Onduline Poland;
onduclair;37;1;Onduline Poland;Onduline Poland;
onduclair;38;1;Onduline Poland;Onduline Poland;
onduclair;40;1;Onduline Poland;Onduline Poland;
onduclair;41;1;Onduline Poland;Onduline Poland;
onduclair;42;1;Onduline Poland;Onduline Poland;
onduclair;44;1;Onduline Poland;Onduline Poland;
onduclair;45;1;Onduline Poland;Onduline Poland;
onduclair;46;1;Onduline Poland;Onduline Poland;
onduclair;47;1;Onduline Poland;Onduline Poland;
onduclair;48;1;Onduline Poland;Onduline Poland;
onduclair;49;1;Onduline Poland;Onduline Poland;
onduclair;50;1;Onduline Poland;Onduline Poland;
onduclair;51;1;Onduline Poland;Onduline Poland;
onduclair;53;1;Onduline Poland;Onduline Poland;
onduclair;54;1;Onduline Poland;Onduline Poland;
onduclair;55;1;Onduline Poland;Onduline Poland;
onduclair;56;1;Onduline Poland;Onduline Poland;
onduclair;57;1;Onduline Poland;Onduline Poland;
onduclair;58;1;Onduline Poland;Onduline Poland;
onduclair;59;1;Onduline Poland;Onduline Poland;
onduclair;61;1;Onduline Poland;Onduline Poland;
onduclair;62;1;Onduline Poland;Onduline Poland;
onduclair;63;1;Onduline Poland;Onduline Poland;
onduclair;64;1;Onduline Poland;Onduline Poland;
onduclair;66;1;Onduline Poland;Onduline Poland;
onduclair;70;1;Onduline France;Onduline France;
onduclair;71;1;Onduline Turkey;Onduline Turkey;
onduclair;72;1;Onduline Turkey;Onduline Turkey;
onduclair;73;1;Onduline Turkey;Onduline Turkey;
onduclair;74;1;Onduline Turkey;Onduline Turkey;
onduclair;75;1;Onduline Turkey;Onduline Turkey;
onduclair;76;1;Onduline Turkey;Onduline Turkey;
onduclair;77;1;Onduline France;Onduline France;
onduclair;78;1;Onduline France;Onduline France;
onduclair;79;1;Onduline France;Onduline France;
onduclair;82;1;Onduline France;Onduline France;
onduclair;83;1;Onduline Malaysia;Onduline Malaysia;
onduclair;84;1;Onduline Malaysia;Onduline Malaysia;
onduclair;85;1;Onduline Malaysia;Onduline Malaysia;
onduclair;86;1;Onduline Malaysia;Onduline Malaysia;
onduclair;87;1;Onduline Malaysia;Onduline Malaysia;
onduclair;88;1;Onduline Malaysia;Onduline Malaysia;
onduclair;90;1;Onduline France;Onduline France;
onduclair;91;1;Onduline Poland;Onduline Poland;
onduclair;93;1;Onduline Turkey;Onduline Turkey;
onduclair;94;1;Onduline Turkey;Onduline Turkey;
onduclair;95;1;Onduline Turkey;Onduline Turkey;
onduclair;96;1;Onduline Poland;Onduline Poland;
onduclair;98;1;Onduline Poland;Onduline Poland;
onduclair;99;1;Onduline Poland;Onduline Poland;
onduclair;103;1;Onduline Poland;Onduline Poland;
onduclair;106;1;Onduline Turkey;Onduline Turkey;
onduclair;107;1;Onduline Turkey;Onduline Turkey;
onduclair;108;1;Onduline Turkey;Onduline Turkey;
onduclair;109;1;Onduline Turkey;Onduline Turkey;
cibra;1;0;;;no stations, no factory - needs a decision
cibra;2;0;;;no stations, no factory - needs a decision
cibra;3;0;;;no stations, no factory - needs a decision
cibra;6;2;Candeias, Sinop;Candeias, Sinop;multi-factory
cibra;10;1;Candeias;Candeias;
cibra;11;1;Candeias;Candeias;
cibra;12;1;Uberaba;Uberaba;
cibra;13;1;Uberaba;Uberaba;
cibra;14;1;Uberaba;Uberaba;
cibra;15;1;Uberaba;Uberaba;
cibra;19;1;São Luís;São Luís;
cibra;21;1;São Luís;São Luís;
cibra;22;1;São Luís;São Luís;
cibra;23;1;São Luís;São Luís;
cibra;24;1;Sinop;Sinop;
cibra;25;1;Sinop;Sinop;
cibra;26;1;Sinop;Sinop;
cibra;27;1;Sinop;Sinop;
cibra;28;1;Sinop;Sinop;
cibra;29;1;Sinop;Sinop;
cibra;31;1;São Luís;São Luís;
cibra;33;1;Uberaba;Uberaba;
cibra;34;1;Sinop;Sinop;
cibra;35;1;Sinop;Sinop;
cibra;36;1;Sinop;Sinop;
cibra;38;1;Sinop;Sinop;
cibra;39;0;;;no stations, no factory - needs a decision
cibra;40;1;Sinop;Sinop;
cibra;41;1;São Luís;São Luís;
cibra;42;0;;;no stations, no factory - needs a decision
cibra;43;1;Uberaba;Uberaba;
cibra;44;1;Sinop;Sinop;
cibra;45;1;Uberaba;Uberaba;
cibra;46;1;Uberaba;Uberaba;
cibra;47;1;Sinop;Sinop;
cibra;48;1;Sinop;Sinop;
cibra;49;1;Uberaba;Uberaba;
cibra;50;1;Camaçari;Camaçari;
valio;5;1;Default;Default;
valio;13;1;Default;Default;
valio;15;1;Default;Default;
valio;30;1;Default;Default;
valio;35;1;Default;Default;
valio;38;1;Default;Default;
valio;42;1;Default;Default;
valio;49;1;Default;Default;
valio;53;1;Default;Default;
valio;55;1;Default;Default;
valio;63;1;Default;Default;
valio;67;1;Default;Default;
valio;68;1;Default;Default;
valio;78;1;Default;Default;
valio;79;1;Default;Default;
valio;83;1;Default;Default;
valio;85;1;Default;Default;
valio;86;1;Default;Default;
valio;92;1;Default;Default;
valio;93;1;Default;Default;
valio;94;1;Default;Default;
valio;97;1;Default;Default;
valio;98;1;Default;Default;
valio;101;1;Default;Default;
valio;102;1;Default;Default;
valio;103;1;Default;Default;
valio;110;1;Default;Default;
valio;114;1;Default;Default;
valio;116;1;Default;Default;
valio;117;1;Default;Default;
valio;118;1;Default;Default;
valio;122;1;Default;Default;
valio;127;1;Default;Default;
valio;129;1;Default;Default;
valio;132;1;Default;Default;
valio;134;1;Default;Default;
valio;140;1;Default;Default;
valio;141;1;Default;Default;
valio;142;1;Default;Default;
valio;149;1;Default;Default;
valio;153;1;Default;Default;
valio;155;1;Default;Default;
valio;156;1;Default;Default;
valio;157;1;Default;Default;
valio;158;1;Default;Default;
valio;159;1;Default;Default;
valio;160;1;Default;Default;
valio;162;1;Default;Default;
valio;163;1;Default;Default;
valio;168;1;Default;Default;
valio;171;1;Default;Default;
krausmuller;4;1;Krausmuller;Krausmuller;
krausmuller;5;1;Krausmuller;Krausmuller;
krausmuller;6;1;Krausmuller;Krausmuller;
krausmuller;7;1;Krausmuller;Krausmuller;
krausmuller;9;1;Krausmuller;Krausmuller;
krausmuller;10;1;Krausmuller;Krausmuller;
krausmuller;11;1;Krausmuller;Krausmuller;
krausmuller;12;1;Krausmuller;Krausmuller;
krausmuller;13;1;Krausmuller;Krausmuller;
krausmuller;14;1;Krausmuller;Krausmuller;
dodoni;6;1;Default;Default;
dodoni;8;1;Default;Default;
dodoni;9;1;Default;Default;
dodoni;10;1;Default;Default;
dodoni;12;1;Default;Default;
dodoni;13;1;Default;Default;
dodoni;14;1;Default;Default;
dodoni;16;1;Default;Default;
dodoni;18;1;Default;Default;
dodoni;19;1;Default;Default;
dodoni;20;1;Default;Default;
dodoni;21;1;Default;Default;
dodoni;22;1;Default;Default;
dodoni;24;1;Default;Default;
dodoni;25;1;Default;Default;
dodoni;26;1;Default;Default;
dodoni;27;1;Default;Default;
dodoni;28;1;Default;Default;
dodoni;30;1;Default;Default;
dodoni;31;1;Default;Default;
dodoni;36;1;Default;Default;
dodoni;37;1;Default;Default;
dodoni;38;1;Default;Default;
dodoni;40;1;Default;Default;
dodoni;41;1;Default;Default;
dodoni;42;1;Default;Default;
dodoni;43;1;Default;Default;
dodoni;44;1;Default;Default;
dodoni;45;1;Default;Default;
dodoni;46;1;Default;Default;
dodoni;47;1;Default;Default;
dodoni;48;1;Default;Default;
punchclub;1;1;Punchclub;Punchclub;
punchclub;2;1;Punchclub;Punchclub;
punchclub;3;1;Punchclub;Punchclub;
punchclub;4;1;Punchclub;Punchclub;
punchclub;5;1;Punchclub;Punchclub;
punchclub;6;1;Punchclub;Punchclub;
hellenicjuices;1;1;Hellenic Juices;Hellenic Juices;
hellenicjuices;2;1;Hellenic Juices;Hellenic Juices;
hellenicjuices;3;1;Hellenic Juices;Hellenic Juices;
hellenicjuices;4;1;Hellenic Juices;Hellenic Juices;
hellenicjuices;7;1;Hellenic Juices;Hellenic Juices;
hellenicjuices;9;1;Hellenic Juices;Hellenic Juices;
hellenicjuices;11;1;Hellenic Juices;Hellenic Juices;
hellenicjuices;13;1;Hellenic Juices;Hellenic Juices;
hellenicjuices;14;1;Hellenic Juices;Hellenic Juices;
hellenicjuices;15;1;Hellenic Juices;Hellenic Juices;
hellenicjuices;16;1;Hellenic Juices;Hellenic Juices;
hellenicjuices;17;1;Hellenic Juices;Hellenic Juices;
hellenicjuices;19;1;Hellenic Juices;Hellenic Juices;
hellenicjuices;20;1;Hellenic Juices;Hellenic Juices;
hellenicjuices;22;1;Hellenic Juices;Hellenic Juices;
hellenicjuices;24;1;Hellenic Juices;Hellenic Juices;
hellenicjuices;25;1;Hellenic Juices;Hellenic Juices;
stryker;1;1;Stryker;Stryker;
stryker;3;1;Stryker;Stryker;
stryker;4;1;Stryker;Stryker;
stryker;5;1;Stryker;Stryker;
stryker;6;1;Stryker;Stryker;
parker;1;1;San Diego;San Diego;
parker;3;1;Saltillo;Saltillo;
parker;4;1;San Diego;San Diego;
parker;5;1;San Diego;San Diego;
kakoyiannis;2;1;Kakoyiannis;Kakoyiannis;
kakoyiannis;3;1;Kakoyiannis;Kakoyiannis;
kakoyiannis;4;1;Kakoyiannis;Kakoyiannis;
productoschata;1;1;Envasados;Envasados;
productoschata;3;1;Envasados;Envasados;
productoschata;4;1;Envasados;Envasados;
productoschata;5;1;Envasados;Envasados;
productoschata;7;1;Envasados;Envasados;
productoschata;8;1;Envasados;Envasados;
productoschata;9;1;Envasados;Envasados;
meconet;1;1;Tallinn;Tallinn;
meconet;3;1;Tallinn;Tallinn;
meconet;7;1;Tallinn;Tallinn;
meconet;8;1;Tallinn;Tallinn;
meconet;9;1;Vantaa;Vantaa;
meconet;11;1;Tallinn;Tallinn;
meconet;12;1;Vantaa;Vantaa;
meconet;13;1;Vantaa;Vantaa;
meconet;14;1;Vantaa;Vantaa;
meconet;15;1;Vantaa;Vantaa;
meconet;16;1;Vantaa;Vantaa;
meconet;19;1;Vantaa;Vantaa;
meconet;21;1;Vantaa;Vantaa;
meconet;22;1;Vantaa;Vantaa;
meconet;23;1;Vantaa;Vantaa;
meconet;25;1;Äänekoski;Äänekoski;
meconet;28;1;Äänekoski;Äänekoski;
meconet;29;1;Äänekoski;Äänekoski;
meconet;31;1;Äänekoski;Äänekoski;
meconet;33;1;Äänekoski;Äänekoski;
meconet;35;1;Äänekoski;Äänekoski;
meconet;36;1;Äänekoski;Äänekoski;
meconet;38;1;Tallinn;Tallinn;
meconet;41;1;Vantaa;Vantaa;
meconet;42;1;Vantaa;Vantaa;
meconet;43;1;Vantaa;Vantaa;
meconet;52;1;Vantaa;Vantaa;
meconet;53;1;Äänekoski;Äänekoski;
meconet;56;1;Äänekoski;Äänekoski;
meconet;57;1;Äänekoski;Äänekoski;
meconet;58;1;Äänekoski;Äänekoski;
meconet;61;1;Äänekoski;Äänekoski;
meconet;62;1;Äänekoski;Äänekoski;
meconet;63;1;Äänekoski;Äänekoski;
meconet;64;1;Äänekoski;Äänekoski;
meconet;69;1;Äänekoski;Äänekoski;
meconet;71;1;Äänekoski;Äänekoski;
meconet;72;1;Vantaa;Vantaa;
meconet;73;1;Vantaa;Vantaa;
meconet;75;1;Vantaa;Vantaa;
meconet;76;1;Vantaa;Vantaa;
meconet;77;1;Vantaa;Vantaa;
meconet;78;1;Vantaa;Vantaa;
meconet;81;1;Vantaa;Vantaa;
meconet;84;1;Vantaa;Vantaa;
meconet;87;1;Äänekoski;Äänekoski;
meconet;91;1;Äänekoski;Äänekoski;
meconet;92;1;Äänekoski;Äänekoski;
meconet;95;1;Äänekoski;Äänekoski;
meconet;96;1;Äänekoski;Äänekoski;
meconet;97;1;Äänekoski;Äänekoski;
meconet;99;1;Äänekoski;Äänekoski;
meconet;101;1;Äänekoski;Äänekoski;
meconet;103;1;Vantaa;Vantaa;
meconet;104;1;Vantaa;Vantaa;
meconet;105;1;Vantaa;Vantaa;
meconet;106;1;Vantaa;Vantaa;
meconet;107;1;Vantaa;Vantaa;
meconet;110;0;;;no stations, no factory - needs a decision
meconet;112;1;Äänekoski;Äänekoski;
meconet;113;1;Äänekoski;Äänekoski;
meconet;114;1;Tallinn;Tallinn;
meconet;116;1;Äänekoski;Äänekoski;
meconet;120;1;Äänekoski;Äänekoski;
meconet;121;1;Äänekoski;Äänekoski;
meconet;122;1;Äänekoski;Äänekoski;
meconet;123;1;Äänekoski;Äänekoski;
meconet;125;1;Äänekoski;Äänekoski;
meconet;126;1;Äänekoski;Äänekoski;
meconet;132;1;Tallinn;Tallinn;
meconet;133;1;Tallinn;Tallinn;
meconet;134;1;Tallinn;Tallinn;
meconet;135;1;Tallinn;Tallinn;
meconet;136;1;Tallinn;Tallinn;
meconet;137;1;Tallinn;Tallinn;
meconet;138;1;Tallinn;Tallinn;
meconet;139;1;Tallinn;Tallinn;
meconet;140;1;Tallinn;Tallinn;
meconet;141;1;Tallinn;Tallinn;
meconet;142;1;Tallinn;Tallinn;
meconet;143;1;Tallinn;Tallinn;
meconet;144;1;Tallinn;Tallinn;
meconet;145;1;Tallinn;Tallinn;
meconet;146;1;Tallinn;Tallinn;
meconet;147;1;Tallinn;Tallinn;
meconet;148;1;Tallinn;Tallinn;
meconet;149;1;Tallinn;Tallinn;
meconet;150;1;Tallinn;Tallinn;
meconet;151;1;Tallinn;Tallinn;
meconet;152;1;Äänekoski;Äänekoski;
meconet;153;1;Äänekoski;Äänekoski;
meconet;155;1;Äänekoski;Äänekoski;
meconet;158;1;Äänekoski;Äänekoski;
meconet;164;1;Äänekoski;Äänekoski;
meconet;165;1;Vantaa;Vantaa;
meconet;167;1;Äänekoski;Äänekoski;
meconet;168;1;Äänekoski;Äänekoski;
meconet;169;2;Test, Äänekoski;Test, Äänekoski;multi-factory
meconet;171;1;Vantaa;Vantaa;
meconet;172;1;Vantaa;Vantaa;
meconet;173;1;Äänekoski;Äänekoski;
meconet;175;1;Tallinn;Tallinn;
meconet;176;1;Äänekoski;Äänekoski;
meconet;179;1;Tallinn;Tallinn;
meconet;180;1;Äänekoski;Äänekoski;
meconet;181;1;Äänekoski;Äänekoski;
meconet;182;1;Äänekoski;Äänekoski;
meconet;183;1;Äänekoski;Äänekoski;
meconet;184;1;Äänekoski;Äänekoski;
meconet;187;1;Äänekoski;Äänekoski;
meconet;188;1;Tallinn;Tallinn;
meconet;190;1;Vantaa;Vantaa;
meconet;191;1;Vantaa;Vantaa;
meconet;192;1;Tallinn;Tallinn;
meconet;193;1;Äänekoski;Äänekoski;
meconet;194;1;Vantaa;Vantaa;
meconet;195;1;Vantaa;Vantaa;
meconet;196;1;Tallinn;Tallinn;
meconet;199;1;Äänekoski;Äänekoski;
meconet;200;1;Äänekoski;Äänekoski;
meconet;201;1;Äänekoski;Äänekoski;
meconet;202;1;Äänekoski;Äänekoski;
meconet;203;1;Äänekoski;Äänekoski;
meconet;204;1;Äänekoski;Äänekoski;
meconet;205;1;Äänekoski;Äänekoski;
meconet;206;1;Äänekoski;Äänekoski;
meconet;207;1;Äänekoski;Äänekoski;
meconet;208;1;Äänekoski;Äänekoski;
meconet;209;1;Äänekoski;Äänekoski;
meconet;210;1;Äänekoski;Äänekoski;
meconet;211;1;Tallinn;Tallinn;
meconet;212;1;Äänekoski;Äänekoski;
meconet;213;1;Äänekoski;Äänekoski;
meconet;214;1;Äänekoski;Äänekoski;
meconet;217;1;Äänekoski;Äänekoski;
meconet;218;1;Äänekoski;Äänekoski;
meconet;219;1;Tallinn;Tallinn;
bergene;2;1;Default;Default;
bergene;3;1;Default;Default;
bergene;4;1;Default;Default;
bergene;5;1;Default;Default;
bergene;7;1;Default;Default;
bergene;8;1;Default;Default;
bergene;9;1;Default;Default;
bergene;10;1;Default;Default;
bergene;12;1;Default;Default;
bergene;13;1;Default;Default;
bergene;14;1;Default;Default;
bergene;15;1;Default;Default;
bergene;16;1;Default;Default;
bergene;17;1;Default;Default;
bergene;18;1;Default;Default;
bergene;19;1;Default;Default;
bergene;21;1;Default;Default;
bergene;24;1;Default;Default;
bergene;25;1;Default;Default;
bergene;27;1;Default;Default;
bergene;28;1;Default;Default;
bergene;29;1;Default;Default;
bergene;30;1;Default;Default;
bergene;31;1;Default;Default;
bergene;32;1;Default;Default;
bergene;33;1;Default;Default;
bergene;34;1;Default;Default;
astir;1;1;Astir;Astir;
astir;5;1;Astir;Astir;
astir;6;1;Astir;Astir;
astir;7;1;Astir;Astir;
astir;8;1;Astir;Astir;
astir;13;1;Astir;Astir;
astir;14;1;Astir;Astir;
astir;15;1;Astir;Astir;
astir;16;1;Astir;Astir;
astir;19;1;Astir;Astir;
astir;21;1;Astir;Astir;
astir;22;1;Astir;Astir;
astir;23;1;Astir;Astir;
astir;24;1;Astir;Astir;
astir;25;1;Astir;Astir;
astir;26;1;Astir;Astir;
astir;27;1;Astir;Astir;
astir;28;1;Astir;Astir;
astir;29;1;Astir;Astir;
astir;30;1;Astir;Astir;
astir;31;1;Astir;Astir;
astir;32;1;Astir;Astir;
astir;33;1;Astir;Astir;
astir;34;1;Astir;Astir;
astir;35;1;Astir;Astir;
astir;36;1;Coleus;Coleus;
astir;37;1;Coleus;Coleus;
astir;38;1;Coleus;Coleus;
astir;39;1;Coleus;Coleus;
astir;40;1;Coleus;Coleus;
astir;41;1;Coleus;Coleus;
astir;42;1;Astir;Astir;
astir;44;1;Astir;Astir;
astir;45;1;Coleus;Coleus;
astir;46;1;Astir;Astir;
astir;47;1;Astir;Astir;
astir;48;1;Astir;Astir;
astir;49;1;Astir;Astir;
astir;50;1;Astir;Astir;
astir;51;1;Guala West Africa;Guala West Africa;
astir;52;1;Guala West Africa;Guala West Africa;
astir;53;1;Guala West Africa;Guala West Africa;
astir;54;1;Astir;Astir;
astir;55;1;Metalcrowns;Metalcrowns;
astir;56;1;Metalcrowns;Metalcrowns;
astir;57;1;Metalcrowns;Metalcrowns;
astir;58;1;Metalcrowns;Metalcrowns;
astir;59;1;Metalcrowns;Metalcrowns;
astir;60;1;Metalcrowns;Metalcrowns;
astir;61;1;Metalcrowns;Metalcrowns;
astir;62;1;Metalcrowns;Metalcrowns;
astir;63;1;Astir;Astir;
astir;64;1;Astir;Astir;
marocbuns;1;1;Default;Default;
marocbuns;2;1;Default;Default;
marocbuns;3;1;Default;Default;
soya;1;1;Default;Default;
soya;2;1;Default;Default;
soya;3;1;Default;Default;
soya;4;1;Default;Default;
soya;5;1;Default;Default;
soya;7;1;Default;Default;
soya;9;1;Default;Default;
soya;10;1;Default;Default;
soya;11;1;Default;Default;
soya;12;1;Default;Default;
soya;13;1;Default;Default;
soya;14;1;Default;Default;
soya;15;1;Default;Default;
soya;16;1;Default;Default;
soya;17;1;Default;Default;
soya;18;1;Default;Default;
lindab;1;1;Default;Default;
lindab;2;1;Default;Default;
lindab;3;1;Default;Default;
lindab;4;1;Default;Default;
lindab;6;1;Default;Default;
lindab;11;1;Default;Default;
lindab;15;1;Default;Default;
lindab;17;1;Default;Default;
lindab;18;1;Default;Default;
lindab;19;1;Default;Default;
durodakovicgroup;2;1;Djuro Djaković d.d. Specijalna vozila;Djuro Djaković d.d. Specijalna vozila;
durodakovicgroup;3;1;Djuro Djaković d.d. Specijalna vozila;Djuro Djaković d.d. Specijalna vozila;
durodakovicgroup;4;1;Djuro Djaković d.d. Specijalna vozila;Djuro Djaković d.d. Specijalna vozila;
durodakovicgroup;5;1;Djuro Djaković d.d. Specijalna vozila;Djuro Djaković d.d. Specijalna vozila;
durodakovicgroup;6;1;Djuro Djaković d.d. Specijalna vozila;Djuro Djaković d.d. Specijalna vozila;
durodakovicgroup;7;1;Djuro Djaković d.d. Specijalna vozila;Djuro Djaković d.d. Specijalna vozila;
durodakovicgroup;8;1;Djuro Djaković d.d. Specijalna vozila;Djuro Djaković d.d. Specijalna vozila;
durodakovicgroup;9;1;Djuro Djaković d.d. Specijalna vozila;Djuro Djaković d.d. Specijalna vozila;
durodakovicgroup;10;1;Djuro Djaković d.d. Strojna obrada;Djuro Djaković d.d. Strojna obrada;
durodakovicgroup;11;1;Djuro Djaković d.d. Strojna obrada;Djuro Djaković d.d. Strojna obrada;
durodakovicgroup;12;1;Djuro Djaković d.d. Specijalna vozila;Djuro Djaković d.d. Specijalna vozila;
durodakovicgroup;13;1;Djuro Djaković d.d. Specijalna vozila;Djuro Djaković d.d. Specijalna vozila;
durodakovicgroup;14;1;Djuro Djaković d.d. Specijalna vozila;Djuro Djaković d.d. Specijalna vozila;
durodakovicgroup;15;1;Djuro Djaković d.d. Specijalna vozila;Djuro Djaković d.d. Specijalna vozila;
durodakovicgroup;16;1;Djuro Djaković d.d. Specijalna vozila;Djuro Djaković d.d. Specijalna vozila;
durodakovicgroup;17;1;Djuro Djaković d.d. Specijalna vozila;Djuro Djaković d.d. Specijalna vozila;
durodakovicgroup;18;1;Djuro Djaković d.d. Specijalna vozila;Djuro Djaković d.d. Specijalna vozila;
durodakovicgroup;19;1;Djuro Djaković d.d. Specijalna vozila;Djuro Djaković d.d. Specijalna vozila;
durodakovicgroup;20;1;Djuro Djaković d.d. Specijalna vozila;Djuro Djaković d.d. Specijalna vozila;
durodakovicgroup;21;1;Djuro Djaković d.d. Specijalna vozila;Djuro Djaković d.d. Specijalna vozila;
durodakovicgroup;22;1;Djuro Djaković d.d. Specijalna vozila;Djuro Djaković d.d. Specijalna vozila;
durodakovicgroup;23;1;Djuro Djaković d.d. Specijalna vozila;Djuro Djaković d.d. Specijalna vozila;
durodakovicgroup;24;1;Djuro Djaković d.d. Specijalna vozila;Djuro Djaković d.d. Specijalna vozila;
durodakovicgroup;25;1;Djuro Djaković d.d. Specijalna vozila;Djuro Djaković d.d. Specijalna vozila;
durodakovicgroup;26;1;Djuro Djaković d.d. Specijalna vozila;Djuro Djaković d.d. Specijalna vozila;
durodakovicgroup;27;1;Djuro Djaković d.d. Specijalna vozila;Djuro Djaković d.d. Specijalna vozila;
durodakovicgroup;28;1;Djuro Djaković d.d. Specijalna vozila;Djuro Djaković d.d. Specijalna vozila;
durodakovicgroup;29;1;Djuro Djaković d.d. Specijalna vozila;Djuro Djaković d.d. Specijalna vozila;
durodakovicgroup;30;1;Djuro Djaković d.d. Specijalna vozila;Djuro Djaković d.d. Specijalna vozila;
durodakovicgroup;31;1;Djuro Djaković d.d. Specijalna vozila;Djuro Djaković d.d. Specijalna vozila;
durodakovicgroup;32;1;Djuro Djaković d.d. Specijalna vozila;Djuro Djaković d.d. Specijalna vozila;
durodakovicgroup;33;1;Djuro Djaković d.d. Specijalna vozila;Djuro Djaković d.d. Specijalna vozila;
durodakovicgroup;34;1;Djuro Djaković d.d. Specijalna vozila;Djuro Djaković d.d. Specijalna vozila;
durodakovicgroup;35;1;Djuro Djaković d.d. Specijalna vozila;Djuro Djaković d.d. Specijalna vozila;
durodakovicgroup;36;1;Djuro Djaković d.d. Specijalna vozila;Djuro Djaković d.d. Specijalna vozila;
durodakovicgroup;37;1;Djuro Djaković d.d. Specijalna vozila;Djuro Djaković d.d. Specijalna vozila;
durodakovicgroup;38;1;Djuro Djaković d.d. Specijalna vozila;Djuro Djaković d.d. Specijalna vozila;
durodakovicgroup;39;1;Djuro Djaković d.d. Specijalna vozila;Djuro Djaković d.d. Specijalna vozila;
durodakovicgroup;40;1;Djuro Djaković d.d. Specijalna vozila;Djuro Djaković d.d. Specijalna vozila;
durodakovicgroup;41;1;Djuro Djaković d.d. Specijalna vozila;Djuro Djaković d.d. Specijalna vozila;
durodakovicgroup;43;1;Djuro Djaković d.d. Specijalna vozila;Djuro Djaković d.d. Specijalna vozila;
durodakovicgroup;44;1;Djuro Djaković d.d. Specijalna vozila;Djuro Djaković d.d. Specijalna vozila;
durodakovicgroup;45;1;Djuro Djaković d.d. Specijalna vozila;Djuro Djaković d.d. Specijalna vozila;
durodakovicgroup;57;1;Djuro Djaković d.d. Specijalna vozila;Djuro Djaković d.d. Specijalna vozila;
durodakovicgroup;58;1;Djuro Djaković d.d. Specijalna vozila;Djuro Djaković d.d. Specijalna vozila;
durodakovicgroup;59;1;Djuro Djaković d.d. Specijalna vozila;Djuro Djaković d.d. Specijalna vozila;
durodakovicgroup;60;1;Djuro Djaković d.d. Specijalna vozila;Djuro Djaković d.d. Specijalna vozila;
teofert;1;1;Teofert;Teofert;
teofert;2;1;Teofert;Teofert;
teofert;3;1;Teofert;Teofert;
isomat;1;1;SALONICA;SALONICA;
isomat;2;1;SALONICA;SALONICA;
isomat;6;1;SALONICA;SALONICA;
isomat;7;1;SALONICA;SALONICA;
isomat;10;1;SALONICA;SALONICA;
isomat;14;1;SALONICA;SALONICA;
isomat;15;1;SALONICA;SALONICA;
isomat;17;1;SALONICA;SALONICA;
isomat;19;1;SALONICA;SALONICA;
isomat;20;1;SALONICA;SALONICA;
isomat;22;1;ROMANIA;ROMANIA;
isomat;25;1;SALONICA;SALONICA;
isomat;26;1;SERBIA;SERBIA;
isomat;27;1;SERBIA;SERBIA;
isomat;28;1;SERBIA;SERBIA;
isomat;29;1;SALONICA;SALONICA;
isomat;30;1;SALONICA;SALONICA;
isomat;31;1;SALONICA;SALONICA;
isomat;32;1;SALONICA;SALONICA;
isomat;33;1;SALONICA;SALONICA;
isomat;34;1;SALONICA;SALONICA;
isomat;36;1;SALONICA;SALONICA;
isomat;37;1;SALONICA;SALONICA;
isomat;38;1;SALONICA;SALONICA;
isomat;39;1;SALONICA;SALONICA;
isomat;40;1;SALONICA;SALONICA;
isomat;41;1;SALONICA;SALONICA;
isomat;42;1;SALONICA;SALONICA;
isomat;43;1;SALONICA;SALONICA;
isomat;45;1;SALONICA;SALONICA;
isomat;46;1;SALONICA;SALONICA;
isomat;47;1;SALONICA;SALONICA;
isomat;50;1;SALONICA;SALONICA;
isomat;51;1;SALONICA;SALONICA;
isomat;52;1;SALONICA;SALONICA;
isomat;53;1;SALONICA;SALONICA;
isomat;54;1;SALONICA;SALONICA;
isomat;55;1;SALONICA;SALONICA;
isomat;58;1;SALONICA;SALONICA;
isomat;59;1;SALONICA;SALONICA;
isomat;60;1;SALONICA;SALONICA;
isomat;61;1;SALONICA;SALONICA;
isomat;62;1;SALONICA;SALONICA;
isomat;63;1;SALONICA;SALONICA;
isomat;64;1;SALONICA;SALONICA;
isomat;65;1;SALONICA;SALONICA;
isomat;66;1;SALONICA;SALONICA;
isomat;67;1;SALONICA;SALONICA;
isomat;68;1;SALONICA;SALONICA;
isomat;69;1;SALONICA;SALONICA;
isomat;70;1;SALONICA;SALONICA;
isomat;72;1;SALONICA;SALONICA;
isomat;76;1;SALONICA;SALONICA;
isomat;77;1;SALONICA;SALONICA;
isomat;82;1;SALONICA;SALONICA;
isomat;83;1;SALONICA;SALONICA;
isomat;84;1;SALONICA;SALONICA;
isomat;85;1;SALONICA;SALONICA;
isomat;86;1;SALONICA;SALONICA;
isomat;87;1;SALONICA;SALONICA;
isomat;88;1;SALONICA;SALONICA;
isomat;89;1;SALONICA;SALONICA;
isomat;90;1;SALONICA;SALONICA;
isomat;91;1;SALONICA;SALONICA;
isomat;92;1;SALONICA;SALONICA;
isomat;93;1;SALONICA;SALONICA;
isomat;94;1;SALONICA;SALONICA;
isomat;95;1;SALONICA;SALONICA;
isomat;96;1;SALONICA;SALONICA;
tikkurila;11;1;Vantaa;Vantaa;
tikkurila;12;1;Vantaa;Vantaa;
tikkurila;14;1;Vantaa;Vantaa;
tikkurila;15;1;Vantaa;Vantaa;
tikkurila;16;1;Vantaa;Vantaa;
tikkurila;17;1;Vantaa;Vantaa;
tikkurila;19;1;Vantaa;Vantaa;
tikkurila;21;1;Vantaa;Vantaa;
tikkurila;23;1;Vantaa;Vantaa;
tikkurila;28;1;Vantaa;Vantaa;
tikkurila;31;1;Vantaa;Vantaa;
tikkurila;34;1;Vantaa;Vantaa;
tikkurila;35;1;Vantaa;Vantaa;
tikkurila;39;1;Vantaa;Vantaa;
tikkurila;41;1;Vantaa;Vantaa;
tikkurila;42;1;Vantaa;Vantaa;
tikkurila;45;1;Vantaa;Vantaa;
tikkurila;47;1;Vantaa;Vantaa;
tikkurila;48;1;Vantaa;Vantaa;
tikkurila;49;1;Vantaa;Vantaa;
tikkurila;50;1;Vantaa;Vantaa;
tikkurila;51;1;Vantaa;Vantaa;
tikkurila;55;1;Vantaa;Vantaa;
tikkurila;56;1;Vantaa;Vantaa;
tikkurila;58;1;Vantaa;Vantaa;
tikkurila;59;1;Vantaa;Vantaa;
tikkurila;61;1;Vantaa;Vantaa;
tikkurila;62;1;Vantaa;Vantaa;
tikkurila;66;1;Vantaa;Vantaa;
tikkurila;67;1;Vantaa;Vantaa;
tikkurila;68;1;Vantaa;Vantaa;
tikkurila;74;1;Vantaa;Vantaa;
tikkurila;78;1;Vantaa;Vantaa;
tikkurila;79;1;Vantaa;Vantaa;
tikkurila;81;1;Vantaa;Vantaa;
tikkurila;95;1;Vantaa;Vantaa;
tikkurila;96;1;Nykvarn;Nykvarn;
tikkurila;99;1;Vantaa;Vantaa;
tikkurila;106;1;Vantaa;Vantaa;
tikkurila;109;1;Vantaa;Vantaa;
tikkurila;145;1;Vantaa;Vantaa;
tikkurila;150;1;Vantaa;Vantaa;
tikkurila;165;1;Vantaa;Vantaa;
tikkurila;171;1;Vantaa;Vantaa;
tikkurila;176;1;Nykvarn;Nykvarn;
tikkurila;178;1;Nykvarn;Nykvarn;
tikkurila;179;1;Nykvarn;Nykvarn;
tikkurila;180;1;Nykvarn;Nykvarn;
tikkurila;182;1;Nykvarn;Nykvarn;
tikkurila;185;1;Nykvarn;Nykvarn;
tikkurila;187;1;Nykvarn;Nykvarn;
tikkurila;189;1;Nykvarn;Nykvarn;
tikkurila;190;1;Nykvarn;Nykvarn;
tikkurila;192;1;Nykvarn;Nykvarn;
tikkurila;201;1;Vantaa;Vantaa;
tikkurila;205;1;Vantaa;Vantaa;
tikkurila;206;1;Vantaa;Vantaa;
tikkurila;210;1;Vantaa;Vantaa;
tikkurila;218;1;Vantaa;Vantaa;
tikkurila;251;1;Nykvarn;Nykvarn;
tikkurila;256;1;Vantaa;Vantaa;
tikkurila;258;1;Vantaa;Vantaa;
tikkurila;259;1;Vantaa;Vantaa;
tikkurila;260;1;Vantaa;Vantaa;
tikkurila;262;1;Vantaa;Vantaa;
tikkurila;265;1;Nykvarn;Nykvarn;
tikkurila;266;1;Nykvarn;Nykvarn;
tikkurila;267;1;Nykvarn;Nykvarn;
tikkurila;268;1;Nykvarn;Nykvarn;
tikkurila;270;1;Vantaa;Vantaa;
tikkurila;275;1;Vantaa;Vantaa;
tikkurila;278;1;Nykvarn;Nykvarn;
tikkurila;279;1;Vantaa;Vantaa;
tikkurila;281;1;Vantaa;Vantaa;
tikkurila;282;1;Vantaa;Vantaa;
tikkurila;283;1;Vantaa;Vantaa;
tikkurila;284;1;Vantaa;Vantaa;
tikkurila;286;1;Nykvarn;Nykvarn;
tikkurila;288;1;Nykvarn;Nykvarn;
tikkurila;291;1;Nykvarn;Nykvarn;
tikkurila;297;1;Vantaa;Vantaa;
tikkurila;300;1;Vantaa;Vantaa;
tikkurila;309;1;Vantaa;Vantaa;
tikkurila;316;1;Vantaa;Vantaa;
tikkurila;317;1;Vantaa;Vantaa;
tikkurila;318;1;Vantaa;Vantaa;
tikkurila;320;1;Vantaa;Vantaa;
tikkurila;323;1;Vantaa;Vantaa;
tikkurila;324;1;Vantaa;Vantaa;
tikkurila;326;1;Nykvarn;Nykvarn;
tikkurila;327;1;Nykvarn;Nykvarn;
tikkurila;330;1;Nykvarn;Nykvarn;
tikkurila;331;1;Nykvarn;Nykvarn;
tikkurila;332;1;Vantaa;Vantaa;
tikkurila;334;1;Vantaa;Vantaa;
tikkurila;335;1;Vantaa;Vantaa;
tikkurila;336;1;Vantaa;Vantaa;
tikkurila;337;1;Vantaa;Vantaa;
tikkurila;340;1;Nykvarn;Nykvarn;
nde;1;1;Goonvean Electronics;Goonvean Electronics;
nde;2;1;Goonvean Electronics;Goonvean Electronics;
nde;3;1;Goonvean Electronics;Goonvean Electronics;
nde;4;1;Goonvean Electronics;Goonvean Electronics;
nde;5;1;Goonvean Electronics;Goonvean Electronics;
nde;6;1;Goonvean Electronics;Goonvean Electronics;
nde;7;1;Goonvean Electronics;Goonvean Electronics;
nde;8;1;Goonvean Electronics;Goonvean Electronics;
nde;9;1;Goonvean Electronics;Goonvean Electronics;
nde;10;1;Goonvean Electronics;Goonvean Electronics;
nde;11;1;Goonvean Electronics;Goonvean Electronics;
nde;12;1;Goonvean Electronics;Goonvean Electronics;
nde;13;1;Goonvean Electronics;Goonvean Electronics;
nde;14;1;Goonvean Electronics;Goonvean Electronics;
nde;15;1;Goonvean Electronics;Goonvean Electronics;
nde;16;1;Goonvean Electronics;Goonvean Electronics;
nde;17;1;Goonvean Electronics;Goonvean Electronics;
nde;18;1;Goonvean Electronics;Goonvean Electronics;
nde;19;1;Goonvean Electronics;Goonvean Electronics;
nde;20;1;Goonvean Electronics;Goonvean Electronics;
nde;21;1;Goonvean Electronics;Goonvean Electronics;
nde;22;1;Goonvean Electronics;Goonvean Electronics;
nde;23;1;Goonvean Electronics;Goonvean Electronics;
nde;24;1;Goonvean Electronics;Goonvean Electronics;
nde;25;1;Goonvean Electronics;Goonvean Electronics;
nde;26;1;Goonvean Electronics;Goonvean Electronics;
nde;27;1;Goonvean Electronics;Goonvean Electronics;
nde;28;1;Goonvean Electronics;Goonvean Electronics;
nde;29;1;Goonvean Electronics;Goonvean Electronics;
nde;30;1;Goonvean Electronics;Goonvean Electronics;
nde;31;1;Goonvean Electronics;Goonvean Electronics;
nde;32;1;Goonvean Electronics;Goonvean Electronics;
nde;33;1;Goonvean Electronics;Goonvean Electronics;
nde;34;1;Goonvean Electronics;Goonvean Electronics;
nde;35;1;Goonvean Electronics;Goonvean Electronics;
nde;36;1;Goonvean Electronics;Goonvean Electronics;
alloypiping;1;1;Shreveport;Shreveport;
jjs;1;1;Gateshead;Gateshead;
jjs;2;1;Gateshead;Gateshead;
jjs;5;1;Gateshead;Gateshead;
jjs;6;1;Gateshead;Gateshead;
jjs;8;1;Gateshead;Gateshead;
jjs;9;1;Gateshead;Gateshead;
jjs;10;1;Gateshead;Gateshead;
jjs;11;1;Gateshead;Gateshead;
jjs;12;1;Gateshead;Gateshead;
jjs;13;1;Gateshead;Gateshead;
jjs;14;1;Gateshead;Gateshead;
jjs;17;1;Golborne;Golborne;
jjs;18;1;Golborne;Golborne;
jjs;19;1;Golborne;Golborne;
jjs;20;1;Golborne;Golborne;
jjs;21;1;Golborne;Golborne;
jjs;22;1;Golborne;Golborne;
jjs;23;1;Golborne;Golborne;
jjs;24;1;Golborne;Golborne;
jjs;27;1;Golborne;Golborne;
jjs;29;1;Golborne;Golborne;
jjs;31;1;Aboyne;Aboyne;
jjs;32;1;Aboyne;Aboyne;
jjs;37;1;Forres;Forres;
jjs;38;1;Forres;Forres;
jjs;39;1;Forres;Forres;
jjs;41;1;Forres;Forres;
jjs;44;1;Forres;Forres;
jjs;46;1;Forres;Forres;
jjs;47;1;Forres;Forres;
jjs;50;1;Forres;Forres;
jjs;54;1;Forres;Forres;
jjs;57;1;Forres;Forres;
jjs;58;1;Forres;Forres;
jjs;59;1;Forres;Forres;
jjs;61;1;Forres;Forres;
jjs;62;1;Forres;Forres;
jjs;63;1;Forres;Forres;
jjs;65;1;Forres;Forres;
jjs;66;1;Forres;Forres;
jjs;67;1;Forres;Forres;
jjs;70;1;Forres;Forres;
jjs;71;1;Forres;Forres;
jjs;72;1;Forres;Forres;
jjs;73;1;Forres;Forres;
jjs;74;1;Forres;Forres;
jjs;79;1;Forres;Forres;
jjs;80;1;Forres;Forres;
jjs;81;1;Forres;Forres;
jjs;85;1;Forres;Forres;
jjs;87;1;Wrexham;Wrexham;
jjs;89;1;Wrexham;Wrexham;
jjs;90;1;Wrexham;Wrexham;
jjs;91;1;Wrexham;Wrexham;
jjs;96;1;Wrexham;Wrexham;
jjs;100;1;Aboyne;Aboyne;
jjs;101;1;Aboyne;Aboyne;
jjs;104;1;Wrexham;Wrexham;
jjs;105;1;Wrexham;Wrexham;
jjs;106;1;Gateshead;Gateshead;
jjs;107;1;Gateshead;Gateshead;
jjs;109;1;Wrexham;Wrexham;
jjs;110;1;Wrexham;Wrexham;
jjs;121;1;Gateshead;Gateshead;
jjs;122;1;Wrexham;Wrexham;
jjs;124;1;Aboyne;Aboyne;
jjs;125;1;Aboyne;Aboyne;
jjs;126;1;Aboyne;Aboyne;
jjs;127;1;Aboyne;Aboyne;
jjs;128;1;Aboyne;Aboyne;
jjs;129;1;Aboyne;Aboyne;
jjs;130;1;Aboyne;Aboyne;
jjs;131;1;Aboyne;Aboyne;
jjs;143;1;Aboyne;Aboyne;
jjs;144;1;Wrexham;Wrexham;
jjs;150;1;Hetton;Hetton;
jjs;151;1;Hetton;Hetton;
jjs;152;1;Hetton;Hetton;
jjs;153;1;Hetton;Hetton;
jjs;154;1;Hetton;Hetton;
jjs;155;1;Hetton;Hetton;
jjs;156;1;Hetton;Hetton;
jjs;157;1;Hetton;Hetton;
jjs;158;1;Hetton;Hetton;
jjs;159;1;Hetton;Hetton;
jjs;160;1;Hetton;Hetton;
jjs;161;1;Hetton;Hetton;
jjs;162;1;Gateshead;Gateshead;
jjs;163;1;Gateshead;Gateshead;
jjs;164;1;Wrexham;Wrexham;
jjs;165;1;Wrexham;Wrexham;
jjs;166;1;Aboyne;Aboyne;
jjs;179;1;Wrexham;Wrexham;
jjs;180;1;Wrexham;Wrexham;
jjs;181;1;Wrexham;Wrexham;
jjs;182;1;Wrexham;Wrexham;
jjs;183;1;Wrexham;Wrexham;
jjs;184;1;Wrexham;Wrexham;
jjs;185;1;Wrexham;Wrexham;
jjs;186;1;Wrexham;Wrexham;
jjs;187;1;Wrexham;Wrexham;
jjs;188;1;Wrexham;Wrexham;
jjs;189;1;Wrexham;Wrexham;
jjs;190;1;Wrexham;Wrexham;
jjs;191;1;Wrexham;Wrexham;
jjs;192;1;Wrexham;Wrexham;
jjs;193;1;Wrexham;Wrexham;
jjs;194;1;Wrexham;Wrexham;
jjs;195;1;Wrexham;Wrexham;
jjs;196;1;Mosstodloch;Mosstodloch;
jjs;197;1;Mosstodloch;Mosstodloch;
jjs;198;1;Mosstodloch;Mosstodloch;
jjs;199;1;Mosstodloch;Mosstodloch;
jjs;200;1;Mosstodloch;Mosstodloch;
jjs;202;1;Mosstodloch;Mosstodloch;
jjs;203;1;Mosstodloch;Mosstodloch;
jjs;204;1;Mosstodloch;Mosstodloch;
jjs;205;1;Mosstodloch;Mosstodloch;
jjs;206;1;Mosstodloch;Mosstodloch;
jjs;207;1;Greetham;Greetham;
jjs;208;1;Greetham;Greetham;
jjs;209;1;Greetham;Greetham;
jjs;210;1;Greetham;Greetham;
jjs;211;1;Greetham;Greetham;
jjs;212;1;Greetham;Greetham;
jjs;213;1;Wrexham;Wrexham;
jjs;214;1;Aboyne;Aboyne;
jjs;215;1;Wrexham;Wrexham;
jjs;218;1;Mosstodloch;Mosstodloch;
jjs;219;1;Mosstodloch;Mosstodloch;
jjs;220;1;Mosstodloch;Mosstodloch;
jjs;221;1;Aboyne;Aboyne;
jjs;222;1;Wrexham;Wrexham;
jjs;225;1;Wrexham;Wrexham;
jjs;226;1;Hetton;Hetton;
jjs;227;1;Hetton;Hetton;
jjs;231;1;Hetton;Hetton;
jjs;232;1;Hetton;Hetton;
jjs;233;1;Hetton;Hetton;
jjs;235;1;Hetton;Hetton;
jjs;236;1;Hetton;Hetton;
jjs;237;1;Hetton;Hetton;
jjs;239;1;Hetton;Hetton;
jjs;241;1;Hetton;Hetton;
laboratoriosgrifols;1;1;Murcia;Murcia;
laboratoriosgrifols;2;1;Murcia;Murcia;
laboratoriosgrifols;3;1;Murcia;Murcia;
laboratoriosgrifols;4;1;Murcia;Murcia;
laboratoriosgrifols;5;1;Murcia;Murcia;
laboratoriosgrifols;6;1;Murcia;Murcia;
laboratoriosgrifols;7;1;Murcia;Murcia;
laboratoriosgrifols;8;1;Murcia;Murcia;
laboratoriosgrifols;10;1;Murcia;Murcia;
laboratoriosgrifols;11;1;Murcia;Murcia;
laboratoriosgrifols;13;1;Murcia;Murcia;
laboratoriosgrifols;14;1;Murcia;Murcia;
laboratoriosgrifols;16;1;Murcia;Murcia;
laboratoriosgrifols;17;1;Murcia;Murcia;
laboratoriosgrifols;18;1;Murcia;Murcia;
laboratoriosgrifols;19;1;Murcia;Murcia;
laboratoriosgrifols;21;1;Murcia;Murcia;
laboratoriosgrifols;22;1;Murcia;Murcia;
laboratoriosgrifols;23;1;Murcia;Murcia;
laboratoriosgrifols;24;1;Murcia;Murcia;
laboratoriosgrifols;25;1;Murcia;Murcia;
laboratoriosgrifols;26;1;Murcia;Murcia;
laboratoriosgrifols;27;1;Murcia;Murcia;
laboratoriosgrifols;28;1;Murcia;Murcia;
laboratoriosgrifols;29;1;Murcia;Murcia;
laboratoriosgrifols;30;1;Murcia;Murcia;
laboratoriosgrifols;33;1;Murcia;Murcia;
laboratoriosgrifols;34;1;Murcia;Murcia;
laboratoriosgrifols;35;1;Murcia;Murcia;
laboratoriosgrifols;36;1;Murcia;Murcia;
laboratoriosgrifols;37;1;Murcia;Murcia;
laboratoriosgrifols;38;1;Murcia;Murcia;
laboratoriosgrifols;39;1;Murcia;Murcia;
laboratoriosgrifols;40;1;Murcia;Murcia;
laboratoriosgrifols;43;1;Murcia;Murcia;
laboratoriosgrifols;44;1;Murcia;Murcia;
laboratoriosgrifols;45;1;Murcia;Murcia;
laboratoriosgrifols;46;1;Murcia;Murcia;
laboratoriosgrifols;47;1;Murcia;Murcia;
laboratoriosgrifols;48;1;Murcia;Murcia;
laboratoriosgrifols;49;1;Murcia;Murcia;
laboratoriosgrifols;50;1;Murcia;Murcia;
laboratoriosgrifols;51;1;Murcia;Murcia;
laboratoriosgrifols;52;1;Murcia;Murcia;
laboratoriosgrifols;54;1;Murcia;Murcia;
laboratoriosgrifols;55;1;Murcia;Murcia;
laboratoriosgrifols;56;1;Murcia;Murcia;
laboratoriosgrifols;57;1;Murcia;Murcia;
laboratoriosgrifols;58;1;Murcia;Murcia;
laboratoriosgrifols;59;1;Murcia;Murcia;
laboratoriosgrifols;60;1;Murcia;Murcia;
laboratoriosgrifols;61;1;Murcia;Murcia;
laboratoriosgrifols;62;1;Murcia;Murcia;
laboratoriosgrifols;63;1;Murcia;Murcia;
laboratoriosgrifols;64;1;Murcia;Murcia;
laboratoriosgrifols;65;1;Murcia;Murcia;
laboratoriosgrifols;66;1;Murcia;Murcia;
laboratoriosgrifols;67;1;Murcia;Murcia;
laboratoriosgrifols;68;1;Murcia;Murcia;
laboratoriosgrifols;69;1;Murcia;Murcia;
laboratoriosgrifols;70;1;Murcia;Murcia;
laboratoriosgrifols;71;1;Murcia;Murcia;
laboratoriosgrifols;72;1;Murcia;Murcia;
laboratoriosgrifols;73;1;Murcia;Murcia;
laboratoriosgrifols;77;1;Murcia;Murcia;
laboratoriosgrifols;90;1;Murcia;Murcia;
laboratoriosgrifols;91;1;Murcia;Murcia;
laboratoriosgrifols;98;1;Murcia;Murcia;
laboratoriosgrifols;99;1;Murcia;Murcia;
laboratoriosgrifols;100;1;Murcia;Murcia;
laboratoriosgrifols;101;1;Murcia;Murcia;
laboratoriosgrifols;102;1;Murcia;Murcia;
laboratoriosgrifols;103;1;Murcia;Murcia;
laboratoriosgrifols;104;1;Murcia;Murcia;
laboratoriosgrifols;105;1;Murcia;Murcia;
laboratoriosgrifols;106;1;Murcia;Murcia;
laboratoriosgrifols;107;1;Murcia;Murcia;
laboratoriosgrifols;108;1;Murcia;Murcia;
laboratoriosgrifols;109;1;Murcia;Murcia;
laboratoriosgrifols;110;1;Murcia;Murcia;
laboratoriosgrifols;111;1;Murcia;Murcia;
laboratoriosgrifols;112;1;Murcia;Murcia;
laboratoriosgrifols;113;1;Murcia;Murcia;
laboratoriosgrifols;114;1;Murcia;Murcia;
laboratoriosgrifols;115;1;Murcia;Murcia;
laboratoriosgrifols;116;1;Murcia;Murcia;
laboratoriosgrifols;117;1;Murcia;Murcia;
laboratoriosgrifols;118;1;Murcia;Murcia;
laboratoriosgrifols;119;1;Murcia;Murcia;
laboratoriosgrifols;120;1;Murcia;Murcia;
laboratoriosgrifols;121;1;Murcia;Murcia;
laboratoriosgrifols;122;1;Murcia;Murcia;
laboratoriosgrifols;125;1;Murcia;Murcia;
laboratoriosgrifols;126;1;Murcia;Murcia;
laboratoriosgrifols;127;1;Murcia;Murcia;
laboratoriosgrifols;130;1;Murcia;Murcia;
laboratoriosgrifols;131;1;Murcia;Murcia;
laboratoriosgrifols;132;1;Murcia;Murcia;
laboratoriosgrifols;133;1;Murcia;Murcia;
laboratoriosgrifols;134;1;Murcia;Murcia;
laboratoriosgrifols;135;1;Murcia;Murcia;
laboratoriosgrifols;136;1;Murcia;Murcia;
laboratoriosgrifols;137;1;Murcia;Murcia;
laboratoriosgrifols;139;1;Murcia;Murcia;
laboratoriosgrifols;140;1;Murcia;Murcia;
laboratoriosgrifols;141;1;Murcia;Murcia;
laboratoriosgrifols;142;1;Murcia;Murcia;
laboratoriosgrifols;143;1;Murcia;Murcia;
laboratoriosgrifols;144;1;Murcia;Murcia;
laboratoriosgrifols;145;1;Murcia;Murcia;
laboratoriosgrifols;149;1;Murcia;Murcia;
laboratoriosgrifols;150;1;Murcia;Murcia;
laboratoriosgrifols;151;1;Murcia;Murcia;
laboratoriosgrifols;152;1;Murcia;Murcia;
laboratoriosgrifols;153;1;Murcia;Murcia;
laboratoriosgrifols;154;1;Murcia;Murcia;
laboratoriosgrifols;155;1;Murcia;Murcia;
laboratoriosgrifols;156;1;Murcia;Murcia;
laboratoriosgrifols;157;1;Murcia;Murcia;
laboratoriosgrifols;158;1;Murcia;Murcia;
laboratoriosgrifols;159;1;Murcia;Murcia;
laboratoriosgrifols;160;1;Murcia;Murcia;
laboratoriosgrifols;161;1;Murcia;Murcia;
laboratoriosgrifols;162;1;Murcia;Murcia;
laboratoriosgrifols;163;1;Murcia;Murcia;
laboratoriosgrifols;164;1;Murcia;Murcia;
laboratoriosgrifols;165;1;Murcia;Murcia;
laboratoriosgrifols;166;1;Murcia;Murcia;
laboratoriosgrifols;167;1;Murcia;Murcia;
laboratoriosgrifols;168;1;Murcia;Murcia;
laboratoriosgrifols;169;1;Murcia;Murcia;
laboratoriosgrifols;170;1;Murcia;Murcia;
laboratoriosgrifols;171;1;Murcia;Murcia;
laboratoriosgrifols;172;1;Murcia;Murcia;
laboratoriosgrifols;173;1;Murcia;Murcia;
laboratoriosgrifols;174;1;Murcia;Murcia;
laboratoriosgrifols;175;1;Murcia;Murcia;
laboratoriosgrifols;180;1;Murcia;Murcia;
laboratoriosgrifols;187;1;GWWO;GWWO;
laboratoriosgrifols;190;1;GWWO;GWWO;
laboratoriosgrifols;194;1;GWWO;GWWO;
laboratoriosgrifols;197;1;GWWO;GWWO;
laboratoriosgrifols;198;1;Murcia;Murcia;
laboratoriosgrifols;199;1;Murcia;Murcia;
laboratoriosgrifols;200;1;Murcia;Murcia;
laboratoriosgrifols;201;1;Murcia;Murcia;
laboratoriosgrifols;202;1;Murcia;Murcia;
laboratoriosgrifols;203;1;Murcia;Murcia;
laboratoriosgrifols;204;1;Murcia;Murcia;
laboratoriosgrifols;207;1;Murcia;Murcia;
laboratoriosgrifols;208;1;Murcia;Murcia;
laboratoriosgrifols;209;1;Murcia;Murcia;
laboratoriosgrifols;210;1;Murcia;Murcia;
laboratoriosgrifols;211;1;Murcia;Murcia;
laboratoriosgrifols;214;1;Murcia;Murcia;
laboratoriosgrifols;226;1;Murcia;Murcia;
laboratoriosgrifols;227;1;Murcia;Murcia;
laboratoriosgrifols;228;1;Murcia;Murcia;
laboratoriosgrifols;229;1;Murcia;Murcia;
laboratoriosgrifols;230;1;Murcia;Murcia;
laboratoriosgrifols;232;1;Murcia;Murcia;
laboratoriosgrifols;233;1;Murcia;Murcia;
laboratoriosgrifols;235;1;Murcia;Murcia;
laboratoriosgrifols;237;1;Murcia;Murcia;
laboratoriosgrifols;238;1;Murcia;Murcia;
laboratoriosgrifols;239;1;Murcia;Murcia;
laboratoriosgrifols;241;1;Murcia;Murcia;
laboratoriosgrifols;243;1;Murcia;Murcia;
laboratoriosgrifols;244;1;Murcia;Murcia;
laboratoriosgrifols;246;1;Murcia;Murcia;
laboratoriosgrifols;248;1;Murcia;Murcia;
laboratoriosgrifols;250;1;Murcia;Murcia;
laboratoriosgrifols;255;1;Murcia;Murcia;
laboratoriosgrifols;258;1;Murcia;Murcia;
laboratoriosgrifols;259;1;Murcia;Murcia;
laboratoriosgrifols;260;1;Murcia;Murcia;
laboratoriosgrifols;261;1;Murcia;Murcia;
laboratoriosgrifols;262;1;Murcia;Murcia;
laboratoriosgrifols;263;1;Murcia;Murcia;
laboratoriosgrifols;264;1;Murcia;Murcia;
laboratoriosgrifols;265;1;Murcia;Murcia;
laboratoriosgrifols;266;1;Murcia;Murcia;
laboratoriosgrifols;267;1;Murcia;Murcia;
laboratoriosgrifols;268;1;Murcia;Murcia;
laboratoriosgrifols;270;1;Murcia;Murcia;
laboratoriosgrifols;271;1;Murcia;Murcia;
laboratoriosgrifols;272;1;Murcia;Murcia;
laboratoriosgrifols;273;1;Murcia;Murcia;
laboratoriosgrifols;274;1;Murcia;Murcia;
laboratoriosgrifols;275;1;Murcia;Murcia;
laboratoriosgrifols;276;1;Murcia;Murcia;
laboratoriosgrifols;277;1;GWWO;GWWO;
laboratoriosgrifols;278;1;GWWO;GWWO;
laboratoriosgrifols;279;1;Murcia;Murcia;
plomari;1;1;Default;Default;
plomari;2;1;Default;Default;
plomari;3;1;Default;Default;
plomari;4;1;Default;Default;
plomari;5;1;Default;Default;
manopoulos;1;1;Default;Default;
manopoulos;2;1;Default;Default;
manopoulos;13;1;Default;Default;
manopoulos;14;1;Default;Default;
manopoulos;15;1;Default;Default;
bontexgeo;1;1;Default;Default;
bontexgeo;5;1;Default;Default;
bontexgeo;6;1;Default;Default;
bontexgeo;10;1;Default;Default;
bontexgeo;11;1;Default;Default;
bontexgeo;13;1;Default;Default;
bontexgeo;15;1;Default;Default;
bontexgeo;16;1;Default;Default;
bontexgeo;17;1;Default;Default;
bontexgeo;20;1;Default;Default;
bontexgeo;21;1;Default;Default;
bontexgeo;23;1;Default;Default;
bontexgeo;24;1;Default;Default;
bontexgeo;25;1;Default;Default;
bontexgeo;26;1;Default;Default;
bontexgeo;27;1;Default;Default;
bontexgeo;28;1;Default;Default;
bontexgeo;29;1;Default;Default;
bontexgeo;30;1;Default;Default;
bontexgeo;31;1;Default;Default;
bontexgeo;32;1;Default;Default;
bontexgeo;37;1;Default;Default;
bontexgeo;39;1;Default;Default;
bontexgeo;40;1;Default;Default;
bontexgeo;41;1;Default;Default;
bontexgeo;42;1;Default;Default;
bontexgeo;43;1;Default;Default;
bontexgeo;44;1;Default;Default;
bontexgeo;45;1;Default;Default;
evrafish;11;1;Evrafish;Evrafish;
evrafish;12;1;Evrafish;Evrafish;
evrafish;13;1;Evrafish;Evrafish;
evrafish;14;1;Evrafish;Evrafish;
evrafish;15;1;Evrafish;Evrafish;
evrafish;16;1;Evrafish;Evrafish;
evrafish;17;1;Evrafish;Evrafish;
evrafish;19;1;Evrafish;Evrafish;
evrafish;21;1;Evrafish;Evrafish;
evrafish;22;1;Evrafish;Evrafish;
evrafish;25;1;Evrafish;Evrafish;
evrafish;26;1;Evrafish;Evrafish;
evrafish;27;1;Evrafish;Evrafish;
evrafish;28;1;Evrafish;Evrafish;
evrafish;29;1;Evrafish;Evrafish;
evrafish;31;1;Evrafish;Evrafish;
evrafish;32;1;Evrafish;Evrafish;
evrafish;33;1;Evrafish;Evrafish;
evrafish;34;1;Evrafish;Evrafish;
evrafish;35;1;Evrafish;Evrafish;
evrafish;36;1;Evrafish;Evrafish;
evrafish;37;1;Evrafish;Evrafish;
evrafish;38;1;Evrafish;Evrafish;
evrofarma;2;1;Evrofarma;Evrofarma;
evrofarma;3;1;Evrofarma;Evrofarma;
evrofarma;4;1;Evrofarma;Evrofarma;
evrofarma;5;1;Evrofarma;Evrofarma;
evrofarma;6;1;Evrofarma;Evrofarma;
evrofarma;7;1;Evrofarma;Evrofarma;
evrofarma;8;1;Evrofarma;Evrofarma;
evrofarma;9;1;Evrofarma;Evrofarma;
bepensa;1;1;Bepensa Dominicana;Bepensa Dominicana;
bepensa;2;1;Bepensa Dominicana;Bepensa Dominicana;
bepensa;3;1;Bepensa Dominicana;Bepensa Dominicana;
bepensa;4;1;Bepensa Dominicana;Bepensa Dominicana;
bepensa;5;1;Bepensa Dominicana;Bepensa Dominicana;
bepensa;6;1;Bepensa Dominicana;Bepensa Dominicana;
bepensa;7;1;Bepensa Dominicana;Bepensa Dominicana;
bepensa;8;1;Bepensa Dominicana;Bepensa Dominicana;
bepensa;9;1;Bepensa Dominicana;Bepensa Dominicana;
bepensa;10;1;Bepensa Dominicana;Bepensa Dominicana;
bepensa;11;1;Bepensa Dominicana;Bepensa Dominicana;
bepensa;12;1;Bepensa Dominicana;Bepensa Dominicana;
bepensa;13;1;Bepensa Dominicana;Bepensa Dominicana;
bepensa;14;1;Bepensa Dominicana;Bepensa Dominicana;
bepensa;15;1;Bepensa Dominicana;Bepensa Dominicana;
bepensa;16;1;Bepensa Dominicana;Bepensa Dominicana;
biobenjamin;1;1;Factory 1;Factory 1;
biobenjamin;2;1;Factory 1;Factory 1;
biobenjamin;3;1;Factory 1;Factory 1;
biobenjamin;4;1;Factory 1;Factory 1;
biobenjamin;5;1;Factory 1;Factory 1;
biobenjamin;6;1;Factory 1;Factory 1;
biobenjamin;7;1;Factory 1;Factory 1;
biobenjamin;8;1;Factory 1;Factory 1;
biobenjamin;9;1;Factory 1;Factory 1;
biobenjamin;10;1;Factory 1;Factory 1;
biobenjamin;11;1;Factory 1;Factory 1;
biobenjamin;12;1;Factory 1;Factory 1;
biobenjamin;13;1;Factory 1;Factory 1;
biobenjamin;14;1;Factory 1;Factory 1;
biobenjamin;15;1;Factory 1;Factory 1;
atria;1;1;Atria;Atria;
atria;2;1;Atria;Atria;
atria;3;1;Atria;Atria;
marstap;1;1;Marstap;Marstap;
marstap;2;1;Marstap;Marstap;
marstap;3;1;Marstap;Marstap;
marstap;4;1;Marstap;Marstap;
marstap;5;1;Marstap;Marstap;
marstap;6;1;Marstap;Marstap;
marstap;7;1;Marstap;Marstap;
marstap;8;1;Marstap;Marstap;
marstap;9;1;Marstap;Marstap;
marstap;10;1;Marstap;Marstap;
marstap;11;1;Marstap;Marstap;
marstap;12;1;Marstap;Marstap;
marstap;13;1;Marstap;Marstap;
marstap;14;1;Marstap;Marstap;
marstap;15;1;Marstap;Marstap;
marstap;16;1;Marstap;Marstap;
marstap;17;1;Marstap;Marstap;
landis;1;1;Default;Default;
landis;2;1;Default;Default;
landis;3;1;Default;Default;
landis;4;1;Default;Default;
landis;5;1;Default;Default;
landis;6;1;Default;Default;
landis;7;1;Default;Default;
landis;8;1;Default;Default;
landis;9;1;Default;Default;
landis;10;1;Default;Default;
landis;11;1;Default;Default;
landis;12;1;Default;Default;
landis;13;1;Default;Default;
landis;14;1;Default;Default;
landis;15;1;Default;Default;
landis;16;1;Default;Default;
landis;17;1;Default;Default;
landis;18;1;Default;Default;
landis;19;1;Default;Default;
landis;20;1;Default;Default;
landis;21;1;Default;Default;
landis;22;1;Default;Default;
landis;23;1;Default;Default;
landis;24;1;Default;Default;
landis;25;1;Default;Default;
landis;26;1;Default;Default;
landis;27;1;Default;Default;
landis;28;1;Default;Default;
landis;29;1;Default;Default;
landis;30;1;Default;Default;
landis;31;1;Default;Default;
vioser;9;1;Default;Default;
vioser;10;1;Default;Default;
vioser;11;1;Default;Default;
vioser;12;1;Default;Default;
vioser;13;1;Default;Default;
vioser;14;1;Default;Default;
vioser;15;1;Default;Default;
vioser;16;1;Default;Default;
vioser;17;1;Default;Default;
vioser;18;1;Default;Default;
vioser;19;1;Default;Default;
vioser;21;1;Default;Default;
vioser;22;1;Default;Default;
vioser;24;1;Default;Default;
vioser;25;1;Default;Default;
vioser;26;1;Default;Default;
vioser;27;1;Default;Default;
vioser;28;1;Default;Default;
vioser;29;1;Default;Default;
vioser;30;1;Default;Default;
vioser;31;1;Default;Default;
vioser;32;1;Default;Default;
vioser;34;1;Default;Default;
vioser;35;1;Default;Default;
vioser;36;1;Default;Default;
vioser;37;1;Default;Default;
vioser;38;1;Default;Default;
vioser;46;1;Default;Default;
vioser;47;1;Default;Default;
vioser;48;1;Default;Default;
vioser;49;1;Default;Default;
vioser;53;1;Default;Default;
vioser;54;1;Default;Default;
vioser;55;1;Default;Default;
vioser;56;1;Default;Default;
vioser;57;1;Default;Default;
vioser;59;1;Default;Default;
vioser;60;1;Default;Default;
vioser;61;1;Default;Default;
vioser;62;1;Default;Default;
vioser;63;1;Default;Default;
vioser;64;1;Default;Default;
vioser;65;1;Default;Default;
vioser;66;1;Default;Default;
vioser;67;1;Default;Default;
campari;2;1;Default;Default;
campari;3;1;Default;Default;
campari;4;1;Default;Default;
campari;5;1;Default;Default;
campari;6;1;Default;Default;
campari;7;1;Default;Default;
campari;8;1;Default;Default;
campari;9;1;Default;Default;
campari;10;1;Default;Default;
campari;11;1;Default;Default;
campari;13;1;Default;Default;
campari;14;1;Default;Default;
campari;15;1;Default;Default;
margafrique;1;1;Margafrique;Margafrique;
margafrique;2;1;Margafrique;Margafrique;
margafrique;3;1;Margafrique;Margafrique;
kubiec;1;1;Kubiec;Kubiec;
kubiec;3;1;Kubiec;Kubiec;
kubiec;4;1;Kubiec;Kubiec;
kubiec;5;1;Kubiec;Kubiec;
kubiec;6;1;Kubiec;Kubiec;
kubiec;7;1;Kubiec;Kubiec;
kubiec;8;1;Kubiec;Kubiec;
kubiec;9;1;Kubiec;Kubiec;
kubiec;10;1;Kubiec;Kubiec;
kubiec;11;1;Kubiec;Kubiec;
kubiec;12;1;Kubiec;Kubiec;
kubiec;13;1;Kubiec;Kubiec;
kubiec;14;1;Kubiec;Kubiec;
kubiec;15;1;Kubiec;Kubiec;
kubiec;16;1;Kubiec;Kubiec;
kubiec;17;1;Kubiec;Kubiec;
kubiec;18;1;Kubiec;Kubiec;
kubiec;19;1;Kubiec;Kubiec;
kubiec;20;1;Kubiec;Kubiec;
kubiec;21;1;Kubiec;Kubiec;
kubiec;22;1;Kubiec;Kubiec;
kubiec;23;1;Kubiec;Kubiec;
kubiec;24;1;Kubiec;Kubiec;
kubiec;25;1;Kubiec;Kubiec;
kubiec;26;1;Kubiec;Kubiec;
kubiec;27;1;Kubiec;Kubiec;
kubiec;28;1;Kubiec;Kubiec;
kubiec;29;1;Kubiec;Kubiec;
kubiec;30;1;Kubiec;Kubiec;
kubiec;31;1;Kubiec;Kubiec;
kubiec;32;1;Kubiec;Kubiec;
kubiec;33;1;Kubiec;Kubiec;
kubiec;34;1;Kubiec;Kubiec;
kubiec;35;1;Kubiec;Kubiec;
kubiec;36;1;Kubiec;Kubiec;
kubiec;37;1;Kubiec;Kubiec;
kubiec;38;1;Kubiec;Kubiec;
kubiec;39;1;Kubiec;Kubiec;
kubiec;40;1;Kubiec;Kubiec;
kubiec;41;1;Kubiec;Kubiec;
kubiec;42;1;Kubiec;Kubiec;
kubiec;43;1;Kubiec;Kubiec;
kubiec;44;1;Kubiec;Kubiec;
kubiec;45;1;Kubiec;Kubiec;
kubiec;46;1;Kubiec;Kubiec;
kubiec;47;1;Kubiec;Kubiec;
kubiec;48;1;Kubiec;Kubiec;
kubiec;49;1;Kubiec;Kubiec;
kubiec;50;1;Kubiec;Kubiec;
kubiec;51;1;Kubiec;Kubiec;
kubiec;52;1;Kubiec;Kubiec;
kubiec;53;1;Kubiec;Kubiec;
kubiec;54;1;Kubiec;Kubiec;
kubiec;55;1;Kubiec;Kubiec;
kubiec;56;1;Kubiec;Kubiec;
kubiec;57;1;Kubiec;Kubiec;
kubiec;58;1;Kubiec;Kubiec;
kubiec;59;1;Kubiec;Kubiec;
kubiec;60;1;Kubiec;Kubiec;
kubiec;61;1;Kubiec;Kubiec;
kubiec;62;1;Kubiec;Kubiec;
kubiec;63;1;Kubiec;Kubiec;
kubiec;64;1;Kubiec;Kubiec;
kubiec;65;1;Kubiec;Kubiec;
kubiec;66;1;Kubiec;Kubiec;
kubiec;67;1;Kubiec;Kubiec;
kubiec;68;1;Kubiec;Kubiec;
kubiec;69;1;Kubiec;Kubiec;
kubiec;70;1;Kubiec;Kubiec;
kubiec;71;1;Kubiec;Kubiec;
kubiec;72;1;Kubiec;Kubiec;
kubiec;73;1;Kubiec;Kubiec;
kubiec;75;1;Kubiec;Kubiec;
kubiec;76;1;Kubiec;Kubiec;
kubiec;77;1;Kubiec;Kubiec;
kubiec;78;1;Kubiec;Kubiec;
kubiec;79;1;Kubiec;Kubiec;
kubiec;80;1;Kubiec;Kubiec;
kubiec;81;1;Kubiec;Kubiec;
kubiec;82;1;Kubiec;Kubiec;
kubiec;83;1;Kubiec;Kubiec;
kubiec;84;1;Kubiec;Kubiec;
kubiec;85;1;Kubiec;Kubiec;
kubiec;86;1;Kubiec;Kubiec;
kubiec;87;1;Kubiec;Kubiec;
toci;3;0;;;no stations, no factory - needs a decision
toci;39;1;Default;Default;
toci;40;1;Default;Default;
toci;42;1;Default;Default;
toci;45;0;;;no stations, no factory - needs a decision
toci;47;0;;;no stations, no factory - needs a decision
toci;49;0;;;no stations, no factory - needs a decision
kgm;3;1;Default;Default;
kgm;4;1;Default;Default;
kgm;5;1;Default;Default;
kgm;7;1;Default;Default;
kgm;8;1;Default;Default;
kgm;10;1;Default;Default;
kgm;11;1;Default;Default;
kgm;13;1;Default;Default;
kgm;15;1;Default;Default;
kgm;17;1;Default;Default;
kgm;19;1;Default;Default;
kgm;20;1;Default;Default;
kgm;21;1;Default;Default;
kgm;24;1;Default;Default;
kgm;29;1;Default;Default;
kgm;32;1;Default;Default;
kgm;34;1;Default;Default;
kgm;35;1;Default;Default;
kgm;40;1;Default;Default;
kgm;41;1;Default;Default;
kgm;44;1;Default;Default;
kgm;46;1;Default;Default;
kgm;48;1;Default;Default;
kgm;54;1;Default;Default;
kgm;57;1;Default;Default;
kgm;58;1;Default;Default;
kgm;65;1;Default;Default;
kgm;68;1;Default;Default;
kgm;72;1;Default;Default;
kgm;73;1;Default;Default;
kgm;74;1;Default;Default;
kgm;75;1;Default;Default;
kgm;76;1;Default;Default;
kgm;77;1;Default;Default;
lhmstrates;1;1;Default;Default;
intercomm;1;1;Default;Default;
intercomm;2;1;Default;Default;
intercomm;4;1;Default;Default;
intercomm;13;1;Default;Default;
intercomm;14;1;Default;Default;
intercomm;15;1;Default;Default;
intercomm;16;1;Default;Default;
intercomm;20;1;Default;Default;
intercomm;21;1;Default;Default;
intercomm;22;1;Default;Default;
intercomm;23;1;Default;Default;
intercomm;24;1;Default;Default;
intercomm;25;1;Default;Default;
intercomm;28;1;Default;Default;
intercomm;34;1;Default;Default;
intercomm;37;1;Default;Default;
intercomm;40;1;Default;Default;
intercomm;50;1;Default;Default;
intercomm;56;1;Default;Default;
intercomm;57;1;Default;Default;
intercomm;58;1;Default;Default;
intercomm;62;1;Default;Default;
intercomm;65;1;Default;Default;
intercomm;67;1;Default;Default;
intercomm;70;1;Default;Default;
intercomm;71;1;Default;Default;
intercomm;74;1;Default;Default;
intercomm;84;1;Default;Default;
intercomm;93;1;Default;Default;
intercomm;94;1;Default;Default;
intercomm;98;1;Default;Default;
intercomm;99;1;Default;Default;
intercomm;101;1;Default;Default;
intercomm;105;1;Default;Default;
intercomm;106;1;Default;Default;
intercomm;107;1;Default;Default;
intercomm;108;1;Default;Default;
intercomm;109;1;Default;Default;
intercomm;113;1;Default;Default;
intercomm;116;1;Default;Default;
intercomm;119;1;Default;Default;
intercomm;120;1;Default;Default;
intercomm;121;1;Default;Default;
intercomm;123;1;Default;Default;
intercomm;124;1;Default;Default;
intercomm;125;1;Default;Default;
intercomm;126;1;Default;Default;
intercomm;128;1;Default;Default;
intercomm;130;1;Default;Default;
intercomm;131;1;Default;Default;
intercomm;132;1;Default;Default;
intercomm;133;1;Default;Default;
intercomm;134;1;Default;Default;
intercomm;136;1;Default;Default;
intercomm;137;1;Default;Default;
intercomm;138;1;Default;Default;
intercomm;139;1;Default;Default;
intercomm;140;1;Default;Default;
intercomm;141;1;Default;Default;
intercomm;142;1;Default;Default;
intercomm;143;1;Default;Default;
intercomm;145;1;Default;Default;
intercomm;146;1;Default;Default;
intercomm;147;1;Default;Default;
intercomm;148;1;Default;Default;
intercomm;149;1;Default;Default;
intercomm;150;1;Default;Default;
intercomm;151;1;Default;Default;
intercomm;152;1;Default;Default;
intercomm;155;1;Default;Default;
intercomm;158;1;Default;Default;
intercomm;160;1;Default;Default;
intercomm;161;1;Default;Default;
intercomm;168;1;Default;Default;
intercomm;169;1;Default;Default;
intercomm;170;1;Default;Default;
intercomm;171;1;Default;Default;
intercomm;172;1;Default;Default;
intercomm;174;1;Default;Default;
intercomm;175;1;Default;Default;
intercomm;176;1;Default;Default;
intercomm;177;1;Default;Default;
intercomm;178;1;Default;Default;
intercomm;179;1;Default;Default;
intercomm;180;1;Default;Default;
intercomm;181;1;Default;Default;
intercomm;182;1;Default;Default;
intercomm;183;1;Default;Default;
intercomm;184;1;Default;Default;
intercomm;185;1;Default;Default;
intercomm;186;1;Default;Default;
intercomm;187;1;Default;Default;
intercomm;188;1;Default;Default;
intercomm;189;1;Default;Default;
intercomm;190;1;Default;Default;
intercomm;191;1;Default;Default;
intercomm;192;1;Default;Default;
intercomm;193;1;Default;Default;
intercomm;194;1;Default;Default;
intercomm;195;1;Default;Default;
intercomm;196;1;Default;Default;
intercomm;197;1;Default;Default;
intercomm;198;1;Default;Default;
intercomm;199;1;Default;Default;
intercomm;200;1;Default;Default;
intercomm;201;1;Default;Default;
intercomm;202;1;Default;Default;
intercomm;203;1;Default;Default;
intercomm;204;1;Default;Default;
intercomm;205;1;Default;Default;
intercomm;206;1;Default;Default;
intercomm;207;1;Default;Default;
intercomm;208;1;Default;Default;
intercomm;209;1;Default;Default;
intercomm;210;1;Default;Default;
intercomm;211;1;Default;Default;
intercomm;212;1;Default;Default;
intercomm;213;1;Default;Default;
intercomm;214;1;Default;Default;
intercomm;215;1;Default;Default;
intercomm;216;1;Default;Default;
intercomm;217;1;Default;Default;
intercomm;218;1;Default;Default;
intercomm;219;1;Default;Default;
intercomm;220;1;Default;Default;
intercomm;221;1;Default;Default;
intercomm;222;1;Default;Default;
intercomm;223;1;Default;Default;
intercomm;224;1;Default;Default;
intercomm;225;1;Default;Default;
intercomm;226;1;Default;Default;
intercomm;227;1;Default;Default;
intercomm;228;1;Default;Default;
intercomm;229;1;Default;Default;
intercomm;230;1;Default;Default;
intercomm;231;1;Default;Default;
intercomm;232;1;Default;Default;
intercomm;233;1;Default;Default;
intercomm;234;1;Default;Default;
intercomm;235;1;Default;Default;
intercomm;236;1;Default;Default;
intercomm;237;1;Default;Default;
intercomm;238;1;Default;Default;
intercomm;239;1;Default;Default;
intercomm;240;1;Default;Default;
intercomm;241;1;Default;Default;
intercomm;242;1;Default;Default;
intercomm;243;1;Default;Default;
intercomm;244;1;Default;Default;
intercomm;245;1;Default;Default;
intercomm;246;1;Default;Default;
intercomm;247;1;Default;Default;
intercomm;248;1;Default;Default;
intercomm;249;1;Default;Default;
intercomm;250;1;Default;Default;
intercomm;251;1;Default;Default;
intercomm;252;1;Default;Default;
intercomm;253;1;Default;Default;
intercomm;254;1;Default;Default;
intercomm;255;1;Default;Default;
intercomm;256;1;Default;Default;
intercomm;257;1;Default;Default;
intercomm;258;1;Default;Default;
intercomm;259;1;Default;Default;
intercomm;260;1;Default;Default;
intercomm;261;1;Default;Default;
intercomm;262;1;Default;Default;
intercomm;263;1;Default;Default;
intercomm;264;1;Default;Default;
intercomm;265;1;Default;Default;
intercomm;266;1;Default;Default;
intercomm;267;1;Default;Default;
intercomm;268;1;Default;Default;
intercomm;269;1;Default;Default;
intercomm;270;1;Default;Default;
intercomm;271;1;Default;Default;
intercomm;272;1;Default;Default;
intercomm;273;1;Default;Default;
intercomm;274;1;Default;Default;
intercomm;275;1;Default;Default;
intercomm;276;1;Default;Default;
intercomm;277;1;Default;Default;
intercomm;278;1;Default;Default;
intercomm;279;1;Default;Default;
intercomm;280;1;Default;Default;
intercomm;281;1;Default;Default;
intercomm;282;1;Default;Default;
intercomm;283;1;Default;Default;
intercomm;284;1;Default;Default;
intercomm;285;1;Default;Default;
intercomm;286;1;Default;Default;
intercomm;287;1;Default;Default;
intercomm;288;1;Default;Default;
intercomm;289;1;Default;Default;
intercomm;290;1;Default;Default;
intercomm;291;1;Default;Default;
intercomm;292;1;Default;Default;
intercomm;293;1;Default;Default;
intercomm;294;1;Default;Default;
intercomm;295;1;Default;Default;
intercomm;296;1;Default;Default;
intercomm;297;1;Default;Default;
intercomm;298;1;Default;Default;
intercomm;299;1;Default;Default;
intercomm;300;1;Default;Default;
intercomm;301;1;Default;Default;
intercomm;302;1;Default;Default;
intercomm;303;1;Default;Default;
intercomm;304;1;Default;Default;
intercomm;305;1;Default;Default;
intercomm;306;1;Default;Default;
intercomm;307;1;Default;Default;
intercomm;308;1;Default;Default;
intercomm;309;1;Default;Default;
intercomm;310;1;Default;Default;
intercomm;311;1;Default;Default;
intercomm;312;1;Default;Default;
intercomm;313;1;Default;Default;
intercomm;314;1;Default;Default;
intercomm;315;1;Default;Default;
intercomm;316;1;Default;Default;
intercomm;317;1;Default;Default;
intercomm;318;1;Default;Default;
intercomm;319;1;Default;Default;
intercomm;320;1;Default;Default;
intercomm;321;1;Default;Default;
intercomm;322;1;Default;Default;
intercomm;323;1;Default;Default;
intercomm;324;1;Default;Default;
intercomm;325;1;Default;Default;
intercomm;326;1;Default;Default;
intercomm;327;1;Default;Default;
intercomm;328;1;Default;Default;
intercomm;329;1;Default;Default;
intercomm;330;1;Default;Default;
intercomm;331;1;Default;Default;
intercomm;332;1;Default;Default;
intercomm;333;1;Default;Default;
intercomm;334;1;Default;Default;
intercomm;335;1;Default;Default;
intercomm;336;1;Default;Default;
intercomm;337;1;Default;Default;
intercomm;338;1;Default;Default;
intercomm;339;1;Default;Default;
intercomm;340;1;Default;Default;
intercomm;341;1;Default;Default;
intercomm;342;1;Default;Default;
intercomm;343;1;Default;Default;
intercomm;344;1;Default;Default;
intercomm;345;1;Default;Default;
intercomm;346;1;Default;Default;
intercomm;347;1;Default;Default;
intercomm;348;1;Default;Default;
intercomm;349;1;Default;Default;
intercomm;350;1;Default;Default;
intercomm;351;1;Default;Default;
intercomm;352;1;Default;Default;
intercomm;353;1;Default;Default;
intercomm;354;1;Default;Default;
intercomm;355;1;Default;Default;
intercomm;356;1;Default;Default;
intercomm;357;1;Default;Default;
intercomm;358;1;Default;Default;
intercomm;359;1;Default;Default;
intercomm;360;1;Default;Default;
intercomm;361;1;Default;Default;
intercomm;362;1;Default;Default;
intercomm;363;1;Default;Default;
intercomm;364;1;Default;Default;
intercomm;365;1;Default;Default;
intercomm;366;1;Default;Default;
intercomm;367;1;Default;Default;
gpv;2;1;Gpv;Gpv;
gpv;3;1;Gpv;Gpv;
papadopoulosathens;2;1;Athens;Athens;
papadopoulosathens;3;1;Athens;Athens;
papadopoulosathens;4;1;Athens;Athens;
papadopoulosathens;6;1;Athens;Athens;
papadopoulosathens;7;1;Athens;Athens;
papadopoulosathens;8;1;Athens;Athens;
papadopoulosathens;9;1;Athens;Athens;
papadopoulosathens;10;1;Athens;Athens;
papadopoulosathens;11;1;Athens;Athens;
papadopoulosathens;12;1;Athens;Athens;
papadopoulosathens;13;1;Athens;Athens;
papadopoulosathens;14;1;Athens;Athens;
papadopoulosathens;17;1;Athens;Athens;
papadopoulosathens;22;1;Athens;Athens;
textuur;1;1;Default;Default;
textuur;2;1;Default;Default;
textuur;4;1;Default;Default;
textuur;5;1;Default;Default;
textuur;9;1;Default;Default;
textuur;11;1;Default;Default;
textuur;13;1;Default;Default;
textuur;14;1;Default;Default;
textuur;15;1;Default;Default;
textuur;18;1;Default;Default;
textuur;19;1;Default;Default;
textuur;20;1;Default;Default;
textuur;21;1;Default;Default;
textuur;24;1;Default;Default;
textuur;25;1;Default;Default;
textuur;27;1;Default;Default;
textuur;29;1;Default;Default;
textuur;44;1;Default;Default;
textuur;45;1;Default;Default;
textuur;47;1;Default;Default;
textuur;48;1;Default;Default;
textuur;49;1;Default;Default;
textuur;51;1;Default;Default;
textuur;52;1;Default;Default;
textuur;56;1;Default;Default;
textuur;65;1;Default;Default;
textuur;71;1;Default;Default;
textuur;72;1;Default;Default;
textuur;73;1;Default;Default;
textuur;74;1;Default;Default;
textuur;75;1;Default;Default;
textuur;81;1;Default;Default;
textuur;82;1;Default;Default;
textuur;83;1;Default;Default;
textuur;84;1;Default;Default;
textuur;86;1;Default;Default;
textuur;87;1;Default;Default;
textuur;88;1;Default;Default;
textuur;90;1;Default;Default;
textuur;91;1;Default;Default;
textuur;92;1;Default;Default;
textuur;93;1;Default;Default;
textuur;95;1;Default;Default;
textuur;96;1;Default;Default;
textuur;97;1;Default;Default;
textuur;98;1;Default;Default;
textuur;99;1;Default;Default;
textuur;100;1;Default;Default;
textuur;101;1;Default;Default;
textuur;102;1;Default;Default;
textuur;103;1;Default;Default;
textuur;106;1;Default;Default;
textuur;107;1;Default;Default;
textuur;108;1;Default;Default;
textuur;109;1;Default;Default;
textuur;115;1;Default;Default;
textuur;116;1;Default;Default;
textuur;118;1;Default;Default;
textuur;120;1;Default;Default;
textuur;121;1;Default;Default;
textuur;122;1;Default;Default;
textuur;123;1;Default;Default;
textuur;125;1;Default;Default;
textuur;126;1;Default;Default;
textuur;127;1;Default;Default;
textuur;128;1;Default;Default;
textuur;129;1;Default;Default;
textuur;130;1;Default;Default;
textuur;131;1;Default;Default;
textuur;132;1;Default;Default;
textuur;133;1;Default;Default;
textuur;138;1;Default;Default;
textuur;139;1;Default;Default;
textuur;140;1;Default;Default;
textuur;142;1;Default;Default;
textuur;143;1;Default;Default;
textuur;144;1;Default;Default;
textuur;145;1;Default;Default;
textuur;146;1;Default;Default;
textuur;147;1;Default;Default;
textuur;149;1;Default;Default;
textuur;150;1;Default;Default;
textuur;151;1;Default;Default;
textuur;152;1;Default;Default;
textuur;155;1;Default;Default;
textuur;156;1;Default;Default;
textuur;157;1;Default;Default;
textuur;158;1;Default;Default;
textuur;161;1;Default;Default;
ikanoindustry;1;1;Ikanoindustry;Ikanoindustry;
ikanoindustry;2;1;Ikanoindustry;Ikanoindustry;
ikanoindustry;3;1;Ikanoindustry;Ikanoindustry;
ziko;1;1;Ziko;Ziko;
ziko;2;1;Ziko;Ziko;
ziko;3;1;Ziko;Ziko;
whoward;1;1;Default;Default;
whoward;2;1;Default;Default;
whoward;3;1;Default;Default;
whoward;5;1;Default;Default;
whoward;6;1;Default;Default;
whoward;7;1;Default;Default;
whoward;10;1;Default;Default;
whoward;14;1;Default;Default;
whoward;15;1;Default;Default;
whoward;16;1;Default;Default;
whoward;17;1;Default;Default;
whoward;19;1;Default;Default;
whoward;21;1;Default;Default;
whoward;22;1;Default;Default;
whoward;23;2;00, MDC 2;00, MDC 2;multi-factory
kuma;7;1;Default;Default;
kuma;8;1;Default;Default;
kuma;10;1;Default;Default;
topform;6;1;Yuncos;Yuncos;
topform;7;1;Yuncos;Yuncos;
topform;8;1;Yuncos;Yuncos;
topform;9;1;Yuncos;Yuncos;
topform;10;1;Yuncos;Yuncos;
topform;11;1;Yuncos;Yuncos;
vici;6;1;Default;Default;
vici;7;1;Default;Default;
vici;8;1;Default;Default;
vici;11;1;Default;Default;
vici;14;1;Default;Default;
vici;16;1;Default;Default;
vici;17;1;Default;Default;
vici;18;1;Default;Default;
vici;19;1;Default;Default;
vici;20;1;Default;Default;
vici;23;1;Default;Default;
vici;24;1;Default;Default;
vici;25;1;Default;Default;
vici;27;1;Default;Default;
vici;31;1;Default;Default;
vici;32;1;Default;Default;
vici;34;1;Default;Default;
vici;37;1;Default;Default;
vici;38;1;Default;Default;
vici;39;1;Default;Default;
vici;40;1;Default;Default;
vici;41;1;Default;Default;
vici;42;1;Default;Default;
vici;45;1;Default;Default;
vici;46;1;Default;Default;
vici;47;1;Default;Default;
vici;49;1;Default;Default;
vici;61;1;Default;Default;
vici;62;1;Default;Default;
vici;69;1;Default;Default;
vici;72;1;Default;Default;
vici;74;1;Default;Default;
vici;75;1;Default;Default;
vici;79;1;Default;Default;
vici;83;1;Default;Default;
vici;84;1;Default;Default;
vici;85;1;Default;Default;
vici;87;1;Default;Default;
vici;89;1;Default;Default;
vici;90;1;Default;Default;
vici;91;1;Default;Default;
vici;92;1;Default;Default;
vici;93;1;Default;Default;
vici;94;1;Default;Default;
vici;95;1;Default;Default;
vici;96;1;Default;Default;
vici;97;1;Default;Default;
vici;98;1;Default;Default;
vici;99;1;Default;Default;
vici;100;1;Default;Default;
vici;101;1;Default;Default;
vici;102;1;Default;Default;
vici;103;1;Default;Default;
vici;104;1;Default;Default;
vici;105;1;Default;Default;
vici;106;1;Default;Default;
vici;107;1;Default;Default;
vici;108;1;Default;Default;
osandalelum;1;0;;;no stations, no factory - needs a decision
osandalelum;2;0;;;no stations, no factory - needs a decision
osandalelum;3;0;;;no stations, no factory - needs a decision
archwood;2;1;Archwood;Archwood;
archwood;3;1;Archwood;Archwood;
archwood;4;1;Archwood;Archwood;
archwood;5;1;Archwood;Archwood;
archwood;6;1;Archwood;Archwood;
archwood;7;1;Archwood;Archwood;
archwood;8;1;Archwood;Archwood;
archwood;9;1;Archwood;Archwood;
archwood;10;1;Archwood;Archwood;
archwood;11;1;Archwood;Archwood;
predice1;9;1;Default;Default;
predice1;11;1;Default;Default;
predice1;12;1;Default;Default;
predice1;16;1;Default;Default;
predice1;19;1;Default;Default;
predice1;20;1;Default;Default;
predice1;21;1;Default;Default;
predice1;22;1;Default;Default;
predice1;23;1;Default;Default;
predice1;24;1;Default;Default;
predice1;25;1;Default;Default;
predice1;26;1;Default;Default;
predice1;27;1;Default;Default;
predice1;28;1;Default;Default;
predice1;29;1;Default;Default;
predice1;30;1;Default;Default;
predice1;31;1;Default;Default;
predice1;32;1;Default;Default;
predice1;33;1;Default;Default;
predice1;34;1;Default;Default;
predice1;35;1;Default;Default;
orvarto;1;1;Orvarto;Orvarto;
orvarto;2;1;Orvarto;Orvarto;
orvarto;3;1;Orvarto;Orvarto;
orvarto;4;1;Orvarto;Orvarto;
orvarto;5;1;Orvarto;Orvarto;
orvarto;6;1;Orvarto;Orvarto;
orvarto;7;1;Orvarto;Orvarto;
orvarto;8;1;Orvarto;Orvarto;
polycom;1;1;Škofja Loka;Škofja Loka;
piszkepapir;2;1;Piszke Papír;Piszke Papír;
piszkepapir;3;1;Piszke Papír;Piszke Papír;
condito;1;1;Default;Default;
condito;8;1;Default;Default;
condito;12;1;Default;Default;
condito;14;1;Default;Default;
condito;17;1;Default;Default;
condito;20;1;Default;Default;
condito;22;1;Default;Default;
condito;23;1;Default;Default;
condito;24;1;Default;Default;
condito;25;1;Default;Default;
condito;26;1;Default;Default;
condito;27;1;Default;Default;
condito;28;1;Default;Default;
condito;29;1;Default;Default;
condito;30;1;Default;Default;
condito;31;1;Default;Default;
condito;32;1;Default;Default;
condito;33;1;Default;Default;
condito;34;1;Default;Default;
condito;35;1;Default;Default;
condito;36;1;Default;Default;
condito;37;1;Default;Default;
georgiou;9;1;Default;Default;
georgiou;13;0;;;no stations, no factory - needs a decision
georgiou;14;0;;;no stations, no factory - needs a decision
georgiou;19;1;Default;Default;
georgiou;29;1;Default;Default;
georgiou;45;0;;;no stations, no factory - needs a decision
georgiou;79;0;;;no stations, no factory - needs a decision
georgiou;108;1;Default;Default;
georgiou;113;1;Default;Default;
georgiou;125;0;;;no stations, no factory - needs a decision
georgiou;152;1;Default;Default;
georgiou;157;1;Default;Default;
georgiou;165;1;Default;Default;
georgiou;167;1;Default;Default;
georgiou;170;0;;;no stations, no factory - needs a decision
georgiou;173;0;;;no stations, no factory - needs a decision
georgiou;181;0;;;no stations, no factory - needs a decision
georgiou;183;0;;;no stations, no factory - needs a decision
georgiou;184;0;;;no stations, no factory - needs a decision
georgiou;186;0;;;no stations, no factory - needs a decision
georgiou;187;0;;;no stations, no factory - needs a decision
georgiou;189;0;;;no stations, no factory - needs a decision
georgiou;191;1;Default;Default;
georgiou;199;1;Default;Default;
georgiou;200;1;Default;Default;
georgiou;201;1;Default;Default;
georgiou;203;1;Default;Default;
georgiou;204;0;;;no stations, no factory - needs a decision
georgiou;210;1;Default;Default;
georgiou;212;1;Default;Default;
georgiou;213;1;Default;Default;
georgiou;214;1;Default;Default;
georgiou;215;1;Default;Default;
georgiou;216;1;Default;Default;
georgiou;217;1;Default;Default;
georgiou;218;1;Default;Default;
georgiou;219;1;Default;Default;
georgiou;220;1;Default;Default;
georgiou;221;1;Default;Default;
georgiou;222;1;Default;Default;
georgiou;223;1;Default;Default;
georgiou;224;1;Default;Default;
georgiou;225;1;Default;Default;
georgiou;226;1;Default;Default;
marshungary;10;1;Default;Default;
marshungary;12;1;Default;Default;
marshungary;13;1;Default;Default;
marshungary;14;1;Default;Default;
marshungary;15;1;Default;Default;
marshungary;16;1;Default;Default;
marshungary;19;1;Default;Default;
marshungary;20;1;Default;Default;
marshungary;21;1;Default;Default;
marshungary;22;1;Default;Default;
marshungary;23;1;Default;Default;
marshungary;25;1;Default;Default;
marshungary;26;1;Default;Default;
marshungary;27;1;Default;Default;
marshungary;28;1;Default;Default;
marshungary;29;1;Default;Default;
marshungary;30;1;Default;Default;
marshungary;31;1;Default;Default;
marshungary;32;1;Default;Default;
marshungary;34;1;Default;Default;
marshungary;35;1;Default;Default;
marshungary;36;1;Default;Default;
marshungary;37;1;Default;Default;
marshungary;38;1;Default;Default;
marshungary;39;1;Default;Default;
marshungary;40;1;Default;Default;
marshungary;42;1;Default;Default;
marshungary;43;1;Default;Default;
marshungary;44;1;Default;Default;
marshungary;46;1;Default;Default;
marshungary;47;1;Default;Default;
marshungary;48;1;Default;Default;
marshungary;49;1;Default;Default;
marshungary;50;1;Default;Default;
marshungary;51;1;Default;Default;
marshungary;52;1;Default;Default;
marshungary;53;1;Default;Default;
marshungary;54;1;Default;Default;
marshungary;55;1;Default;Default;
marshungary;56;1;Default;Default;
marshungary;57;1;Default;Default;
marshungary;58;1;Default;Default;
marshungary;59;1;Default;Default;
marshungary;60;1;Default;Default;
marshungary;61;1;Default;Default;
marshungary;62;1;Default;Default;
marshungary;63;1;Default;Default;
marshungary;64;1;Default;Default;
marshungary;65;1;Default;Default;
marshungary;66;1;Default;Default;
marshungary;67;1;Default;Default;
marshungary;68;1;Default;Default;
marshungary;69;1;Default;Default;
marshungary;70;1;Default;Default;
marshungary;71;1;Default;Default;
marshungary;72;1;Default;Default;
marshungary;73;1;Default;Default;
marshungary;74;1;Default;Default;
marshungary;75;1;Default;Default;
marshungary;76;1;Default;Default;
marshungary;77;1;Default;Default;
marshungary;78;1;Default;Default;
marshungary;79;1;Default;Default;
marshungary;80;1;Default;Default;
marshungary;81;1;Default;Default;
marshungary;82;1;Default;Default;
marshungary;83;1;Default;Default;
marshungary;84;1;Default;Default;
marshungary;85;1;Default;Default;
marshungary;86;1;Default;Default;
marshungary;87;1;Default;Default;
marshungary;88;1;Default;Default;
marshungary;89;1;Default;Default;
marshungary;90;1;Default;Default;
marshungary;91;1;Default;Default;
marshungary;92;1;Default;Default;
marshungary;93;1;Default;Default;
marshungary;94;1;Default;Default;
marshungary;95;1;Default;Default;
marshungary;96;1;Default;Default;
marshungary;97;1;Default;Default;
marshungary;98;1;Default;Default;
marshungary;99;1;Default;Default;
marshungary;101;1;Default;Default;
marshungary;102;1;Default;Default;
marshungary;103;1;Default;Default;
marshungary;104;1;Default;Default;
marshungary;105;1;Default;Default;
marshungary;106;1;Default;Default;
marshungary;107;1;Default;Default;
marshungary;108;1;Default;Default;
marshungary;109;1;Default;Default;
marshungary;110;1;Default;Default;
marshungary;111;1;Default;Default;
marshungary;112;1;Default;Default;
marshungary;113;1;Default;Default;
marshungary;114;1;Default;Default;
marshungary;115;1;Default;Default;
marshungary;116;1;Default;Default;
marshungary;117;1;Default;Default;
marshungary;118;1;Default;Default;
marshungary;119;1;Default;Default;
marshungary;120;1;Default;Default;
marshungary;121;1;Default;Default;
marshungary;124;1;Default;Default;
marshungary;125;1;Default;Default;
marshungary;126;1;Default;Default;
marshungary;127;1;Default;Default;
hitramat;1;1;Default;Default;
savinidue;1;1;Sebeș;Sebeș;
halcorb;1;1;Default;Default;
halcorb;6;1;Default;Default;
halcorb;10;1;Default;Default;
halcorb;11;1;Default;Default;
halcorb;12;1;Default;Default;
halcorb;13;1;Default;Default;
halcorb;16;1;Default;Default;
halcorb;18;1;Default;Default;
halcorb;19;1;Default;Default;
halcorb;22;1;Default;Default;
halcorb;24;1;Default;Default;
halcorb;26;1;Default;Default;
halcorb;28;1;Default;Default;
halcorb;29;1;Default;Default;
halcorb;30;1;Default;Default;
advancedindustriespack;3;2;AIP, NETHERLANDS;AIP, NETHERLANDS;multi-factory
advancedindustriespack;4;2;AIP, NETHERLANDS;AIP, NETHERLANDS;multi-factory
advancedindustriespack;5;2;AIP, NETHERLANDS;AIP, NETHERLANDS;multi-factory
advancedindustriespack;6;2;AIP, NETHERLANDS;AIP, NETHERLANDS;multi-factory
advancedindustriespack;9;1;AIP ROMANIA;AIP ROMANIA;
advancedindustriespack;10;1;AIP ROMANIA;AIP ROMANIA;
advancedindustriespack;11;1;AIP ROMANIA;AIP ROMANIA;
advancedindustriespack;12;1;AIP ROMANIA;AIP ROMANIA;
advancedindustriespack;13;1;AIP ROMANIA;AIP ROMANIA;
advancedindustriespack;14;1;AIP ROMANIA;AIP ROMANIA;
advancedindustriespack;15;1;AIP ROMANIA;AIP ROMANIA;
advancedindustriespack;16;1;AIP ROMANIA;AIP ROMANIA;
advancedindustriespack;18;1;AIP ROMANIA;AIP ROMANIA;
advancedindustriespack;19;2;AIP, NETHERLANDS;AIP, NETHERLANDS;multi-factory
advancedindustriespack;21;1;AIP ROMANIA;AIP ROMANIA;
advancedindustriespack;23;1;AIP ROMANIA;AIP ROMANIA;
advancedindustriespack;24;1;AIP ROMANIA;AIP ROMANIA;
advancedindustriespack;25;1;AIP ROMANIA;AIP ROMANIA;
advancedindustriespack;26;1;AIP ROMANIA;AIP ROMANIA;
advancedindustriespack;27;1;AIP ROMANIA;AIP ROMANIA;
advancedindustriespack;28;1;AIP ROMANIA;AIP ROMANIA;
advancedindustriespack;29;1;AIP ROMANIA;AIP ROMANIA;
advancedindustriespack;31;1;AIP ROMANIA;AIP ROMANIA;
advancedindustriespack;33;1;AIP ROMANIA;AIP ROMANIA;
advancedindustriespack;34;1;AIP ROMANIA;AIP ROMANIA;
advancedindustriespack;35;1;AIP ROMANIA;AIP ROMANIA;
advancedindustriespack;36;1;AIP ROMANIA;AIP ROMANIA;
advancedindustriespack;37;1;AIP ROMANIA;AIP ROMANIA;
advancedindustriespack;38;1;AIP ROMANIA;AIP ROMANIA;
advancedindustriespack;39;1;AIP ROMANIA;AIP ROMANIA;
advancedindustriespack;42;2;AIP, GERMANY;AIP, GERMANY;multi-factory
advancedindustriespack;43;2;AIP, GERMANY;AIP, GERMANY;multi-factory
advancedindustriespack;44;2;AIP, GERMANY;AIP, GERMANY;multi-factory
advancedindustriespack;45;2;AIP, GERMANY;AIP, GERMANY;multi-factory
advancedindustriespack;46;2;AIP, GERMANY;AIP, GERMANY;multi-factory
advancedindustriespack;47;2;AIP, NETHERLANDS;AIP, NETHERLANDS;multi-factory
advancedindustriespack;48;2;AIP, NETHERLANDS;AIP, NETHERLANDS;multi-factory
advancedindustriespack;49;2;AIP, NETHERLANDS;AIP, NETHERLANDS;multi-factory
advancedindustriespack;50;2;AIP, NETHERLANDS;AIP, NETHERLANDS;multi-factory
advancedindustriespack;51;2;AIP, NETHERLANDS;AIP, NETHERLANDS;multi-factory
advancedindustriespack;52;2;AIP, NETHERLANDS;AIP, NETHERLANDS;multi-factory
advancedindustriespack;53;2;AIP, NETHERLANDS;AIP, NETHERLANDS;multi-factory
advancedindustriespack;54;2;AIP, NETHERLANDS;AIP, NETHERLANDS;multi-factory
advancedindustriespack;55;2;AIP, NETHERLANDS;AIP, NETHERLANDS;multi-factory
advancedindustriespack;56;2;AIP, NETHERLANDS;AIP, NETHERLANDS;multi-factory
advancedindustriespack;58;2;AIP, GERMANY;AIP, GERMANY;multi-factory
advancedindustriespack;59;2;AIP, GERMANY;AIP, GERMANY;multi-factory
advancedindustriespack;60;2;AIP, DENMARK;AIP, DENMARK;multi-factory
advancedindustriespack;61;2;AIP, DENMARK;AIP, DENMARK;multi-factory
advancedindustriespack;62;2;AIP, DENMARK;AIP, DENMARK;multi-factory
advancedindustriespack;63;2;AIP, DENMARK;AIP, DENMARK;multi-factory
advancedindustriespack;66;1;AIP ROMANIA;AIP ROMANIA;
advancedindustriespack;67;1;AIP ROMANIA;AIP ROMANIA;
advancedindustriespack;68;1;AIP ROMANIA;AIP ROMANIA;
grifolsdiagnostics;1;1;Grifolsdiagnostics;Grifolsdiagnostics;
grifolsdiagnostics;2;1;Grifolsdiagnostics;Grifolsdiagnostics;
grifolsdiagnostics;3;1;Grifolsdiagnostics;Grifolsdiagnostics;
grifolsdiagnostics;4;1;Grifolsdiagnostics;Grifolsdiagnostics;
grifolsdiagnostics;5;1;Grifolsdiagnostics;Grifolsdiagnostics;
grifolsdiagnostics;6;1;Grifolsdiagnostics;Grifolsdiagnostics;
grifolsdiagnostics;7;1;Grifolsdiagnostics;Grifolsdiagnostics;
grifolsdiagnostics;9;1;Grifolsdiagnostics;Grifolsdiagnostics;
grifolsdiagnostics;10;1;Grifolsdiagnostics;Grifolsdiagnostics;
grifolsdiagnostics;11;1;Grifolsdiagnostics;Grifolsdiagnostics;
grifolsdiagnostics;12;1;Grifolsdiagnostics;Grifolsdiagnostics;
grifolsdiagnostics;13;1;Grifolsdiagnostics;Grifolsdiagnostics;
grifolsdiagnostics;14;1;Grifolsdiagnostics;Grifolsdiagnostics;
grifolsdiagnostics;15;1;Grifolsdiagnostics;Grifolsdiagnostics;
grifolsdiagnostics;16;1;Grifolsdiagnostics;Grifolsdiagnostics;
grifolsdiagnostics;17;1;Grifolsdiagnostics;Grifolsdiagnostics;
grifolsdiagnostics;18;1;Grifolsdiagnostics;Grifolsdiagnostics;
grifolsdiagnostics;19;1;Grifolsdiagnostics;Grifolsdiagnostics;
grifolsdiagnostics;20;1;Grifolsdiagnostics;Grifolsdiagnostics;
grifolsdiagnostics;22;1;Grifolsdiagnostics;Grifolsdiagnostics;
grifolsdiagnostics;23;1;Grifolsdiagnostics;Grifolsdiagnostics;
grifolsdiagnostics;24;1;Grifolsdiagnostics;Grifolsdiagnostics;
grifolsdiagnostics;25;1;Grifolsdiagnostics;Grifolsdiagnostics;
grifolsdiagnostics;26;1;Grifolsdiagnostics;Grifolsdiagnostics;
grifolsdiagnostics;27;1;Grifolsdiagnostics;Grifolsdiagnostics;
grifolsdiagnostics;28;1;Grifolsdiagnostics;Grifolsdiagnostics;
grifolsdiagnostics;31;1;Grifolsdiagnostics;Grifolsdiagnostics;
koukakis;3;1;Koukakis;Koukakis;
koukakis;4;1;Koukakis;Koukakis;
koukakis;5;1;Koukakis;Koukakis;
koukakis;6;1;Koukakis;Koukakis;
koukakis;8;1;Koukakis;Koukakis;
koukakis;9;1;Koukakis;Koukakis;
koukakis;10;1;Koukakis;Koukakis;
koukakis;12;1;Koukakis;Koukakis;
koukakis;13;1;Koukakis;Koukakis;
koukakis;14;1;Koukakis;Koukakis;
koukakis;15;1;Koukakis;Koukakis;
koukakis;16;1;Koukakis;Koukakis;
koukakis;17;1;Koukakis;Koukakis;
koukakis;18;1;Koukakis;Koukakis;
koukakis;19;1;Koukakis;Koukakis;
koukakis;20;1;Koukakis;Koukakis;
koukakis;21;1;Koukakis;Koukakis;
koukakis;22;1;Koukakis;Koukakis;
koukakis;23;1;Koukakis;Koukakis;
arbor;1;1;Default;Default;
arbor;2;1;Default;Default;
arbor;3;1;Default;Default;
arbor;4;1;Default;Default;
arbor;5;1;Default;Default;
arbor;7;1;Default;Default;
arbor;8;1;Default;Default;
arbor;9;1;Default;Default;
arbor;10;1;Default;Default;
arbor;11;1;Default;Default;
arbor;12;1;Default;Default;
arbor;17;1;Default;Default;
arbor;19;1;Default;Default;
arbor;20;1;Default;Default;
arbor;21;1;Default;Default;
arbor;22;1;Default;Default;
arbor;23;1;Default;Default;
arbor;25;1;Default;Default;
arbor;26;1;Default;Default;
arbor;27;1;Default;Default;
arbor;28;1;Default;Default;
arbor;29;1;Default;Default;
arbor;30;1;Default;Default;
arbor;31;1;Default;Default;
arbor;32;1;Default;Default;
arbor;33;1;Default;Default;
arbor;34;1;Default;Default;
arbor;35;1;Default;Default;
elastron;1;2;Core, Elastube;Core, Elastube;multi-factory
elastron;2;2;Core, Elastube;Core, Elastube;multi-factory
elastron;3;2;Core, Elastube;Core, Elastube;multi-factory
elastron;4;2;Core, Elastube;Core, Elastube;multi-factory
elastron;5;2;Core, Elastube;Core, Elastube;multi-factory
elastron;6;2;Core, Elastube;Core, Elastube;multi-factory
elastron;7;2;Core, Elastube;Core, Elastube;multi-factory
elastron;8;2;Core, Elastube;Core, Elastube;multi-factory
elastron;9;2;Core, Elastube;Core, Elastube;multi-factory
elastron;10;2;Core, Elastube;Core, Elastube;multi-factory
elastron;11;2;Core, Elastube;Core, Elastube;multi-factory
elastron;12;2;Core, Elastube;Core, Elastube;multi-factory
elastron;13;2;Core, Elastube;Core, Elastube;multi-factory
elastron;14;2;Core, Elastube;Core, Elastube;multi-factory
elastron;15;2;Core, Elastube;Core, Elastube;multi-factory
elastron;16;2;Core, Elastube;Core, Elastube;multi-factory
elastron;17;2;Core, Elastube;Core, Elastube;multi-factory
elastron;18;2;Core, Elastube;Core, Elastube;multi-factory
elastron;19;2;Core, Elastube;Core, Elastube;multi-factory
elastron;20;2;Core, Elastube;Core, Elastube;multi-factory
elastron;21;2;Core, Elastube;Core, Elastube;multi-factory
elastron;22;2;Core, Elastube;Core, Elastube;multi-factory
elastron;23;2;Core, Elastube;Core, Elastube;multi-factory
elastron;24;2;Core, Elastube;Core, Elastube;multi-factory
elastron;25;2;Core, Elastube;Core, Elastube;multi-factory
elastron;26;0;;;no stations, no factory - needs a decision
elastron;27;0;;;no stations, no factory - needs a decision
elastron;31;1;Elastube;Elastube;
elastron;32;1;Elastube;Elastube;
elastron;33;1;Elascut;Elascut;
elastron;36;1;Elastube;Elastube;
elastron;37;1;Elastube;Elastube;
elastron;39;1;Elascut;Elascut;
elastron;40;1;Elastube;Elastube;
novostar;3;1;Default;Default;
arrascf;1;1;Arrascf;Arrascf;
arrascf;2;1;Arrascf;Arrascf;
arrascf;3;1;Arrascf;Arrascf;
arrascf;9;1;Arrascf;Arrascf;
arrascf;10;1;Arrascf;Arrascf;
arrascf;11;1;Arrascf;Arrascf;
arrascf;12;1;Arrascf;Arrascf;
tecpap;1;1;Default;Default;
tecpap;3;1;Default;Default;
tecpap;5;1;Default;Default;
tecpap;7;1;Default;Default;
tecpap;8;1;Default;Default;
tecpap;9;1;Default;Default;
tecpap;10;1;Default;Default;
tecpap;12;1;Default;Default;
tecpap;13;1;Default;Default;
tecpap;14;1;Default;Default;
tecpap;16;1;Default;Default;
tecpap;18;1;Default;Default;
tecpap;19;1;Default;Default;
tecpap;21;1;Default;Default;
tecpap;22;1;Default;Default;
tecpap;23;1;Default;Default;
tecpap;24;1;Default;Default;
tecpap;25;1;Default;Default;
tecpap;26;1;Default;Default;
tecpap;27;1;Default;Default;
tecpap;28;1;Default;Default;
tecpap;29;1;Default;Default;
tecpap;31;1;Default;Default;
tecpap;33;1;Default;Default;
tecpap;34;1;Default;Default;
tecpap;35;1;Default;Default;
tecpap;37;1;Default;Default;
tecpap;39;1;Default;Default;
tecpap;40;1;Default;Default;
tecpap;41;1;Default;Default;
tecpap;42;1;Default;Default;
tecpap;43;1;Default;Default;
tecpap;44;1;Default;Default;
tecpap;45;1;Default;Default;
tecpap;46;1;Default;Default;
tecpap;47;1;Default;Default;
tecpap;48;1;Default;Default;
tecpap;49;1;Default;Default;
tecpap;52;1;Default;Default;
tecpap;53;1;Default;Default;
tecpap;54;1;Default;Default;
tecpap;55;1;Default;Default;
tecpap;56;1;Default;Default;
tecpap;57;1;Default;Default;
tecpap;59;1;Default;Default;
tecpap;60;1;Default;Default;
tecpap;61;1;Default;Default;
tecpap;62;1;Default;Default;
tecpap;63;1;Default;Default;
tecpap;64;1;Default;Default;
tecpap;65;1;Default;Default;
tecpap;66;1;Default;Default;
tecpap;67;1;Default;Default;
tecpap;70;1;Default;Default;
tecpap;72;1;Default;Default;
tecpap;73;1;Default;Default;
tecpap;74;1;Default;Default;
tecpap;75;1;Default;Default;
tecpap;78;1;Default;Default;
tecpap;79;1;Default;Default;
tecpap;81;1;Default;Default;
tecpap;82;1;Default;Default;
tecpap;83;1;Default;Default;
tecpap;84;1;Default;Default;
tecpap;85;1;Default;Default;
tecpap;86;1;Default;Default;
tecpap;87;1;Default;Default;
tecpap;88;1;Default;Default;
tecpap;90;1;Default;Default;
tecpap;91;1;Default;Default;
tecpap;92;1;Default;Default;
kleva;1;1;KLEVA;KLEVA;
kleva;2;1;KLEVA;KLEVA;
kleva;3;1;KLEVA;KLEVA;
kleva;4;1;KLEVA;KLEVA;
kleva;5;1;KLEVA;KLEVA;
kleva;6;1;KLEVA;KLEVA;
kleva;7;1;KLEVA;KLEVA;
kleva;8;1;KLEVA;KLEVA;
kleva;9;1;KLEVA;KLEVA;
kleva;10;1;KLEVA;KLEVA;
kleva;11;1;KLEVA;KLEVA;
kleva;12;1;KLEVA;KLEVA;
kleva;13;1;KLEVA;KLEVA;
kleva;14;1;KLEVA;KLEVA;
kleva;15;1;KLEVA;KLEVA;
kleva;16;1;KLEVA;KLEVA;
kleva;17;1;KLEVA;KLEVA;
kleva;18;1;KLEVA;KLEVA;
kleva;19;1;KLEVA;KLEVA;
kleva;20;1;KLEVA;KLEVA;
kleva;21;1;KLEVA;KLEVA;
kleva;22;1;KLEVA;KLEVA;
kleva;23;1;KLEVA;KLEVA;
kleva;24;1;KLEVA;KLEVA;
kleva;25;1;KLEVA;KLEVA;
kleva;26;1;KLEVA;KLEVA;
kleva;27;1;KLEVA;KLEVA;
kleva;28;1;KLEVA;KLEVA;
kleva;29;1;KLEVA;KLEVA;
kleva;30;1;KLEVA;KLEVA;
kleva;31;1;KLEVA;KLEVA;
kleva;32;1;KLEVA;KLEVA;
kleva;33;1;KLEVA;KLEVA;
kleva;34;1;KLEVA;KLEVA;
kleva;35;1;KLEVA;KLEVA;
kleva;36;1;KLEVA;KLEVA;
kleva;37;1;KLEVA;KLEVA;
kleva;38;1;KLEVA;KLEVA;
kleva;39;1;KLEVA;KLEVA;
kleva;40;1;KLEVA;KLEVA;
kleva;41;1;KLEVA;KLEVA;
kleva;42;1;KLEVA;KLEVA;
kleva;43;1;KLEVA;KLEVA;
kleva;44;1;KLEVA;KLEVA;
kleva;45;1;KLEVA;KLEVA;
kleva;46;1;KLEVA;KLEVA;
kleva;47;1;KLEVA;KLEVA;
kleva;48;1;KLEVA;KLEVA;
kleva;49;1;KLEVA;KLEVA;
kleva;50;1;KLEVA;KLEVA;
kleva;51;1;KLEVA;KLEVA;
kleva;52;1;KLEVA;KLEVA;
kleva;53;1;KLEVA;KLEVA;
kleva;54;1;KLEVA;KLEVA;
jtc;1;1;JTC;JTC;
jtc;2;1;JTC;JTC;
jtc;3;1;JTC;JTC;
jtc;4;1;JTC;JTC;
jtc;5;1;JTC;JTC;
jtc;6;1;JTC;JTC;
jtc;7;1;JTC;JTC;
jtc;8;1;JTC;JTC;
jtc;9;1;JTC;JTC;
jtc;10;1;JTC;JTC;
jtc;11;1;JTC;JTC;
jtc;12;1;JTC;JTC;
zebra;1;1;Zebra;Zebra;
zebra;2;1;Zebra;Zebra;
zebra;3;1;Zebra;Zebra;
zebra;4;1;Zebra;Zebra;
zebra;5;1;Zebra;Zebra;
zebra;6;1;Zebra;Zebra;
zebra;7;1;Zebra;Zebra;
zebra;8;1;Zebra;Zebra;
zebra;9;1;Zebra;Zebra;
groglass;5;1;Groglass;Groglass;
groglass;7;1;Groglass;Groglass;
groglass;9;1;Groglass;Groglass;
groglass;12;1;Groglass;Groglass;
groglass;13;1;Groglass;Groglass;
groglass;16;1;Groglass;Groglass;
groglass;17;1;Groglass;Groglass;
groglass;18;1;Groglass;Groglass;
groglass;19;1;Groglass;Groglass;
groglass;20;1;Groglass;Groglass;
groglass;21;1;Groglass;Groglass;
clevelandsteelcontainer;1;1;Streetsboro Plant;Streetsboro Plant;
clevelandsteelcontainer;2;1;Streetsboro Plant;Streetsboro Plant;
clevelandsteelcontainer;8;1;Streetsboro Plant;Streetsboro Plant;
clevelandsteelcontainer;9;1;Streetsboro Plant;Streetsboro Plant;
clevelandsteelcontainer;13;1;Streetsboro Plant;Streetsboro Plant;
clevelandsteelcontainer;15;1;Streetsboro Plant;Streetsboro Plant;
clevelandsteelcontainer;16;1;Streetsboro Plant;Streetsboro Plant;
clevelandsteelcontainer;18;1;Streetsboro Plant;Streetsboro Plant;
clevelandsteelcontainer;19;1;Streetsboro Plant;Streetsboro Plant;
clevelandsteelcontainer;21;1;Streetsboro Plant;Streetsboro Plant;
clevelandsteelcontainer;23;1;Streetsboro Plant;Streetsboro Plant;
clevelandsteelcontainer;24;1;Streetsboro Plant;Streetsboro Plant;
clevelandsteelcontainer;25;1;Streetsboro Plant;Streetsboro Plant;
clevelandsteelcontainer;26;1;Streetsboro Plant;Streetsboro Plant;
clevelandsteelcontainer;27;1;Streetsboro Plant;Streetsboro Plant;
clevelandsteelcontainer;30;1;Streetsboro Plant;Streetsboro Plant;
clevelandsteelcontainer;37;1;Streetsboro Plant;Streetsboro Plant;
clevelandsteelcontainer;38;1;Streetsboro Plant;Streetsboro Plant;
clevelandsteelcontainer;39;1;Streetsboro Plant;Streetsboro Plant;
clevelandsteelcontainer;42;1;Streetsboro Plant;Streetsboro Plant;
clevelandsteelcontainer;44;1;Streetsboro Plant;Streetsboro Plant;
clevelandsteelcontainer;45;1;Streetsboro Plant;Streetsboro Plant;
clevelandsteelcontainer;47;1;Streetsboro Plant;Streetsboro Plant;
clevelandsteelcontainer;49;1;Streetsboro Plant;Streetsboro Plant;
clevelandsteelcontainer;52;1;Kilgore Plant;Kilgore Plant;
clevelandsteelcontainer;53;1;Kilgore Plant;Kilgore Plant;
clevelandsteelcontainer;54;1;Kilgore Plant;Kilgore Plant;
clevelandsteelcontainer;55;1;Kilgore Plant;Kilgore Plant;
clevelandsteelcontainer;56;1;Streetsboro Plant;Streetsboro Plant;
clevelandsteelcontainer;57;1;Streetsboro Plant;Streetsboro Plant;
clevelandsteelcontainer;58;1;Kilgore Plant;Kilgore Plant;
clevelandsteelcontainer;60;1;Kilgore Plant;Kilgore Plant;
clevelandsteelcontainer;61;1;Kilgore Plant;Kilgore Plant;
clevelandsteelcontainer;62;1;Kilgore Plant;Kilgore Plant;
clevelandsteelcontainer;64;1;Kilgore Plant;Kilgore Plant;
clevelandsteelcontainer;65;1;Kilgore Plant;Kilgore Plant;
clevelandsteelcontainer;67;1;Streetsboro Plant;Streetsboro Plant;
clevelandsteelcontainer;68;1;Streetsboro Plant;Streetsboro Plant;
clevelandsteelcontainer;69;1;Streetsboro Plant;Streetsboro Plant;
clevelandsteelcontainer;70;1;Streetsboro Plant;Streetsboro Plant;
clevelandsteelcontainer;72;1;Kilgore Plant;Kilgore Plant;
clevelandsteelcontainer;74;1;Kilgore Plant;Kilgore Plant;
clevelandsteelcontainer;75;1;Streetsboro Plant;Streetsboro Plant;
clevelandsteelcontainer;76;1;Kilgore Plant;Kilgore Plant;
clevelandsteelcontainer;78;1;Coexcell Plant;Coexcell Plant;
clevelandsteelcontainer;79;1;Coexcell Plant;Coexcell Plant;
clevelandsteelcontainer;80;1;Coexcell Plant;Coexcell Plant;
clevelandsteelcontainer;81;1;Streetsboro Plant;Streetsboro Plant;
clevelandsteelcontainer;82;1;Kilgore Plant;Kilgore Plant;
ebrofrost;3;1;Default;Default;
ebrofrost;5;1;Default;Default;
ebrofrost;6;1;Default;Default;
ebrofrost;7;1;Default;Default;
ebrofrost;8;1;Default;Default;
ebrofrost;9;1;Default;Default;
ebrofrost;10;1;Default;Default;
ebrofrost;11;1;Default;Default;
ebrofrost;12;1;Default;Default;
ebrofrost;14;1;Default;Default;
ebrofrost;15;1;Default;Default;
ebrofrost;16;1;Default;Default;
ebrofrost;19;1;Default;Default;
ebrofrost;23;1;Default;Default;
ebrofrost;26;1;Default;Default;
ebrofrost;27;1;Default;Default;
ebrofrost;28;1;Default;Default;
ebrofrost;30;1;Default;Default;
ebrofrost;31;1;Default;Default;
ebrofrost;33;1;Default;Default;
ebrofrost;34;1;Default;Default;
ebrofrost;35;1;Default;Default;
dax;4;1;Default;Default;
dax;6;1;Default;Default;
dax;7;1;Default;Default;
dax;8;1;Default;Default;
dax;9;1;Default;Default;
dax;10;1;Default;Default;
dax;12;1;Default;Default;
dax;13;1;Default;Default;
dax;14;1;Default;Default;
dax;15;1;Default;Default;
dax;16;1;Default;Default;
dax;17;1;Default;Default;
dax;18;1;Default;Default;
dax;19;1;Default;Default;
dax;20;1;Default;Default;
dax;21;1;Default;Default;
dax;22;1;Default;Default;
dax;24;1;Default;Default;
dax;25;1;Default;Default;
dax;26;1;Default;Default;
dax;29;1;Default;Default;
dax;31;1;Default;Default;
dax;32;1;Default;Default;
dax;33;1;Default;Default;
dax;35;1;Default;Default;
dax;36;1;Default;Default;
dax;39;1;Default;Default;
dax;40;1;Default;Default;
dax;43;1;Default;Default;
dax;47;1;Default;Default;
dax;48;1;Default;Default;
dax;49;1;Default;Default;
dax;52;1;Default;Default;
dax;56;1;Default;Default;
dax;57;1;Default;Default;
dax;59;1;Default;Default;
dax;62;1;Default;Default;
dax;64;1;Default;Default;
dax;66;1;Default;Default;
dax;69;1;Default;Default;
dax;76;1;Default;Default;
dax;79;1;Default;Default;
dax;80;1;Default;Default;
dax;84;1;Default;Default;
dax;86;1;Default;Default;
dax;87;1;Default;Default;
dax;93;1;Default;Default;
dax;96;1;Default;Default;
dax;97;1;Default;Default;
dax;101;1;Default;Default;
dax;114;1;Default;Default;
dax;118;1;Default;Default;
dax;120;1;Default;Default;
dax;121;1;Default;Default;
dax;124;1;Default;Default;
dax;125;1;Default;Default;
dax;126;1;Default;Default;
dax;128;1;Default;Default;
dax;137;1;Default;Default;
dax;138;1;Default;Default;
dax;139;1;Default;Default;
dax;142;1;Default;Default;
dax;143;1;Default;Default;
dax;144;1;Default;Default;
dax;146;1;Default;Default;
dax;147;1;Default;Default;
dax;148;1;Default;Default;
dax;149;1;Default;Default;
dax;150;1;Default;Default;
dax;154;1;Default;Default;
dax;155;1;Default;Default;
dax;157;1;Default;Default;
dax;158;1;Default;Default;
dax;159;1;Default;Default;
dax;160;1;Default;Default;
dax;161;1;Default;Default;
dax;162;1;Default;Default;
dax;163;1;Default;Default;
dax;164;1;Default;Default;
dax;165;1;Default;Default;
dax;166;1;Default;Default;
dax;167;1;Default;Default;
dax;168;1;Default;Default;
dax;169;1;Default;Default;
dax;170;1;Default;Default;
dax;171;1;Default;Default;
dax;172;1;Default;Default;
dax;173;1;Default;Default;
dax;174;1;Default;Default;
dax;175;1;Default;Default;
dax;176;1;Default;Default;
dax;177;1;Default;Default;
dax;178;1;Default;Default;
dax;179;1;Default;Default;
dax;180;1;Default;Default;
dax;181;1;Default;Default;
dax;182;1;Default;Default;
dax;183;1;Default;Default;
dax;184;1;Default;Default;
dax;185;1;Default;Default;
dax;186;1;Default;Default;
dax;188;1;Default;Default;
dax;189;1;Default;Default;
dax;190;1;Default;Default;
dax;191;1;Default;Default;
dax;192;1;Default;Default;
dax;193;1;Default;Default;
dax;194;1;Default;Default;
dax;195;1;Default;Default;
dax;196;1;Default;Default;
dax;197;1;Default;Default;
dax;198;1;Default;Default;
dax;199;1;Default;Default;
dax;200;1;Default;Default;
dax;201;1;Default;Default;
dax;202;1;Default;Default;
dax;203;1;Default;Default;
dax;204;1;Default;Default;
dax;205;1;Default;Default;
dax;206;1;Default;Default;
dax;207;1;Default;Default;
dax;208;1;Default;Default;
dax;209;1;Default;Default;
dax;210;1;Default;Default;
dax;211;1;Default;Default;
dax;213;1;Default;Default;
dax;214;1;Default;Default;
dax;215;1;Default;Default;
dax;216;1;Default;Default;
dax;217;1;Default;Default;
dax;218;1;Default;Default;
dax;219;1;Default;Default;
dax;220;1;Default;Default;
dax;224;1;Default;Default;
dax;226;1;Default;Default;
dax;227;1;Default;Default;
dax;228;1;Default;Default;
dax;229;1;Default;Default;
dax;230;1;Default;Default;
dax;231;1;Default;Default;
dax;232;1;Default;Default;
dax;233;1;Default;Default;
dax;234;1;Default;Default;
dax;235;1;Default;Default;
dax;238;1;Default;Default;
dax;244;1;Default;Default;
dax;245;1;Default;Default;
dax;246;1;Default;Default;
dax;247;1;Default;Default;
dax;248;1;Default;Default;
dax;250;1;Default;Default;
dax;251;1;Default;Default;
dax;252;1;Default;Default;
dax;253;1;Default;Default;
dax;254;1;Default;Default;
dax;255;1;Default;Default;
dax;256;1;Default;Default;
dax;257;1;Default;Default;
dax;258;1;Default;Default;
dax;259;1;Default;Default;
dax;260;1;Default;Default;
dax;261;1;Default;Default;
dax;262;1;Default;Default;
dax;263;1;Default;Default;
dax;264;1;Default;Default;
dax;265;1;Default;Default;
dax;266;1;Default;Default;
dax;267;1;Default;Default;
dax;268;1;Default;Default;
dax;269;1;Default;Default;
dax;270;1;Default;Default;
dax;271;1;Default;Default;
dax;275;1;Default;Default;
dax;283;1;Default;Default;
dax;284;1;Default;Default;
dax;285;1;Default;Default;
dax;286;1;Default;Default;
dax;287;1;Default;Default;
dax;289;1;Default;Default;
dax;291;1;Default;Default;
dax;292;1;Default;Default;
dax;294;1;Default;Default;
dax;295;1;Default;Default;
dax;296;1;Default;Default;
dax;298;1;Default;Default;
dax;299;1;Default;Default;
dax;300;1;Default;Default;
dax;302;1;Default;Default;
dax;303;1;Default;Default;
dax;304;1;Default;Default;
dax;305;1;Default;Default;
dax;306;1;Default;Default;
dax;307;1;Default;Default;
dax;308;1;Default;Default;
dax;309;1;Default;Default;
dax;310;1;Default;Default;
dax;311;1;Default;Default;
dax;312;1;Default;Default;
dax;313;1;Default;Default;
dax;314;1;Default;Default;
dax;317;1;Default;Default;
dax;318;1;Default;Default;
dax;320;1;Default;Default;
dax;321;1;Default;Default;
dax;322;1;Default;Default;
dax;323;1;Default;Default;
dax;325;1;Default;Default;
dax;327;1;Default;Default;
dax;328;1;Default;Default;
dax;329;1;Default;Default;
dax;330;1;Default;Default;
dax;331;1;Default;Default;
dax;332;1;Default;Default;
dax;333;1;Default;Default;
dax;334;1;Default;Default;
dax;335;1;Default;Default;
dax;336;1;Default;Default;
dax;337;1;Default;Default;
dax;338;1;Default;Default;
dax;339;1;Default;Default;
dax;340;1;Default;Default;
dax;341;1;Default;Default;
dax;343;1;Default;Default;
dax;344;1;Default;Default;
dax;345;1;Default;Default;
dax;347;1;Default;Default;
dax;348;1;Default;Default;
dax;349;1;Default;Default;
dax;350;1;Default;Default;
dax;351;1;Default;Default;
dax;352;1;Default;Default;
dax;353;1;Default;Default;
dax;354;1;Default;Default;
dax;355;1;Default;Default;
dax;356;1;Default;Default;
dax;357;1;Default;Default;
dax;359;1;Default;Default;
dax;360;1;Default;Default;
dax;361;1;Default;Default;
dax;362;1;Default;Default;
dax;363;1;Default;Default;
dax;364;1;Default;Default;
vigap;1;1;Vigap;Vigap;
vigap;2;1;Vigap;Vigap;
vigap;3;1;Vigap;Vigap;
bisbags;1;1;Bisbags;Bisbags;
bisbags;2;1;Bisbags;Bisbags;
bisbags;3;1;Bisbags;Bisbags;
bisbags;4;1;Bisbags;Bisbags;
bisbags;5;1;Bisbags;Bisbags;
bisbags;6;1;Bisbags;Bisbags;
bisbags;7;1;Bisbags;Bisbags;
sigma;1;1;Sigma;Sigma;
sigma;2;1;Sigma;Sigma;
sigma;3;1;Sigma;Sigma;
medifarma;6;1;Medifarma;Medifarma;
medifarma;7;1;Medifarma;Medifarma;
medifarma;8;1;Medifarma;Medifarma;
medifarma;9;1;Medifarma;Medifarma;
medifarma;10;1;Medifarma;Medifarma;
medifarma;11;1;Medifarma;Medifarma;
medifarma;12;1;Medifarma;Medifarma;
medifarma;13;1;Medifarma;Medifarma;
lariplast;1;1;PAPER;PAPER;
lariplast;2;1;PAPER;PAPER;
lariplast;3;1;PAPER;PAPER;
lariplast;4;1;PAPER;PAPER;
lariplast;5;1;PAPER;PAPER;
lariplast;6;1;PAPER;PAPER;
lariplast;8;1;PAPER;PAPER;
lariplast;9;1;PAPER;PAPER;
lariplast;10;1;PAPER;PAPER;
lariplast;11;1;PLASTIC;PLASTIC;
lariplast;13;1;PLASTIC;PLASTIC;
lariplast;14;1;PLASTIC;PLASTIC;
lariplast;15;1;PLASTIC;PLASTIC;
lariplast;17;1;PLASTIC;PLASTIC;
lariplast;18;1;PLASTIC;PLASTIC;
lariplast;19;1;PLASTIC;PLASTIC;
lariplast;20;1;PLASTIC;PLASTIC;
lariplast;21;1;PLASTIC;PLASTIC;
lariplast;22;1;PLASTIC;PLASTIC;
lariplast;23;1;PLASTIC;PLASTIC;
lariplast;24;1;PLASTIC;PLASTIC;
lariplast;25;1;PLASTIC;PLASTIC;
lariplast;26;1;PLASTIC;PLASTIC;
lariplast;27;1;PLASTIC;PLASTIC;
lariplast;28;1;PLASTIC;PLASTIC;
lariplast;29;1;PLASTIC;PLASTIC;
lariplast;30;1;PLASTIC;PLASTIC;
tamasi;1;1;Default;Default;
tamasi;3;1;Default;Default;
tamasi;4;1;Default;Default;
tamasi;5;1;Default;Default;
tamasi;9;1;Default;Default;
tamasi;10;1;Default;Default;
tamasi;11;1;Default;Default;
tamasi;12;1;Default;Default;
tamasi;13;1;Default;Default;
tamasi;14;1;Default;Default;
tamasi;15;1;Default;Default;
tamasi;16;1;Default;Default;
tamasi;17;1;Default;Default;
tamasi;18;1;Default;Default;
tamasi;19;1;Default;Default;
tamasi;20;1;Default;Default;
tamasi;21;1;Default;Default;
calpak;1;1;Default;Default;
calpak;2;1;Default;Default;
calpak;3;1;Default;Default;
calpak;4;1;Default;Default;
abena;2;1;abena;abena;
abena;3;1;abena;abena;
abena;4;1;abena;abena;
abena;5;1;abena;abena;
abena;6;1;abena;abena;
abena;7;1;abena;abena;
abena;8;1;abena;abena;
abena;9;1;abena;abena;
abena;10;1;abena;abena;
leopharma;1;1;Default;Default;
leopharma;2;1;Default;Default;
leopharma;3;1;Default;Default;
leopharma;4;1;Default;Default;
leopharma;5;1;Default;Default;
leopharma;8;1;Default;Default;
leopharma;9;1;Default;Default;
leopharma;10;1;Default;Default;
leopharma;11;1;Default;Default;
leopharma;12;1;Default;Default;
leopharma;13;1;Default;Default;
leopharma;14;1;Default;Default;
leopharma;15;1;Default;Default;
leopharma;16;1;Default;Default;
leopharma;17;1;Default;Default;
leopharma;18;1;Default;Default;
leopharma;19;1;Default;Default;
leopharma;20;1;Default;Default;
leopharma;21;1;Default;Default;
leopharma;22;1;Default;Default;
karlstorz;1;1;Laagri;Laagri;
karlstorz;2;1;Laagri;Laagri;
karlstorz;4;1;Laagri;Laagri;
karlstorz;5;1;Laagri;Laagri;
karlstorz;6;1;Laagri;Laagri;
karlstorz;7;0;;;no stations, no factory - needs a decision
karlstorz;8;0;;;no stations, no factory - needs a decision
karlstorz;9;0;;;no stations, no factory - needs a decision
karlstorz;10;0;;;no stations, no factory - needs a decision
karlstorz;11;0;;;no stations, no factory - needs a decision
karlstorz;13;1;Laagri;Laagri;
faribaultfoods;1;1;Faribault Plant;Faribault Plant;
faribaultfoods;2;1;Faribault Plant;Faribault Plant;
faribaultfoods;3;1;Faribault Plant;Faribault Plant;
faribaultfoods;4;1;Faribault Plant;Faribault Plant;
faribaultfoods;5;1;Faribault Plant;Faribault Plant;
faribaultfoods;6;1;Faribault Plant;Faribault Plant;
faribaultfoods;7;1;Faribault Plant;Faribault Plant;
faribaultfoods;8;1;Faribault Plant;Faribault Plant;
faribaultfoods;9;1;Faribault Plant;Faribault Plant;
faribaultfoods;10;1;Faribault Plant;Faribault Plant;
faribaultfoods;11;1;Faribault Plant;Faribault Plant;
faribaultfoods;12;1;Faribault Plant;Faribault Plant;
faribaultfoods;13;1;Faribault Plant;Faribault Plant;
medmix;1;0;;;no stations, no factory - needs a decision
medmix;2;1;Default;Default;
medmix;4;1;Default;Default;
medmix;6;1;Default;Default;
medmix;11;0;;;no stations, no factory - needs a decision
medmix;12;0;;;no stations, no factory - needs a decision
medmix;13;1;Default;Default;
medmix;14;1;Default;Default;
medmix;15;1;Default;Default;
medmix;16;1;Default;Default;
medmix;17;1;Default;Default;
medmix;18;1;Default;Default;
medmix;22;1;Default;Default;
medmix;23;0;;;no stations, no factory - needs a decision
medmix;24;1;Default;Default;
sugal;5;1;Default;Default;
fibranbg;1;1;Fibranbg;Fibranbg;
fibranbg;2;1;Fibranbg;Fibranbg;
fibranbg;3;1;Fibranbg;Fibranbg;
fibranbg;4;1;Fibranbg;Fibranbg;
bakers;1;1;Factory 1;Factory 1;
bakers;2;1;Factory 1;Factory 1;
bakers;3;1;Factory 1;Factory 1;
bakers;4;1;Factory 1;Factory 1;
bakers;5;1;Factory 1;Factory 1;
megaplast;1;1;Default;Default;
megaplast;2;1;Default;Default;
megaplast;3;1;Default;Default;
megaplast;4;1;Default;Default;
megaplast;5;1;Default;Default;
megaplast;6;1;Default;Default;
megaplast;7;1;Default;Default;
megaplast;8;1;Default;Default;
megaplast;9;1;Default;Default;
megaplast;10;1;Default;Default;
megaplast;11;1;Default;Default;
megaplast;12;1;Default;Default;
megaplast;13;1;Default;Default;
megaplast;14;1;Default;Default;
megaplast;15;1;Default;Default;
megaplast;16;1;Default;Default;
megaplast;18;1;Default;Default;
megaplast;19;1;Default;Default;
megaplast;20;1;Default;Default;
megaplast;21;1;Default;Default;
megaplast;22;1;Default;Default;
datelina;4;1;Datelina;Datelina;
datelina;5;1;Datelina;Datelina;
datelina;6;1;Datelina;Datelina;
datelina;7;1;Datelina;Datelina;
datelina;9;1;Datelina;Datelina;
datelina;10;1;Datelina;Datelina;
datelina;12;1;Datelina;Datelina;
datelina;13;1;Datelina;Datelina;
datelina;14;1;Datelina;Datelina;
datelina;15;1;Datelina;Datelina;
datelina;16;1;Datelina;Datelina;
datelina;18;1;Datelina;Datelina;
datelina;19;1;Datelina;Datelina;
datelina;21;1;Datelina;Datelina;
datelina;22;1;Datelina;Datelina;
datelina;23;1;Datelina;Datelina;
datelina;24;1;Datelina;Datelina;
datelina;25;1;Datelina;Datelina;
datelina;26;1;Datelina;Datelina;
mtladvanced;1;1;Mtladvanced;Mtladvanced;
mtladvanced;2;1;Mtladvanced;Mtladvanced;
mtladvanced;3;1;Mtladvanced;Mtladvanced;
mtladvanced;4;1;Mtladvanced;Mtladvanced;
mtladvanced;5;1;Mtladvanced;Mtladvanced;
mtladvanced;8;1;Mtladvanced;Mtladvanced;
mtladvanced;10;1;Mtladvanced;Mtladvanced;
mtladvanced;11;1;Mtladvanced;Mtladvanced;
mtladvanced;12;1;Mtladvanced;Mtladvanced;
mtladvanced;13;1;Mtladvanced;Mtladvanced;
mtladvanced;14;1;Mtladvanced;Mtladvanced;
mtladvanced;15;1;Mtladvanced;Mtladvanced;
mtladvanced;16;1;Mtladvanced;Mtladvanced;
mtladvanced;17;1;Mtladvanced;Mtladvanced;
mtladvanced;18;1;Mtladvanced;Mtladvanced;
mtladvanced;20;1;Mtladvanced;Mtladvanced;
quesossanmateo;1;1;QUESOS SAN MATEO;QUESOS SAN MATEO;
agrovim;1;1;Default;Default;
agrovim;2;1;Default;Default;
agrovim;3;1;Default;Default;
agrovim;4;1;Default;Default;
agrovim;6;1;Default;Default;
agrovim;7;1;Default;Default;
kerrybrisbane;1;1;Kerrybrisbane;Kerrybrisbane;
kerrybrisbane;2;1;Kerrybrisbane;Kerrybrisbane;
yiotis;21;0;;;no stations, no factory - needs a decision
yiotis;22;0;;;no stations, no factory - needs a decision
yiotis;23;0;;;no stations, no factory - needs a decision
yiotis;24;0;;;no stations, no factory - needs a decision
yiotis;25;0;;;no stations, no factory - needs a decision
yiotis;26;0;;;no stations, no factory - needs a decision
yiotis;27;0;;;no stations, no factory - needs a decision
yiotis;28;0;;;no stations, no factory - needs a decision
yiotis;29;1;Agrinio;Agrinio;
yiotis;30;0;;;no stations, no factory - needs a decision
yiotis;31;1;Athens;Athens;
yiotis;32;1;Athens;Athens;
yiotis;33;0;;;no stations, no factory - needs a decision
yiotis;34;1;Agrinio;Agrinio;
yiotis;35;1;Athens;Athens;
yiotis;36;1;Athens;Athens;
yiotis;37;1;Agrinio;Agrinio;
yiotis;38;1;Athens;Athens;
yiotis;39;1;Agrinio;Agrinio;
yiotis;40;1;Agrinio;Agrinio;
yiotis;41;1;Athens;Athens;
yiotis;42;1;Athens;Athens;
yiotis;43;1;Athens;Athens;
yiotis;44;1;Agrinio;Agrinio;
yiotis;45;1;Athens;Athens;
yiotis;46;1;Agrinio;Agrinio;
yiotis;47;1;Agrinio;Agrinio;
yiotis;48;0;;;no stations, no factory - needs a decision
yiotis;49;1;Agrinio;Agrinio;
yiotis;50;0;;;no stations, no factory - needs a decision
yiotis;51;1;Athens;Athens;
yiotis;52;1;Athens;Athens;
yiotis;53;0;;;no stations, no factory - needs a decision
yiotis;54;1;Agrinio;Agrinio;
yiotis;55;1;Athens;Athens;
yiotis;56;1;Athens;Athens;
yiotis;57;1;Agrinio;Agrinio;
yiotis;58;1;Athens;Athens;
yiotis;59;0;;;no stations, no factory - needs a decision
yiotis;60;1;Athens;Athens;
yiotis;61;0;;;no stations, no factory - needs a decision
yiotis;62;1;Athens;Athens;
yiotis;63;0;;;no stations, no factory - needs a decision
yiotis;64;1;Athens;Athens;
yiotis;65;1;Agrinio;Agrinio;
yiotis;66;1;Agrinio;Agrinio;
yiotis;67;0;;;no stations, no factory - needs a decision
yiotis;68;0;;;no stations, no factory - needs a decision
yiotis;69;1;Athens;Athens;
yiotis;70;1;Athens;Athens;
yiotis;71;1;Athens;Athens;
yiotis;72;1;Athens;Athens;
yiotis;73;1;Athens;Athens;
yiotis;74;1;Agrinio;Agrinio;
yiotis;75;1;Agrinio;Agrinio;
yiotis;76;1;Agrinio;Agrinio;
yiotis;77;1;Agrinio;Agrinio;
yiotis;78;0;;;no stations, no factory - needs a decision
yiotis;79;1;Athens;Athens;
yiotis;80;1;Athens;Athens;
yiotis;81;1;Agrinio;Agrinio;
yiotis;82;1;Agrinio;Agrinio;
yiotis;83;0;;;no stations, no factory - needs a decision
yiotis;84;1;Agrinio;Agrinio;
yiotis;85;1;Athens;Athens;
yiotis;86;1;Athens;Athens;
yiotis;87;1;Athens;Athens;
yiotis;88;1;Athens;Athens;
yiotis;89;0;;;no stations, no factory - needs a decision
yiotis;90;1;Athens;Athens;
yiotis;91;0;;;no stations, no factory - needs a decision
yiotis;92;1;Athens;Athens;
yiotis;93;1;Athens;Athens;
yiotis;94;0;;;no stations, no factory - needs a decision
yiotis;95;1;Agrinio;Agrinio;
yiotis;96;1;Athens;Athens;
yiotis;97;1;Agrinio;Agrinio;
yiotis;98;1;Agrinio;Agrinio;
yiotis;99;0;;;no stations, no factory - needs a decision
yiotis;100;1;Athens;Athens;
yiotis;101;1;Agrinio;Agrinio;
yiotis;102;1;Agrinio;Agrinio;
yiotis;103;1;Athens;Athens;
yiotis;104;1;Agrinio;Agrinio;
yiotis;105;1;Agrinio;Agrinio;
yiotis;106;1;Agrinio;Agrinio;
yiotis;107;1;Athens;Athens;
yiotis;108;1;Athens;Athens;
yiotis;109;1;Agrinio;Agrinio;
yiotis;110;1;Athens;Athens;
yiotis;111;1;Agrinio;Agrinio;
yiotis;112;1;Agrinio;Agrinio;
yiotis;113;1;Agrinio;Agrinio;
yiotis;114;1;Athens;Athens;
yiotis;115;1;Athens;Athens;
yiotis;116;1;Athens;Athens;
yiotis;117;1;Agrinio;Agrinio;
yiotis;118;1;Athens;Athens;
yiotis;119;1;Athens;Athens;
yiotis;120;1;Athens;Athens;
yiotis;121;1;Agrinio;Agrinio;
yiotis;122;0;;;no stations, no factory - needs a decision
yiotis;123;1;Athens;Athens;
yiotis;124;1;Athens;Athens;
yiotis;125;0;;;no stations, no factory - needs a decision
yiotis;126;1;Agrinio;Agrinio;
yiotis;127;1;Athens;Athens;
yiotis;128;0;;;no stations, no factory - needs a decision
yiotis;129;1;Agrinio;Agrinio;
yiotis;130;1;Athens;Athens;
yiotis;131;1;Agrinio;Agrinio;
yiotis;132;0;;;no stations, no factory - needs a decision
yiotis;133;0;;;no stations, no factory - needs a decision
yiotis;134;1;Agrinio;Agrinio;
yiotis;135;1;Agrinio;Agrinio;
yiotis;136;1;Athens;Athens;
yiotis;137;1;Agrinio;Agrinio;
yiotis;138;1;Agrinio;Agrinio;
yiotis;139;0;;;no stations, no factory - needs a decision
yiotis;140;1;Agrinio;Agrinio;
yiotis;141;1;Agrinio;Agrinio;
yiotis;142;0;;;no stations, no factory - needs a decision
yiotis;143;1;Agrinio;Agrinio;
yiotis;144;1;Agrinio;Agrinio;
yiotis;145;1;Agrinio;Agrinio;
yiotis;146;1;Agrinio;Agrinio;
yiotis;147;0;;;no stations, no factory - needs a decision
yiotis;148;0;;;no stations, no factory - needs a decision
yiotis;149;0;;;no stations, no factory - needs a decision
yiotis;150;0;;;no stations, no factory - needs a decision
yiotis;151;1;Agrinio;Agrinio;
yiotis;152;1;Agrinio;Agrinio;
yiotis;153;1;Agrinio;Agrinio;
yiotis;154;1;Athens;Athens;
yiotis;155;1;Athens;Athens;
yiotis;156;1;Agrinio;Agrinio;
yiotis;157;1;Agrinio;Agrinio;
yiotis;158;1;Agrinio;Agrinio;
yiotis;159;0;;;no stations, no factory - needs a decision
yiotis;160;1;Agrinio;Agrinio;
yiotis;161;1;Agrinio;Agrinio;
yiotis;162;1;Athens;Athens;
yiotis;163;1;Athens;Athens;
yiotis;164;1;Athens;Athens;
yiotis;165;1;Athens;Athens;
yiotis;166;0;;;no stations, no factory - needs a decision
yiotis;167;1;Agrinio;Agrinio;
yiotis;168;1;Athens;Athens;
yiotis;169;1;Agrinio;Agrinio;
yiotis;170;1;Athens;Athens;
yiotis;171;1;Agrinio;Agrinio;
yiotis;172;1;Athens;Athens;
yiotis;173;0;;;no stations, no factory - needs a decision
yiotis;174;0;;;no stations, no factory - needs a decision
yiotis;175;1;Agrinio;Agrinio;
yiotis;176;1;Athens;Athens;
yiotis;177;1;Agrinio;Agrinio;
yiotis;178;1;Agrinio;Agrinio;
yiotis;179;0;;;no stations, no factory - needs a decision
yiotis;180;1;Athens;Athens;
yiotis;181;1;Agrinio;Agrinio;
yiotis;182;1;Agrinio;Agrinio;
yiotis;183;1;Agrinio;Agrinio;
yiotis;184;1;Athens;Athens;
yiotis;185;1;Athens;Athens;
yiotis;186;0;;;no stations, no factory - needs a decision
yiotis;187;1;Athens;Athens;
yiotis;188;1;Agrinio;Agrinio;
yiotis;189;1;Athens;Athens;
yiotis;190;1;Athens;Athens;
yiotis;191;1;Athens;Athens;
yiotis;192;1;Athens;Athens;
yiotis;196;1;Athens;Athens;
yiotis;198;1;Athens;Athens;
yiotis;199;1;Athens;Athens;
yiotis;200;1;Athens;Athens;
yiotis;201;1;Athens;Athens;
yiotis;202;1;Athens;Athens;
yiotis;203;1;Athens;Athens;
yiotis;204;1;Athens;Athens;
yiotis;205;1;Athens;Athens;
yiotis;206;1;Athens;Athens;
yiotis;207;1;Athens;Athens;
yiotis;208;1;Athens;Athens;
yiotis;209;1;Athens;Athens;
yiotis;210;1;Athens;Athens;
yiotis;211;1;Athens;Athens;
yiotis;212;1;Athens;Athens;
yiotis;213;1;Athens;Athens;
yiotis;214;1;Athens;Athens;
yiotis;215;1;Athens;Athens;
yiotis;216;1;Athens;Athens;
yiotis;217;1;Athens;Athens;
yiotis;218;1;Athens;Athens;
yiotis;219;1;Athens;Athens;
yiotis;220;1;Athens;Athens;
yiotis;221;1;Athens;Athens;
yiotis;222;1;Athens;Athens;
yiotis;223;1;Agrinio;Agrinio;
yiotis;224;1;Agrinio;Agrinio;
yiotis;225;1;Agrinio;Agrinio;
marsnetherlands;1;1;Default;Default;
marsnetherlands;2;1;Default;Default;
marsnetherlands;3;1;Default;Default;
marsnetherlands;4;1;Default;Default;
marsnetherlands;5;1;Default;Default;
marsnetherlands;6;1;Default;Default;
porvairsciences;1;1;Wrexham;Wrexham;
porvairsciences;2;1;Wrexham;Wrexham;
porvairsciences;3;1;Wrexham;Wrexham;
alkegenholywell;1;1;Default;Default;
alkegenholywell;2;1;Default;Default;
alkegenholywell;3;1;Default;Default;
alkegenholywell;4;1;Default;Default;
alkegenholywell;5;1;Default;Default;
alkegenholywell;6;1;Default;Default;
alkegenholywell;7;1;Default;Default;
alkegenholywell;8;1;Default;Default;
alkegenholywell;9;1;Default;Default;
alkegenholywell;10;1;Default;Default;
mondelez;1;1;C;C;
mondelez;2;1;C;C;
mondelez;3;1;C;C;
mondelez;4;1;C;C;
mondelez;5;1;C;C;
mondelez;6;1;C;C;
mondelez;7;1;C;C;
mondelez;8;1;C;C;
mondelez;9;1;C;C;
mondelez;10;1;C;C;
mondelez;11;1;C;C;
mondelez;12;1;C;C;
mondelez;13;1;C;C;
mondelez;14;1;C;C;
mondelez;15;1;C;C;
mondelez;16;1;C;C;
mondelez;17;1;C;C;
mondelez;18;1;C;C;
mondelez;19;1;C;C;
decibel;5;1;Default;Default;
decibel;7;1;Default;Default;
decibel;8;1;Default;Default;
decibel;12;1;Default;Default;
decibel;13;1;Default;Default;
decibel;15;1;Default;Default;
decibel;16;1;Default;Default;
decibel;17;1;Default;Default;
decibel;18;1;Default;Default;
decibel;20;1;Default;Default;
decibel;21;1;Default;Default;
decibel;24;1;Default;Default;
decibel;25;1;Default;Default;
decibel;29;1;Default;Default;
decibel;30;1;Default;Default;
decibel;33;1;Default;Default;
decibel;34;1;Default;Default;
decibel;35;1;Default;Default;
decibel;36;1;Default;Default;
decibel;38;1;Default;Default;
decibel;41;1;Default;Default;
decibel;42;1;Default;Default;
decibel;43;1;Default;Default;
decibel;45;1;Default;Default;
decibel;46;1;Default;Default;
decibel;47;1;Default;Default;
decibel;49;1;Default;Default;
decibel;50;1;Default;Default;
decibel;53;1;Default;Default;
decibel;55;1;Default;Default;
decibel;56;1;Default;Default;
decibel;58;1;Default;Default;
decibel;59;1;Default;Default;
decibel;60;1;Default;Default;
decibel;61;1;Default;Default;
decibel;62;1;Default;Default;
decibel;63;1;Default;Default;
decibel;64;1;Default;Default;
decibel;65;1;Default;Default;
decibel;66;1;Default;Default;
decibel;67;1;Default;Default;
decibel;68;1;Default;Default;
decibel;69;1;Default;Default;
decibel;70;1;Default;Default;
decibel;71;1;Default;Default;
decibel;72;1;Default;Default;
decibel;73;1;Default;Default;
decibel;74;1;Default;Default;
tutti;1;1;Tutti;Tutti;
tutti;2;1;Tutti;Tutti;
tutti;3;1;Tutti;Tutti;
tutti;4;1;Tutti;Tutti;
tutti;5;1;Tutti;Tutti;
tutti;6;1;Tutti;Tutti;
tutti;7;1;Tutti;Tutti;
tutti;8;1;Tutti;Tutti;
tutti;9;1;Tutti;Tutti;
tutti;11;1;Tutti;Tutti;
tutti;12;1;Tutti;Tutti;
tutti;13;1;Tutti;Tutti;
tutti;14;1;Tutti;Tutti;
tutti;15;1;Tutti;Tutti;
tutti;16;1;Tutti;Tutti;
tutti;17;1;Tutti;Tutti;
tutti;18;1;Tutti;Tutti;
tutti;19;1;Tutti;Tutti;
tutti;20;1;Tutti;Tutti;
tutti;21;1;Tutti;Tutti;
tutti;22;1;Tutti;Tutti;
tutti;23;1;Tutti;Tutti;
tutti;24;1;Tutti;Tutti;
tutti;25;1;Tutti;Tutti;
tutti;26;1;Tutti;Tutti;
tutti;27;1;Tutti;Tutti;
tutti;28;1;Tutti;Tutti;
tutti;29;1;Tutti;Tutti;
tutti;30;1;Tutti;Tutti;
tutti;31;1;Tutti;Tutti;
tutti;32;1;Tutti;Tutti;
tutti;33;1;Tutti;Tutti;
tutti;34;1;Tutti;Tutti;
tutti;35;1;Tutti;Tutti;
tutti;36;1;Tutti;Tutti;
tutti;37;1;Tutti;Tutti;
tutti;38;1;Tutti;Tutti;
tutti;39;1;Tutti;Tutti;
tutti;40;1;Tutti;Tutti;
tutti;41;1;Tutti;Tutti;
tutti;42;1;Tutti;Tutti;
tutti;43;1;Tutti;Tutti;
tutti;44;1;Tutti;Tutti;
tutti;45;1;Tutti;Tutti;
tutti;46;1;Tutti;Tutti;
tutti;47;1;Tutti;Tutti;
tutti;48;1;Tutti;Tutti;
tutti;49;1;Tutti;Tutti;
tutti;50;1;Tutti;Tutti;
tutti;51;1;Tutti;Tutti;
tutti;52;1;Tutti;Tutti;
tutti;53;1;Tutti;Tutti;
tutti;54;1;Tutti;Tutti;
tutti;55;1;Tutti;Tutti;
tutti;56;1;Tutti;Tutti;
tutti;57;1;Tutti;Tutti;
tutti;58;1;Tutti;Tutti;
tutti;59;1;Tutti;Tutti;
tutti;60;1;Tutti;Tutti;
tutti;61;1;Tutti;Tutti;
tutti;62;1;Tutti;Tutti;
tutti;63;1;Tutti;Tutti;
tutti;64;1;Tutti;Tutti;
tutti;65;1;Tutti;Tutti;
tutti;66;1;Tutti;Tutti;
tutti;67;1;Tutti;Tutti;
tutti;68;1;Tutti;Tutti;
tutti;69;1;Tutti;Tutti;
tutti;70;1;Tutti;Tutti;
tutti;71;1;Tutti;Tutti;
itella;31;1;Lithuania;Lithuania;
itella;32;1;Lithuania;Lithuania;
itella;37;1;Lithuania;Lithuania;
itella;38;1;Lithuania;Lithuania;
itella;44;1;Lithuania;Lithuania;
itella;45;1;Lithuania;Lithuania;
itella;49;1;Lithuania;Lithuania;
itella;50;1;Lithuania;Lithuania;
itella;51;1;Lithuania;Lithuania;
itella;53;1;Lithuania;Lithuania;
itella;54;1;Lithuania;Lithuania;
itella;56;1;Lithuania;Lithuania;
itella;57;1;Lithuania;Lithuania;
itella;58;1;Lithuania;Lithuania;
itella;59;1;Lithuania;Lithuania;
itella;61;1;Lithuania;Lithuania;
itella;69;1;Lithuania;Lithuania;
itella;70;1;Lithuania;Lithuania;
itella;102;1;Lithuania;Lithuania;
itella;107;1;Lithuania;Lithuania;
itella;110;1;Lithuania;Lithuania;
itella;116;1;Lithuania;Lithuania;
itella;122;1;Lithuania;Lithuania;
itella;123;1;Lithuania;Lithuania;
itella;136;1;Lithuania;Lithuania;
itella;138;1;Lithuania;Lithuania;
itella;141;1;Lithuania;Lithuania;
itella;145;1;Lithuania;Lithuania;
itella;166;1;Lithuania;Lithuania;
itella;167;1;Lithuania;Lithuania;
itella;169;1;Lithuania;Lithuania;
itella;173;1;Lithuania;Lithuania;
itella;175;1;Lithuania;Lithuania;
itella;176;1;Lithuania;Lithuania;
itella;179;1;Lithuania;Lithuania;
itella;180;1;Lithuania;Lithuania;
itella;183;1;Lithuania;Lithuania;
itella;186;1;Lithuania;Lithuania;
itella;188;1;Lithuania;Lithuania;
itella;189;1;Lithuania;Lithuania;
itella;192;1;Lithuania;Lithuania;
itella;193;1;Lithuania;Lithuania;
jw;2;1;SE - Astorp;SE - Astorp;
jw;3;1;SE - Astorp;SE - Astorp;
jw;4;1;SE - Astorp;SE - Astorp;
jw;10;1;DK - Sdr. Felding;DK - Sdr. Felding;
jw;23;1;LV - Dobele;LV - Dobele;
jw;25;1;LV - Dobele;LV - Dobele;
jw;26;1;LV - Dobele;LV - Dobele;
jw;28;1;LV - Dobele;LV - Dobele;
jw;29;1;LV - Dobele;LV - Dobele;
jw;31;1;LV - Dobele;LV - Dobele;
jw;32;1;LV - Dobele;LV - Dobele;
jw;34;1;CH - Switzerland;CH - Switzerland;
jw;35;1;CH - Switzerland;CH - Switzerland;
jw;36;1;CH - Switzerland;CH - Switzerland;
jw;47;1;LV - Dobele;LV - Dobele;
jw;48;1;LV - Aizkraukle Fiber;LV - Aizkraukle Fiber;
jw;49;1;LV - Aizkraukle Fiber;LV - Aizkraukle Fiber;
jw;50;1;LV - Aizkraukle Fiber;LV - Aizkraukle Fiber;
jw;53;1;LV - Dobele;LV - Dobele;
jw;57;1;EE - Rakvere;EE - Rakvere;
jw;58;1;EE - Rakvere;EE - Rakvere;
jw;59;1;LV - Dobele;LV - Dobele;
jw;60;1;LV - Dobele;LV - Dobele;
jw;61;1;EE - Rakvere;EE - Rakvere;
jw;63;1;EE - Rakvere;EE - Rakvere;
jw;71;1;EE - Rakvere;EE - Rakvere;
jw;72;1;EE - Rakvere;EE - Rakvere;
jw;76;1;EE - Rakvere;EE - Rakvere;
jw;77;1;EE - Rakvere;EE - Rakvere;
jw;79;1;EE - Rakvere;EE - Rakvere;
jw;83;1;EE - Rakvere;EE - Rakvere;
jw;88;1;EE - Rakvere;EE - Rakvere;
jw;89;1;EE - Rakvere;EE - Rakvere;
jw;91;1;EE - Rakvere;EE - Rakvere;
jw;93;1;EE - Rakvere;EE - Rakvere;
jw;95;1;EE - Rakvere;EE - Rakvere;
jw;96;1;EE - Rakvere;EE - Rakvere;
jw;101;1;EE - Rakvere;EE - Rakvere;
jw;104;1;EE - Rakvere;EE - Rakvere;
jw;106;1;EE - Rakvere;EE - Rakvere;
jw;107;1;EE - Rakvere;EE - Rakvere;
jw;108;1;EE - Rakvere;EE - Rakvere;
jw;109;1;EE - Rakvere;EE - Rakvere;
jw;110;1;EE - Rakvere;EE - Rakvere;
jw;111;1;EE - Rakvere;EE - Rakvere;
jw;113;1;EE - Rakvere;EE - Rakvere;
jw;114;1;EE - Rakvere;EE - Rakvere;
jw;115;1;EE - Rakvere;EE - Rakvere;
jw;117;1;EE - Rakvere;EE - Rakvere;
jw;124;1;LV - Dobele;LV - Dobele;
jw;132;1;LV - Dobele;LV - Dobele;
jw;133;1;FI - Vääksy;FI - Vääksy;
jw;134;1;FI - Vääksy;FI - Vääksy;
jw;135;1;FI - Vääksy;FI - Vääksy;
jw;136;1;LV - Dobele;LV - Dobele;
jw;139;1;LV - Aizkraukle Door;LV - Aizkraukle Door;
jw;142;1;EE - Rakvere;EE - Rakvere;
jw;145;1;EE - Rakvere;EE - Rakvere;
jw;147;1;EE - Rakvere;EE - Rakvere;
jw;150;1;EE - Rakvere;EE - Rakvere;
jw;159;1;LV - Aizkraukle Door;LV - Aizkraukle Door;
jw;161;1;LV - Aizkraukle Door;LV - Aizkraukle Door;
jw;164;1;EE - Rakvere;EE - Rakvere;
jw;167;1;EE - Rakvere;EE - Rakvere;
jw;195;1;SE - Forserum;SE - Forserum;
jw;196;1;SE - Forserum;SE - Forserum;
jw;209;1;FI - Vääksy;FI - Vääksy;
jw;212;1;FI - Vääksy;FI - Vääksy;
jw;215;1;LV - Aizkraukle Fiber;LV - Aizkraukle Fiber;
jw;216;1;LV - Aizkraukle Fiber;LV - Aizkraukle Fiber;
jw;217;1;LV - Aizkraukle Fiber;LV - Aizkraukle Fiber;
jw;219;1;EE - Rakvere;EE - Rakvere;
jw;222;1;EE - Rakvere;EE - Rakvere;
jw;223;1;LV - Dobele;LV - Dobele;
jw;239;1;FI - Vääksy;FI - Vääksy;
jw;255;1;EE - Rakvere;EE - Rakvere;
jw;257;1;EE - Rakvere;EE - Rakvere;
jw;258;1;EE - Rakvere;EE - Rakvere;
jw;261;1;FI - Vääksy;FI - Vääksy;
jw;262;1;FI - Vääksy;FI - Vääksy;
jw;263;1;FI - Vääksy;FI - Vääksy;
jw;266;1;FI - Vääksy;FI - Vääksy;
jw;269;1;LV - Dobele;LV - Dobele;
jw;270;1;LV - Dobele;LV - Dobele;
jw;273;1;FI - Kuopio;FI - Kuopio;
jw;274;1;FI - Kuopio;FI - Kuopio;
jw;275;1;FI - Kuopio;FI - Kuopio;
jw;276;1;FI - Kuopio;FI - Kuopio;
jw;277;1;FI - Kuopio;FI - Kuopio;
jw;280;1;UK - Sheffield;UK - Sheffield;
jw;287;1;EE - Rakvere;EE - Rakvere;
jw;288;1;UK - Sheffield;UK - Sheffield;
jw;289;1;UK - Sheffield;UK - Sheffield;
jw;298;1;FR - Eauze;FR - Eauze;
jw;299;1;FR - Eauze;FR - Eauze;
jw;300;1;FR - Eauze;FR - Eauze;
jw;301;1;FR - Eauze;FR - Eauze;
jw;304;1;EE - Rakvere;EE - Rakvere;
jw;305;1;FR - Eauze;FR - Eauze;
jw;306;1;LV - Aizkraukle Fiber;LV - Aizkraukle Fiber;
jw;307;1;LV - Aizkraukle Fiber;LV - Aizkraukle Fiber;
jw;308;1;LV - Aizkraukle Fiber;LV - Aizkraukle Fiber;
jw;317;1;FR - Eauze;FR - Eauze;
jw;318;1;FR - Eauze;FR - Eauze;
jw;321;1;UK - Sheffield;UK - Sheffield;
jw;322;1;FI - Vääksy;FI - Vääksy;
jw;324;1;LV - Dobele;LV - Dobele;
jw;340;1;EE - Rakvere;EE - Rakvere;
jw;341;1;FR - Ussel;FR - Ussel;
jw;343;1;FR - Ussel;FR - Ussel;
jw;344;1;FR - Ussel;FR - Ussel;
jw;345;1;FR - Ussel;FR - Ussel;
jw;346;1;FR - Ussel;FR - Ussel;
jw;347;1;FR - Ussel;FR - Ussel;
jw;348;1;FR - Ussel;FR - Ussel;
jw;372;1;UK - Sheffield;UK - Sheffield;
jw;392;2;FR - Eauze, FR - Ussel;FR - Eauze, FR - Ussel;multi-factory
jw;397;2;FR - Eauze, FR - Ussel;FR - Eauze, FR - Ussel;multi-factory
jw;398;2;FR - Eauze, FR - Ussel;FR - Eauze, FR - Ussel;multi-factory
jw;399;1;FR - Eauze;FR - Eauze;
jw;412;1;FR - Eauze;FR - Eauze;
jw;414;1;FR - Eauze;FR - Eauze;
jw;428;1;LV - Dobele;LV - Dobele;
jw;432;1;FR - Ussel;FR - Ussel;
jw;433;1;FR - Ussel;FR - Ussel;
jw;434;1;FR - Ussel;FR - Ussel;
jw;435;1;FR - Ussel;FR - Ussel;
jw;436;1;FR - Ussel;FR - Ussel;
jw;438;1;FR - Ussel;FR - Ussel;
jw;439;1;FR - Ussel;FR - Ussel;
jw;440;1;FR - Ussel;FR - Ussel;
jw;441;1;FR - Ussel;FR - Ussel;
jw;442;2;FR - Eauze, FR - Ussel;FR - Eauze, FR - Ussel;multi-factory
jw;444;1;FR - Ussel;FR - Ussel;
jw;445;1;EE - Rakvere;EE - Rakvere;
jw;449;1;EE - Rakvere;EE - Rakvere;
jw;453;1;UK - Penrith;UK - Penrith;
jw;457;1;FR - Ussel;FR - Ussel;
jw;458;1;LV - Aizkraukle Door;LV - Aizkraukle Door;
jw;459;1;LV - Aizkraukle Door;LV - Aizkraukle Door;
jw;460;1;LV - Aizkraukle Door;LV - Aizkraukle Door;
jw;461;1;LV - Aizkraukle Door;LV - Aizkraukle Door;
jw;462;1;LV - Aizkraukle Door;LV - Aizkraukle Door;
jw;463;1;LV - Aizkraukle Door;LV - Aizkraukle Door;
jw;464;1;LV - Aizkraukle Door;LV - Aizkraukle Door;
jw;472;1;UK - Sheffield;UK - Sheffield;
jw;478;1;EE - Rakvere;EE - Rakvere;
jw;485;1;EE - Rakvere;EE - Rakvere;
jw;497;1;EE - Rakvere;EE - Rakvere;
jw;498;1;LV - Aizkraukle Door;LV - Aizkraukle Door;
jw;501;1;LV - Dobele;LV - Dobele;
jw;504;1;FI - Vääksy;FI - Vääksy;
jw;506;1;EE - Rakvere;EE - Rakvere;
jw;507;1;EE - Rakvere;EE - Rakvere;
jw;508;1;LV - Dobele;LV - Dobele;
jw;509;1;LV - Dobele;LV - Dobele;
jw;510;1;LV - Aizkraukle Door;LV - Aizkraukle Door;
jw;511;1;LV - Aizkraukle Door;LV - Aizkraukle Door;
jw;512;1;LV - Aizkraukle Door;LV - Aizkraukle Door;
jw;513;1;LV - Aizkraukle Door;LV - Aizkraukle Door;
jw;516;1;LV - Aizkraukle Door;LV - Aizkraukle Door;
jw;517;1;LV - Aizkraukle Door;LV - Aizkraukle Door;
jw;518;1;LV - Aizkraukle Door;LV - Aizkraukle Door;
jw;523;1;EE - Rakvere;EE - Rakvere;
jw;527;1;EE - Rakvere;EE - Rakvere;
jw;528;1;UK - Sheffield;UK - Sheffield;
jw;533;1;UK - Sheffield;UK - Sheffield;
jw;534;1;UK - Sheffield;UK - Sheffield;
jw;535;1;UK - Sheffield;UK - Sheffield;
jw;536;1;UK - Sheffield;UK - Sheffield;
jw;537;1;UK - Sheffield;UK - Sheffield;
jw;544;1;UK - Sheffield;UK - Sheffield;
jw;545;1;UK - Sheffield;UK - Sheffield;
jw;548;1;UK - Sheffield;UK - Sheffield;
jw;549;1;UK - Sheffield;UK - Sheffield;
jw;550;1;UK - Sheffield;UK - Sheffield;
jw;554;1;EE - Rakvere;EE - Rakvere;
jw;555;1;EE - Rakvere;EE - Rakvere;
jw;556;1;EE - Rakvere;EE - Rakvere;
jw;558;1;UK - Sheffield;UK - Sheffield;
jw;571;1;UK - Sheffield;UK - Sheffield;
jw;572;1;UK - Sheffield;UK - Sheffield;
jw;582;1;UK - Sheffield;UK - Sheffield;
jw;587;1;EE - Rakvere;EE - Rakvere;
jw;588;1;EE - Rakvere;EE - Rakvere;
jw;597;1;UK - Sheffield;UK - Sheffield;
jw;598;1;FR - Ussel;FR - Ussel;
jw;601;1;LV - Dobele;LV - Dobele;
jw;602;1;LV - Dobele;LV - Dobele;
jw;609;1;UK - Sheffield;UK - Sheffield;
jw;611;1;EE - Rakvere;EE - Rakvere;
jw;612;1;SE - Forserum;SE - Forserum;
jw;614;1;UK - Sheffield;UK - Sheffield;
jw;615;1;UK - Sheffield;UK - Sheffield;
jw;616;1;EE - Rakvere;EE - Rakvere;
jw;617;1;EE - Rakvere;EE - Rakvere;
jw;618;1;EE - Rakvere;EE - Rakvere;
jw;619;1;EE - Rakvere;EE - Rakvere;
jw;624;0;;;no stations, no factory - needs a decision
jw;625;1;EE - Rakvere;EE - Rakvere;
jw;626;1;EE - Rakvere;EE - Rakvere;
jw;630;0;;;no stations, no factory - needs a decision
jw;632;1;EE - Rakvere;EE - Rakvere;
jw;633;1;EE - Rakvere;EE - Rakvere;
jw;635;1;EE - Rakvere;EE - Rakvere;
jw;638;1;EE - Rakvere;EE - Rakvere;
jw;641;1;UK - Sheffield;UK - Sheffield;
jw;642;1;EE - Rakvere;EE - Rakvere;
jw;646;1;UK - Sheffield;UK - Sheffield;
jw;649;1;UK - Sheffield;UK - Sheffield;
jw;652;1;UK - Sheffield;UK - Sheffield;
jw;653;1;UK - Sheffield;UK - Sheffield;
jw;654;1;FI - Vääksy;FI - Vääksy;
jw;655;1;LV - Dobele;LV - Dobele;
jw;659;1;EE - Rakvere;EE - Rakvere;
jw;662;1;LV - Aizkraukle Door;LV - Aizkraukle Door;
jw;663;1;UK - Sheffield;UK - Sheffield;
jw;668;1;EE - Rakvere;EE - Rakvere;
jw;669;1;EE - Rakvere;EE - Rakvere;
jw;670;1;UK - Sheffield;UK - Sheffield;
jw;675;1;UK - Sheffield;UK - Sheffield;
jw;678;1;FI - Vääksy;FI - Vääksy;
jw;679;1;UK - Penrith;UK - Penrith;
jw;680;1;UK - Penrith;UK - Penrith;
jw;681;1;UK - Penrith;UK - Penrith;
jw;682;1;UK - Penrith;UK - Penrith;
jw;683;1;UK - Penrith;UK - Penrith;
jw;684;1;UK - Penrith;UK - Penrith;
jw;687;1;UK - Penrith;UK - Penrith;
jw;688;1;LV - Dobele;LV - Dobele;
jw;692;1;EE - Rakvere;EE - Rakvere;
jw;693;1;LV - Aizkraukle Door;LV - Aizkraukle Door;
jw;694;1;EE - Rakvere;EE - Rakvere;
jw;696;1;LV - Dobele;LV - Dobele;
jw;698;1;LV - Dobele;LV - Dobele;
jw;703;1;UK - Sheffield;UK - Sheffield;
jw;707;1;UK - Sheffield;UK - Sheffield;
jw;710;1;EE - Rakvere;EE - Rakvere;
jw;711;1;LV - Dobele;LV - Dobele;
jw;713;1;FI - Vääksy;FI - Vääksy;
jw;714;1;FI - Vääksy;FI - Vääksy;
jw;715;1;FI - Vääksy;FI - Vääksy;
jw;716;1;FI - Vääksy;FI - Vääksy;
jw;718;1;FI - Vääksy;FI - Vääksy;
jw;724;1;EE - Rakvere;EE - Rakvere;
jw;725;1;EE - Rakvere;EE - Rakvere;
jw;729;1;LV - Dobele;LV - Dobele;
jw;730;1;FI - Vääksy;FI - Vääksy;
jw;731;1;FI - Vääksy;FI - Vääksy;
jw;732;1;FI - Vääksy;FI - Vääksy;
jw;736;1;FI - Vääksy;FI - Vääksy;
jw;740;1;FI - Vääksy;FI - Vääksy;
jw;741;1;FI - Vääksy;FI - Vääksy;
jw;753;1;FI - Vääksy;FI - Vääksy;
jw;759;1;FI - Vääksy;FI - Vääksy;
jw;760;1;FI - Vääksy;FI - Vääksy;
jw;762;1;UK - Sheffield;UK - Sheffield;
jw;763;1;LV - Dobele;LV - Dobele;
jw;764;1;FI - Vääksy;FI - Vääksy;
jw;765;1;UK - Sheffield;UK - Sheffield;
jw;766;1;UK - Sheffield;UK - Sheffield;
jw;769;1;FI - Vääksy;FI - Vääksy;
jw;770;1;FI - Vääksy;FI - Vääksy;
jw;771;1;FI - Vääksy;FI - Vääksy;
jw;772;1;FI - Vääksy;FI - Vääksy;
jw;773;1;FI - Vääksy;FI - Vääksy;
jw;778;1;EE - Rakvere;EE - Rakvere;
jw;780;1;EE - Rakvere;EE - Rakvere;
jw;789;1;EE - Rakvere;EE - Rakvere;
jw;790;1;EE - Rakvere;EE - Rakvere;
jw;802;1;FI - Vääksy;FI - Vääksy;
jw;803;1;FR - Ussel;FR - Ussel;
jw;804;1;LV - Dobele;LV - Dobele;
jw;820;1;LV - Dobele;LV - Dobele;
jw;822;1;LV - Dobele;LV - Dobele;
jw;827;1;FI - Vääksy;FI - Vääksy;
jw;830;1;EE - Rakvere;EE - Rakvere;
jw;831;1;LV - Dobele;LV - Dobele;
jw;836;1;EE - Rakvere;EE - Rakvere;
jw;839;1;LV - Dobele;LV - Dobele;
jw;840;1;LV - Dobele;LV - Dobele;
jw;844;1;LV - Dobele;LV - Dobele;
jw;845;1;LV - Dobele;LV - Dobele;
jw;847;1;LV - Dobele;LV - Dobele;
jw;849;1;LV - Dobele;LV - Dobele;
jw;850;1;LV - Dobele;LV - Dobele;
jw;851;1;LV - Dobele;LV - Dobele;
jw;852;1;LV - Dobele;LV - Dobele;
jw;853;1;LV - Dobele;LV - Dobele;
jw;854;1;LV - Dobele;LV - Dobele;
jw;855;1;LV - Dobele;LV - Dobele;
jw;856;1;LV - Dobele;LV - Dobele;
jw;857;1;LV - Dobele;LV - Dobele;
jw;858;1;LV - Dobele;LV - Dobele;
jw;860;1;LV - Dobele;LV - Dobele;
jw;861;1;FI - Vääksy;FI - Vääksy;
jw;866;1;DE - Mittweida;DE - Mittweida;
jw;867;1;DE - Mittweida;DE - Mittweida;
jw;869;1;DE - Mittweida;DE - Mittweida;
jw;871;1;DE - Mittweida;DE - Mittweida;
jw;872;1;DE - Mittweida;DE - Mittweida;
jw;873;1;DE - Mittweida;DE - Mittweida;
jw;877;1;UK - Sheffield;UK - Sheffield;
jw;878;1;LV - Dobele;LV - Dobele;
jw;880;1;EE - Rakvere;EE - Rakvere;
jw;881;1;UK - Sheffield;UK - Sheffield;
jw;882;1;EE - Rakvere;EE - Rakvere;
jw;886;1;EE - Rakvere;EE - Rakvere;
jw;887;1;EE - Rakvere;EE - Rakvere;
jw;889;1;EE - Rakvere;EE - Rakvere;
jw;890;1;EE - Rakvere;EE - Rakvere;
jw;891;1;UK - Sheffield;UK - Sheffield;
jw;893;1;UK - Sheffield;UK - Sheffield;
jw;896;1;LV - Dobele;LV - Dobele;
jw;900;1;EE - Rakvere;EE - Rakvere;
jw;901;1;EE - Rakvere;EE - Rakvere;
jw;903;1;EE - Rakvere;EE - Rakvere;
jw;904;1;EE - Rakvere;EE - Rakvere;
jw;905;1;EE - Rakvere;EE - Rakvere;
jw;906;1;EE - Rakvere;EE - Rakvere;
jw;907;1;EE - Rakvere;EE - Rakvere;
jw;908;1;UK - Sheffield;UK - Sheffield;
jw;909;1;UK - Sheffield;UK - Sheffield;
jw;910;1;LV - Dobele;LV - Dobele;
jw;911;1;LV - Dobele;LV - Dobele;
jw;912;1;UK - Sheffield;UK - Sheffield;
jw;914;1;UK - Sheffield;UK - Sheffield;
jw;917;1;EE - Rakvere;EE - Rakvere;
jw;918;1;EE - Rakvere;EE - Rakvere;
jw;921;1;LV - Dobele;LV - Dobele;
jw;924;1;EE - Rakvere;EE - Rakvere;
jw;929;1;UK - Sheffield;UK - Sheffield;
jw;930;1;UK - Sheffield;UK - Sheffield;
jw;931;1;EE - Rakvere;EE - Rakvere;
jw;932;1;EE - Rakvere;EE - Rakvere;
jw;934;1;DE - Mittweida;DE - Mittweida;
jw;938;1;EE - Rakvere;EE - Rakvere;
jw;939;1;LV - Dobele;LV - Dobele;
jw;942;1;EE - Rakvere;EE - Rakvere;
jw;943;1;UK - Sheffield;UK - Sheffield;
jw;944;1;UK - Sheffield;UK - Sheffield;
jw;945;1;EE - Rakvere;EE - Rakvere;
jw;946;1;EE - Rakvere;EE - Rakvere;
jw;947;1;LV - Dobele;LV - Dobele;
jw;948;1;EE - Rakvere;EE - Rakvere;
jw;949;1;EE - Rakvere;EE - Rakvere;
jw;951;1;LV - Dobele;LV - Dobele;
jw;952;1;LV - Dobele;LV - Dobele;
jw;953;1;EE - Rakvere;EE - Rakvere;
jw;954;1;UK - Penrith;UK - Penrith;
jw;955;1;UK - Penrith;UK - Penrith;
jw;956;1;UK - Penrith;UK - Penrith;
jw;957;1;UK - Penrith;UK - Penrith;
jw;958;1;UK - Penrith;UK - Penrith;
jw;959;1;UK - Penrith;UK - Penrith;
jw;960;1;UK - Penrith;UK - Penrith;
jw;961;1;UK - Penrith;UK - Penrith;
jw;962;1;UK - Penrith;UK - Penrith;
jw;965;1;UK - Penrith;UK - Penrith;
jw;966;1;UK - Penrith;UK - Penrith;
jw;967;1;UK - Penrith;UK - Penrith;
jw;968;1;UK - Penrith;UK - Penrith;
jw;969;1;UK - Penrith;UK - Penrith;
jw;970;1;UK - Penrith;UK - Penrith;
jw;971;1;UK - Penrith;UK - Penrith;
jw;972;1;UK - Penrith;UK - Penrith;
jw;973;1;UK - Penrith;UK - Penrith;
jw;974;1;UK - Penrith;UK - Penrith;
jw;975;1;UK - Penrith;UK - Penrith;
jw;976;1;UK - Penrith;UK - Penrith;
jw;977;1;UK - Penrith;UK - Penrith;
jw;978;1;UK - Penrith;UK - Penrith;
jw;979;1;UK - Penrith;UK - Penrith;
jw;980;1;UK - Penrith;UK - Penrith;
jw;981;1;UK - Penrith;UK - Penrith;
jw;983;1;EE - Rakvere;EE - Rakvere;
jw;987;1;UK - Sheffield;UK - Sheffield;
jw;990;1;UK - Penrith;UK - Penrith;
jw;991;1;EE - Rakvere;EE - Rakvere;
jw;992;1;FI - Vääksy;FI - Vääksy;
jw;993;1;FI - Vääksy;FI - Vääksy;
jw;997;1;UK - Sheffield;UK - Sheffield;
jw;1003;1;EE - Rakvere;EE - Rakvere;
jw;1005;1;EE - Rakvere;EE - Rakvere;
jw;1006;1;UK - Penrith;UK - Penrith;
jw;1007;1;UK - Penrith;UK - Penrith;
jw;1008;1;UK - Penrith;UK - Penrith;
jw;1010;1;UK - Penrith;UK - Penrith;
jw;1012;1;FI - Vääksy;FI - Vääksy;
jw;1013;1;UK - Sheffield;UK - Sheffield;
jw;1014;1;UK - Sheffield;UK - Sheffield;
jw;1015;1;EE - Rakvere;EE - Rakvere;
jw;1017;1;FI - Vääksy;FI - Vääksy;
jw;1018;1;EE - Rakvere;EE - Rakvere;
jw;1019;1;FI - Vääksy;FI - Vääksy;
jw;1020;0;;;no stations, no factory - needs a decision
jw;1021;0;;;no stations, no factory - needs a decision
jw;1022;1;EE - Rakvere;EE - Rakvere;
jw;1023;1;EE - Rakvere;EE - Rakvere;
jw;1024;1;EE - Rakvere;EE - Rakvere;
jw;1025;1;EE - Rakvere;EE - Rakvere;
jw;1026;1;EE - Rakvere;EE - Rakvere;
jw;1027;1;EE - Rakvere;EE - Rakvere;
jw;1028;1;EE - Rakvere;EE - Rakvere;
jw;1029;1;EE - Rakvere;EE - Rakvere;
jw;1031;1;EE - Rakvere;EE - Rakvere;
jw;1033;1;EE - Rakvere;EE - Rakvere;
jw;1034;1;EE - Rakvere;EE - Rakvere;
jw;1035;1;FI - Vääksy;FI - Vääksy;
jw;1038;1;UK - Penrith;UK - Penrith;
jw;1039;1;EE - Rakvere;EE - Rakvere;
jw;1041;1;EE - Rakvere;EE - Rakvere;
jw;1042;1;EE - Rakvere;EE - Rakvere;
jw;1047;1;EE - Rakvere;EE - Rakvere;
jw;1050;1;EE - Rakvere;EE - Rakvere;
jw;1051;1;EE - Rakvere;EE - Rakvere;
jw;1052;1;EE - Rakvere;EE - Rakvere;
jw;1055;1;UK - Penrith;UK - Penrith;
jw;1065;1;EE - Rakvere;EE - Rakvere;
jw;1069;1;EE - Rakvere;EE - Rakvere;
jw;1070;1;UK - Sheffield;UK - Sheffield;
jw;1071;1;EE - Rakvere;EE - Rakvere;
jw;1076;1;UK - Sheffield;UK - Sheffield;
jw;1078;1;EE - Rakvere;EE - Rakvere;
jw;1080;1;EE - Rakvere;EE - Rakvere;
jw;1084;1;EE - Rakvere;EE - Rakvere;
jw;1086;1;EE - Rakvere;EE - Rakvere;
jw;1087;1;EE - Rakvere;EE - Rakvere;
jw;1088;1;EE - Rakvere;EE - Rakvere;
jw;1089;1;EE - Rakvere;EE - Rakvere;
jw;1090;1;FI - Vääksy;FI - Vääksy;
jw;1091;1;FI - Vääksy;FI - Vääksy;
jw;1093;1;FI - Vääksy;FI - Vääksy;
jw;1094;1;FI - Vääksy;FI - Vääksy;
jw;1095;1;FI - Vääksy;FI - Vääksy;
jw;1096;1;SE - Forserum;SE - Forserum;
jw;1097;1;EE - Rakvere;EE - Rakvere;
jw;1102;1;SE - Forserum;SE - Forserum;
jw;1103;1;EE - Rakvere;EE - Rakvere;
jw;1104;1;FI - Vääksy;FI - Vääksy;
jw;1107;1;DK - Sdr. Felding;DK - Sdr. Felding;
jw;1108;1;DK - Sdr. Felding;DK - Sdr. Felding;
jw;1109;1;UK - Penrith;UK - Penrith;
jw;1110;1;UK - Penrith;UK - Penrith;
jw;1112;1;UK - Sheffield;UK - Sheffield;
jw;1113;1;UK - Sheffield;UK - Sheffield;
jw;1114;1;UK - Sheffield;UK - Sheffield;
jw;1115;1;UK - Sheffield;UK - Sheffield;
jw;1116;1;DE - Mittweida;DE - Mittweida;
jw;1117;1;DE - Mittweida;DE - Mittweida;
jw;1118;1;DE - Mittweida;DE - Mittweida;
jw;1119;1;DE - Mittweida;DE - Mittweida;
jw;1120;1;DE - Mittweida;DE - Mittweida;
jw;1121;1;DE - Mittweida;DE - Mittweida;
jw;1122;1;DE - Mittweida;DE - Mittweida;
jw;1123;1;DE - Mittweida;DE - Mittweida;
jw;1133;1;FI - Vääksy;FI - Vääksy;
jw;1134;1;FI - Vääksy;FI - Vääksy;
jw;1138;1;UK - Penrith;UK - Penrith;
jw;1140;1;EE - Rakvere;EE - Rakvere;
jw;1141;1;EE - Rakvere;EE - Rakvere;
jw;1143;1;EE - Rakvere;EE - Rakvere;
jw;1144;1;FI - Vääksy;FI - Vääksy;
jw;1147;1;EE - Rakvere;EE - Rakvere;
jw;1148;1;EE - Rakvere;EE - Rakvere;
jw;1150;1;FI - Vääksy;FI - Vääksy;
jw;1153;1;FI - Vääksy;FI - Vääksy;
jw;1154;1;DE - Mittweida;DE - Mittweida;
jw;1155;1;DE - Mittweida;DE - Mittweida;
jw;1156;1;DE - Mittweida;DE - Mittweida;
jw;1157;1;DE - Mittweida;DE - Mittweida;
jw;1158;1;DE - Mittweida;DE - Mittweida;
jw;1159;1;EE - Rakvere;EE - Rakvere;
jw;1160;1;EE - Rakvere;EE - Rakvere;
jw;1161;1;UK - Penrith;UK - Penrith;
jw;1162;1;FI - Vääksy;FI - Vääksy;
jw;1164;1;EE - Rakvere;EE - Rakvere;
jw;1167;1;FR - Ussel;FR - Ussel;
jw;1168;1;EE - Rakvere;EE - Rakvere;
jw;1169;1;FI - Vääksy;FI - Vääksy;
jw;1170;1;DE - Mittweida;DE - Mittweida;
jw;1171;1;EE - Rakvere;EE - Rakvere;
jw;1172;1;FI - Vääksy;FI - Vääksy;
jw;1173;1;FI - Vääksy;FI - Vääksy;
jw;1174;1;EE - Rakvere;EE - Rakvere;
jw;1175;1;EE - Rakvere;EE - Rakvere;
jw;1177;1;EE - Rakvere;EE - Rakvere;
jw;1178;1;EE - Rakvere;EE - Rakvere;
jw;1179;1;EE - Rakvere;EE - Rakvere;
jw;1180;1;EE - Rakvere;EE - Rakvere;
jw;1185;1;DE - Mittweida;DE - Mittweida;
jw;1186;1;EE - Rakvere;EE - Rakvere;
jw;1187;1;UK - Sheffield;UK - Sheffield;
jw;1188;1;UK - Sheffield;UK - Sheffield;
jw;1189;1;UK - Sheffield;UK - Sheffield;
jw;1190;1;UK - Sheffield;UK - Sheffield;
jw;1191;1;EE - Rakvere;EE - Rakvere;
jw;1192;1;EE - Rakvere;EE - Rakvere;
jw;1193;1;UK - Sheffield;UK - Sheffield;
jw;1194;1;UK - Sheffield;UK - Sheffield;
jw;1196;1;FI - Vääksy;FI - Vääksy;
jw;1197;1;DE - Oettingen;DE - Oettingen;
jw;1198;1;DE - Mittweida;DE - Mittweida;
jw;1199;1;DE - Mittweida;DE - Mittweida;
jw;1200;1;DE - Mittweida;DE - Mittweida;
jw;1201;1;DE - Oettingen;DE - Oettingen;
jw;1202;1;DE - Oettingen;DE - Oettingen;
jw;1203;1;FI - Vääksy;FI - Vääksy;
jw;1205;1;FI - Vääksy;FI - Vääksy;
jw;1206;1;FR - Ussel;FR - Ussel;
jw;1207;1;UK - Sheffield;UK - Sheffield;
jw;1209;1;EE - Rakvere;EE - Rakvere;
jw;1211;1;FI - Vääksy;FI - Vääksy;
jw;1212;1;FI - Vääksy;FI - Vääksy;
jw;1213;1;EE - Rakvere;EE - Rakvere;
jw;1214;1;AT-Gänserndorf;AT-Gänserndorf;
jw;1215;1;UK - Penrith;UK - Penrith;
jw;1216;1;FI - Vääksy;FI - Vääksy;
jw;1217;1;FI - Vääksy;FI - Vääksy;
jw;1218;1;UK - Penrith;UK - Penrith;
jw;1219;1;UK - Penrith;UK - Penrith;
jw;1220;1;UK - Penrith;UK - Penrith;
jw;1221;1;UK - Penrith;UK - Penrith;
jw;1222;1;FR - Ussel;FR - Ussel;
jw;1223;1;DE - Mittweida;DE - Mittweida;
jw;1224;1;EE - Rakvere;EE - Rakvere;
jw;1225;1;EE - Rakvere;EE - Rakvere;
jw;1226;1;DE - Mittweida;DE - Mittweida;
jw;1227;1;DE - Mittweida;DE - Mittweida;
jw;1228;1;DE - Mittweida;DE - Mittweida;
jw;1229;1;DE - Mittweida;DE - Mittweida;
jw;1230;1;DE - Mittweida;DE - Mittweida;
jw;1231;1;DE - Mittweida;DE - Mittweida;
jw;1232;1;FI - Vääksy;FI - Vääksy;
jw;1235;1;FI - Vääksy;FI - Vääksy;
jw;1236;1;FI - Vääksy;FI - Vääksy;
jw;1237;1;UK - Penrith;UK - Penrith;
jw;1238;1;EE - Rakvere;EE - Rakvere;
jw;1239;1;EE - Rakvere;EE - Rakvere;
jw;1240;1;EE - Rakvere;EE - Rakvere;
jw;1241;1;EE - Rakvere;EE - Rakvere;
jw;1242;1;FI - Vääksy;FI - Vääksy;
jw;1243;1;FR - Ussel;FR - Ussel;
jw;1245;1;FI - Vääksy;FI - Vääksy;
jw;1246;1;FI - Vääksy;FI - Vääksy;
jw;1247;1;EE - Rakvere;EE - Rakvere;
jw;1248;1;FI - Vääksy;FI - Vääksy;
jw;1249;1;EE - Rakvere;EE - Rakvere;
jw;1250;1;UK - Penrith;UK - Penrith;
jw;1251;1;DE - Mittweida;DE - Mittweida;
jw;1252;1;FI - Vääksy;FI - Vääksy;
jw;1259;1;UK - Penrith;UK - Penrith;
jw;1260;1;UK - Penrith;UK - Penrith;
jw;1261;1;UK - Penrith;UK - Penrith;
jw;1262;1;FI - Vääksy;FI - Vääksy;
jw;1263;1;FI - Vääksy;FI - Vääksy;
jw;1264;1;UK - Penrith;UK - Penrith;
jw;1265;1;UK - Penrith;UK - Penrith;
jw;1266;1;UK - Penrith;UK - Penrith;
jw;1267;1;UK - Penrith;UK - Penrith;
jw;1268;1;UK - Penrith;UK - Penrith;
jw;1269;1;UK - Penrith;UK - Penrith;
jw;1270;1;UK - Penrith;UK - Penrith;
jw;1271;1;UK - Penrith;UK - Penrith;
jw;1272;1;UK - Penrith;UK - Penrith;
jw;1273;1;UK - Penrith;UK - Penrith;
jw;1274;1;UK - Penrith;UK - Penrith;
jw;1275;1;UK - Penrith;UK - Penrith;
jw;1276;1;EE - Rakvere;EE - Rakvere;
jw;1277;1;UK - Penrith;UK - Penrith;
jw;1278;1;UK - Penrith;UK - Penrith;
jw;1279;1;AT-Gänserndorf;AT-Gänserndorf;
jw;1280;1;UK - Penrith;UK - Penrith;
jw;1281;1;EE - Rakvere;EE - Rakvere;
jw;1282;1;EE - Rakvere;EE - Rakvere;
jw;1283;1;AT-Gänserndorf;AT-Gänserndorf;
jw;1284;1;UK - Penrith;UK - Penrith;
rullet;2;1;Default;Default;
rullet;5;1;Default;Default;
rullet;6;1;Default;Default;
rullet;7;1;Default;Default;
rullet;8;1;Default;Default;
rullet;9;1;Default;Default;
rullet;10;1;Default;Default;
rullet;11;1;Default;Default;
rullet;13;1;Default;Default;
rullet;14;1;Default;Default;
rullet;15;1;Default;Default;
rullet;19;1;Default;Default;
rullet;20;1;Default;Default;
barilla;1;1;Default;Default;
barilla;2;1;Default;Default;
barilla;3;1;Default;Default;
barilla;4;1;Default;Default;
barilla;5;1;Default;Default;
barilla;6;1;Default;Default;
barilla;7;1;Default;Default;
barilla;8;1;Default;Default;
barilla;9;1;Default;Default;
barilla;10;1;Default;Default;
barilla;11;1;Default;Default;
barilla;12;1;Default;Default;
barilla;13;1;Default;Default;
barilla;14;1;Default;Default;
barilla;15;1;Default;Default;
barilla;16;1;Default;Default;
barilla;17;1;Default;Default;
barilla;18;1;Default;Default;
barilla;19;1;Default;Default;
barilla;20;1;Default;Default;
barilla;21;1;Default;Default;
barilla;26;1;Default;Default;
barilla;27;1;Default;Default;
barilla;28;1;Default;Default;
barilla;115;1;Default;Default;
barilla;116;1;Default;Default;
barilla;117;1;Default;Default;
barilla;118;1;Default;Default;
elbak;3;1;Default;Default;
elbak;4;1;Default;Default;
elbak;6;1;Default;Default;
elbak;7;1;Default;Default;
elbak;9;1;Default;Default;
elbak;10;1;Default;Default;
elbak;11;1;Default;Default;
elbak;15;1;Default;Default;
elbak;17;1;Default;Default;
elbak;19;1;Default;Default;
elbak;20;1;Default;Default;
elbak;21;1;Default;Default;
elbak;22;1;Default;Default;
elbak;23;1;Default;Default;
elbak;25;1;Default;Default;
elbak;26;1;Default;Default;
elbak;29;1;Default;Default;
elbak;30;1;Default;Default;
elbak;31;1;Default;Default;
elbak;32;1;Default;Default;
elbak;33;1;Default;Default;
elbak;34;1;Default;Default;
elbak;35;1;Default;Default;
elbak;36;1;Default;Default;
elbak;37;1;Default;Default;
elbak;38;1;Default;Default;
liistuvabrik;3;1;Default;Default;
liistuvabrik;4;1;Default;Default;
liistuvabrik;6;1;Default;Default;
liistuvabrik;7;1;Default;Default;
liistuvabrik;8;1;Default;Default;
liistuvabrik;9;1;Default;Default;
liistuvabrik;12;1;Default;Default;
liistuvabrik;13;1;Default;Default;
liistuvabrik;14;1;Default;Default;
liistuvabrik;15;1;Default;Default;
liistuvabrik;16;1;Default;Default;
liistuvabrik;17;1;Default;Default;
liistuvabrik;20;1;Default;Default;
liistuvabrik;21;1;Default;Default;
liistuvabrik;22;1;Default;Default;
liistuvabrik;23;1;Default;Default;
liistuvabrik;24;1;Default;Default;
liistuvabrik;25;1;Default;Default;
liistuvabrik;26;1;Default;Default;
liistuvabrik;29;1;Default;Default;
liistuvabrik;33;1;Default;Default;
liistuvabrik;34;1;Default;Default;
liistuvabrik;36;1;Default;Default;
liistuvabrik;37;1;Default;Default;
liistuvabrik;38;1;Default;Default;
liistuvabrik;40;1;Default;Default;
liistuvabrik;41;1;Default;Default;
liistuvabrik;43;1;Default;Default;
liistuvabrik;45;1;Default;Default;
liistuvabrik;48;1;Default;Default;
liistuvabrik;51;1;Default;Default;
liistuvabrik;52;1;Default;Default;
liistuvabrik;53;1;Default;Default;
liistuvabrik;56;1;Default;Default;
liistuvabrik;57;1;Default;Default;
liistuvabrik;58;1;Default;Default;
liistuvabrik;59;1;Default;Default;
liistuvabrik;62;1;Default;Default;
liistuvabrik;65;1;Default;Default;
liistuvabrik;67;1;Default;Default;
liistuvabrik;68;1;Default;Default;
liistuvabrik;69;1;Default;Default;
liistuvabrik;70;1;Default;Default;
liistuvabrik;72;1;Default;Default;
liistuvabrik;73;1;Default;Default;
liistuvabrik;74;1;Default;Default;
liistuvabrik;76;1;Default;Default;
liistuvabrik;77;1;Default;Default;
liistuvabrik;78;1;Default;Default;
liistuvabrik;79;1;Default;Default;
liistuvabrik;80;1;Default;Default;
liistuvabrik;81;1;Default;Default;
liistuvabrik;82;1;Default;Default;
liistuvabrik;83;1;Default;Default;
liistuvabrik;84;1;Default;Default;
liistuvabrik;87;1;Default;Default;
liistuvabrik;88;1;Default;Default;
liistuvabrik;89;1;Default;Default;
whowardkildare;2;1;Default;Default;
whowardkildare;3;1;Default;Default;
whowardkildare;4;1;Default;Default;
whowardkildare;5;1;Default;Default;
whowardkildare;6;1;Default;Default;
whowardkildare;7;1;Default;Default;
whowardkildare;8;1;Default;Default;
whowardkildare;9;1;Default;Default;
whowardkildare;10;1;Default;Default;
whowardkildare;12;1;Default;Default;
whowardkildare;13;1;Default;Default;
whowardkildare;14;1;Default;Default;
whowardkildare;15;1;Default;Default;
whowardkildare;16;1;Default;Default;
whowardkildare;17;1;Default;Default;
whowardkildare;18;1;Default;Default;
whowardkildare;20;1;Default;Default;
whowardkildare;21;1;Default;Default;
whowardkildare;22;1;Default;Default;
whowardkildare;23;1;Default;Default;
whowardkildare;24;1;Default;Default;
whowardkildare;25;1;Default;Default;
whowardkildare;26;1;Default;Default;
whowardkildare;27;1;Default;Default;
whowardkildare;28;1;Default;Default;
whowardkildare;30;1;Default;Default;
whowardkildare;31;1;Default;Default;
whowardkildare;34;1;Default;Default;
whowardkildare;36;1;Default;Default;
whowardkildare;37;1;Default;Default;
whowardkildare;38;1;Default;Default;
whowardkildare;39;1;Default;Default;
whowardkildare;42;1;Default;Default;
whowardkildare;43;1;Default;Default;
whowardkildare;44;1;Default;Default;
whowardkildare;45;1;Default;Default;
whowardkildare;48;1;Default;Default;
whowardkildare;49;1;Default;Default;
hanzacandle;10;1;Default;Default;
hanzacandle;11;1;Default;Default;
hanzacandle;13;1;Default;Default;
hanzacandle;15;1;Default;Default;
hanzacandle;18;1;Default;Default;
hanzacandle;23;1;Default;Default;
hanzacandle;29;1;Default;Default;
hanzacandle;38;1;Default;Default;
hanzacandle;40;1;Default;Default;
hanzacandle;41;1;Default;Default;
hanzacandle;45;1;Default;Default;
hanzacandle;47;1;Default;Default;
hanzacandle;50;1;Default;Default;
hanzacandle;52;1;Default;Default;
hanzacandle;57;1;Default;Default;
hanzacandle;58;1;Default;Default;
hanzacandle;62;1;Default;Default;
hanzacandle;66;1;Default;Default;
hanzacandle;73;1;Default;Default;
hanzacandle;92;1;Default;Default;
hanzacandle;97;1;Default;Default;
hanzacandle;98;1;Default;Default;
hanzacandle;115;1;Default;Default;
hanzacandle;123;1;Default;Default;
hanzacandle;134;1;Default;Default;
hanzacandle;170;1;Default;Default;
hanzacandle;178;1;Default;Default;
hanzacandle;185;1;Default;Default;
hanzacandle;191;1;Default;Default;
hanzacandle;219;1;Default;Default;
hanzacandle;230;1;Default;Default;
hanzacandle;242;1;Default;Default;
hanzacandle;254;1;Default;Default;
hanzacandle;255;1;Default;Default;
hanzacandle;256;1;Default;Default;
hanzacandle;260;1;Default;Default;
hanzacandle;271;1;Default;Default;
hanzacandle;282;1;Default;Default;
hanzacandle;409;1;Default;Default;
hanzacandle;414;1;Default;Default;
hanzacandle;415;1;Default;Default;
hanzacandle;416;1;Default;Default;
hanzacandle;418;1;Default;Default;
hanzacandle;423;1;Default;Default;
hanzacandle;424;1;Default;Default;
hanzacandle;427;1;Default;Default;
hanzacandle;430;1;Default;Default;
hanzacandle;431;1;Default;Default;
hanzacandle;432;1;Default;Default;
hanzacandle;433;1;Default;Default;
hanzacandle;434;1;Default;Default;
hanzacandle;435;1;Default;Default;
hanzacandle;436;1;Default;Default;
hanzacandle;437;1;Default;Default;
hanzacandle;438;1;Default;Default;
hanzacandle;439;1;Default;Default;
hanzacandle;440;1;Default;Default;
hanzacandle;441;1;Default;Default;
hanzacandle;442;1;Default;Default;
hanzacandle;443;1;Default;Default;
hanzacandle;444;1;Default;Default;
hanzacandle;445;1;Default;Default;
hanzacandle;446;1;Default;Default;
hanzacandle;447;1;Default;Default;
hanzacandle;448;1;Default;Default;
hanzacandle;449;1;Default;Default;
hanzacandle;450;1;Default;Default;
hanzacandle;451;1;Default;Default;
hanzacandle;452;1;Default;Default;
hanzacandle;453;1;Default;Default;
hanzacandle;454;1;Default;Default;
hanzacandle;455;1;Default;Default;
plojhar;1;1;Plojhar;Plojhar;
puratos;1;1;Bulgaria;Bulgaria;
puratos;2;1;Bulgaria;Bulgaria;
thetfordbv;1;1;Thetfordbv;Thetfordbv;
fazer;1;1;Lahti;Lahti;
fazer;2;1;Lahti;Lahti;
fazer;3;1;Lahti;Lahti;
fazer;4;1;Lahti;Lahti;
fazer;5;1;Lahti;Lahti;
fazer;6;1;Lahti;Lahti;
fazer;7;1;Lahti;Lahti;
fazer;8;1;Lahti;Lahti;
fazer;9;1;Lahti;Lahti;
fazer;10;1;Lahti;Lahti;
fazer;11;1;Lahti;Lahti;
fazer;12;1;Lahti;Lahti;
fazer;13;1;Lahti;Lahti;
fazer;14;1;Lahti;Lahti;
fazer;15;1;Lahti;Lahti;
fazer;16;1;Lahti;Lahti;
fazer;17;1;Lahti;Lahti;
fazer;18;1;Lahti;Lahti;
fazer;19;1;Lahti;Lahti;
fazer;20;1;Lahti;Lahti;
fazer;21;1;Lahti;Lahti;
fazer;22;1;Lahti;Lahti;
fazer;23;1;Lahti;Lahti;
fazer;24;1;Lahti;Lahti;
fazer;25;1;Lahti;Lahti;
fazer;26;1;Lahti;Lahti;
fazer;27;1;Lahti;Lahti;
fazer;28;1;Lahti;Lahti;
fazer;29;1;Lahti;Lahti;
fazer;30;1;Lahti;Lahti;
fazer;31;1;Lahti;Lahti;
fazer;32;1;Lahti;Lahti;
fazer;33;1;Lahti;Lahti;
fazer;34;1;Lahti;Lahti;
fazer;35;1;Lahti;Lahti;
fazer;36;1;Lahti;Lahti;
fazer;37;1;Lahti;Lahti;
fazer;38;1;Lahti;Lahti;
fazer;39;1;Lahti;Lahti;
fazer;40;1;Lahti;Lahti;
fazer;41;1;Lahti;Lahti;
fazer;42;1;Lahti;Lahti;
fazer;43;1;Lahti;Lahti;
fazer;44;1;Lahti;Lahti;
fazer;45;1;Lahti;Lahti;
fazer;46;1;Lahti;Lahti;
fazer;47;1;Lahti;Lahti;
fazer;48;1;Lahti;Lahti;
fazer;49;1;Lahti;Lahti;
fazer;50;1;Lahti;Lahti;
fazer;51;1;Lahti;Lahti;
fazer;52;1;Lahti;Lahti;
fazer;53;1;Lahti;Lahti;
casarelvas;1;1;Herdade São Miguel;Herdade São Miguel;
casarelvas;2;1;Herdade São Miguel;Herdade São Miguel;
casarelvas;3;1;Herdade São Miguel;Herdade São Miguel;
casarelvas;4;1;Herdade São Miguel;Herdade São Miguel;
casarelvas;5;1;Herdade São Miguel;Herdade São Miguel;
casarelvas;6;1;Herdade São Miguel;Herdade São Miguel;
vap;1;1;Default;Default;
vap;3;1;Default;Default;
vap;4;1;Default;Default;
vap;5;1;Default;Default;
vap;7;1;Default;Default;
vap;10;1;Default;Default;
vap;11;1;Default;Default;
vap;12;1;Default;Default;
vap;13;1;Default;Default;
vap;14;1;Default;Default;
thracefibresandyarns;1;1;Fibres & Yarns;Fibres & Yarns;
thracefibresandyarns;2;1;Fibres & Yarns;Fibres & Yarns;
thracefibresandyarns;3;1;Fibres & Yarns;Fibres & Yarns;
thracefibresandyarns;4;1;Fibres & Yarns;Fibres & Yarns;
thracefibresandyarns;5;1;Fibres & Yarns;Fibres & Yarns;
thracefibresandyarns;6;1;Fibres & Yarns;Fibres & Yarns;
thracefibresandyarns;7;1;Fibres & Yarns;Fibres & Yarns;
thracefibresandyarns;8;1;Fibres & Yarns;Fibres & Yarns;
thracefibresandyarns;9;1;Fibres & Yarns;Fibres & Yarns;
thracefibresandyarns;10;1;Fibres & Yarns;Fibres & Yarns;
thracefibresandyarns;11;1;Fibres & Yarns;Fibres & Yarns;
thracefibresandyarns;12;1;Fibres & Yarns;Fibres & Yarns;
thracefibresandyarns;13;1;Fibres & Yarns;Fibres & Yarns;
thracefibresandyarns;14;1;Fibres & Yarns;Fibres & Yarns;
thracefibresandyarns;15;1;Fibres & Yarns;Fibres & Yarns;
thracefibresandyarns;16;1;Fibres & Yarns;Fibres & Yarns;
solvay;1;1;Chicago Heights;Chicago Heights;
solvay;2;1;Chicago Heights;Chicago Heights;
solvay;3;1;Chicago Heights;Chicago Heights;
solvay;4;1;Chicago Heights;Chicago Heights;
solvay;5;1;Chicago Heights;Chicago Heights;
solvay;6;1;Chicago Heights;Chicago Heights;
solvay;7;1;Chicago Heights;Chicago Heights;
solvay;8;1;Chicago Heights;Chicago Heights;
solvay;9;1;Chicago Heights;Chicago Heights;
flavourfresh;1;1;Flavourfresh;Flavourfresh;
flavourfresh;2;1;Flavourfresh;Flavourfresh;
flavourfresh;3;1;Flavourfresh;Flavourfresh;
flavourfresh;4;1;Flavourfresh;Flavourfresh;
vincom;1;1;Vincom;Vincom;
vincom;5;1;Vincom;Vincom;
vincom;6;1;Vincom;Vincom;
vincom;7;1;Vincom;Vincom;
vincom;8;1;Vincom;Vincom;
vincom;9;1;Vincom;Vincom;
vincom;12;1;Vincom;Vincom;
vincom;13;1;Vincom;Vincom;
vincom;16;1;Vincom;Vincom;
vincom;17;1;Vincom;Vincom;
vincom;19;1;Vincom;Vincom;
vincom;22;1;Vincom;Vincom;
vincom;23;1;Vincom;Vincom;
vincom;24;1;Vincom;Vincom;
vincom;27;1;Vincom;Vincom;
vincom;29;1;Vincom;Vincom;
vincom;30;1;Vincom;Vincom;
vincom;32;1;Vincom;Vincom;
vincom;33;1;Vincom;Vincom;
vincom;34;1;Vincom;Vincom;
vincom;37;1;Vincom;Vincom;
vincom;38;1;Vincom;Vincom;
vincom;41;1;Vincom;Vincom;
vincom;46;1;Vincom;Vincom;
vincom;47;1;Vincom;Vincom;
vincom;49;1;Vincom;Vincom;
vincom;50;1;Vincom;Vincom;
vincom;51;1;Vincom;Vincom;
vincom;52;1;Vincom;Vincom;
vincom;53;1;Vincom;Vincom;
vincom;54;1;Vincom;Vincom;
vincom;55;1;Vincom;Vincom;
vincom;56;1;Combilink;Combilink;
vincom;57;1;Combilink;Combilink;
vincom;58;1;Combilink;Combilink;
vincom;59;1;Combilink;Combilink;
vincom;60;1;Combilink;Combilink;
vincom;61;1;Combilink;Combilink;
vincom;62;1;Combilink;Combilink;
vincom;63;1;Combilink;Combilink;
vincom;64;1;Combilink;Combilink;
vincom;65;1;Combilink;Combilink;
vincom;66;1;Combilink;Combilink;
vincom;68;1;Combilink;Combilink;
vincom;69;1;Combilink;Combilink;
vincom;70;1;Combilink;Combilink;
vincom;71;1;Combilink;Combilink;
vincom;72;1;Combilink;Combilink;
vincom;73;1;Combilink;Combilink;
vincom;74;1;Combilink;Combilink;
vincom;75;1;Combilink;Combilink;
vincom;76;1;Combilink;Combilink;
vincom;77;1;Combilink;Combilink;
vincom;78;1;Vincom;Vincom;
vincom;79;1;Combilink;Combilink;
vincom;80;1;Combilink;Combilink;
vincom;81;1;Combilink;Combilink;
vincom;82;1;Combilink;Combilink;
vincom;83;1;Combilink;Combilink;
vincom;85;1;Combilink;Combilink;
vincom;86;1;Vincom;Vincom;
vincom;87;1;Vincom;Vincom;
vincom;88;1;Vincom;Vincom;
vincom;90;1;Vincom;Vincom;
vincom;92;1;Combilink;Combilink;
vincom;93;1;Combilink;Combilink;
vincom;94;1;Combilink;Combilink;
vincom;95;1;Combilink;Combilink;
vincom;96;1;Combilink;Combilink;
vincom;97;1;Combilink;Combilink;
vincom;98;1;Vincom;Vincom;
vincom;99;1;Vincom;Vincom;
vincom;100;1;Vincom;Vincom;
vincom;101;1;Combilink;Combilink;
vincom;102;1;Combilink;Combilink;
vincom;104;1;Combilink;Combilink;
alfoditej;1;1;Alföldi Tej - Székesfehérvár;Alföldi Tej - Székesfehérvár;
alfoditej;2;1;Alföldi Tej - Székesfehérvár;Alföldi Tej - Székesfehérvár;
alfoditej;3;1;Alföldi Tej - Székesfehérvár;Alföldi Tej - Székesfehérvár;
alfoditej;4;1;Alföldi Tej - Székesfehérvár;Alföldi Tej - Székesfehérvár;
alfoditej;5;1;Alföldi Tej - Székesfehérvár;Alföldi Tej - Székesfehérvár;
alfoditej;6;1;Alföldi Tej - Székesfehérvár;Alföldi Tej - Székesfehérvár;
alfoditej;7;1;Alföldi Tej - Székesfehérvár;Alföldi Tej - Székesfehérvár;
alfoditej;8;1;Alföldi Tej - Székesfehérvár;Alföldi Tej - Székesfehérvár;
alfoditej;9;1;Alföldi Tej - Székesfehérvár;Alföldi Tej - Székesfehérvár;
alfoditej;10;1;Alföldi Tej - Székesfehérvár;Alföldi Tej - Székesfehérvár;
alfoditej;11;1;Alföldi Tej - Székesfehérvár;Alföldi Tej - Székesfehérvár;
alfoditej;12;1;Alföldi Tej - Székesfehérvár;Alföldi Tej - Székesfehérvár;
alfoditej;13;1;Alföldi Tej - Székesfehérvár;Alföldi Tej - Székesfehérvár;
chara;9;1;Default;Default;
chara;11;1;Default;Default;
chara;12;1;Default;Default;
chara;13;1;Default;Default;
chara;14;1;Default;Default;
chara;15;1;Default;Default;
chara;16;1;Default;Default;
chara;17;1;Default;Default;
chara;18;1;Default;Default;
chara;20;1;Default;Default;
chara;21;1;Default;Default;
chara;22;1;Default;Default;
chara;23;1;Default;Default;
chara;24;1;Default;Default;
chara;25;1;Default;Default;
chara;26;1;Default;Default;
chara;27;1;Default;Default;
chara;28;1;Default;Default;
chara;29;1;Default;Default;
chara;30;1;Default;Default;
chara;31;1;Default;Default;
chara;32;1;Default;Default;
chara;35;1;Default;Default;
chara;36;1;Default;Default;
chara;37;1;Default;Default;
chara;39;1;Default;Default;
chara;41;1;Default;Default;
chara;43;1;Default;Default;
chara;44;1;Default;Default;
chara;47;1;Default;Default;
chara;48;1;Default;Default;
chara;49;1;Default;Default;
chara;50;1;Default;Default;
chara;53;1;Default;Default;
chara;54;1;Default;Default;
chara;55;1;Default;Default;
chara;56;1;Default;Default;
chara;57;1;Default;Default;
chara;60;1;Default;Default;
chara;61;1;Default;Default;
chara;62;1;Default;Default;
chara;63;1;Default;Default;
chara;66;1;Default;Default;
chara;67;1;Default;Default;
chara;68;1;Default;Default;
chara;69;1;Default;Default;
chara;70;1;Default;Default;
chara;71;1;Default;Default;
chara;72;1;Default;Default;
chara;73;1;Default;Default;
chara;74;1;Default;Default;
chara;75;1;Default;Default;
chara;78;1;Default;Default;
chara;79;1;Default;Default;
chara;80;1;Default;Default;
chara;81;1;Default;Default;
chara;82;1;Default;Default;
chara;83;1;Default;Default;
chara;84;1;Default;Default;
chara;85;1;Default;Default;
chara;86;1;Default;Default;
chara;87;1;Default;Default;
chara;88;1;Default;Default;
chara;90;1;Default;Default;
chara;92;1;Default;Default;
chara;93;1;Default;Default;
bectondickinson;1;1;BD;BD;
bectondickinson;2;1;BD;BD;
bectondickinson;3;1;BD;BD;
bectondickinson;4;1;BD;BD;
bectondickinson;5;1;BD;BD;
bectondickinson;6;1;BD;BD;
andreseklaasi;1;1;Andreseklaasi;Andreseklaasi;
andreseklaasi;2;1;Andreseklaasi;Andreseklaasi;
andreseklaasi;3;1;Andreseklaasi;Andreseklaasi;
andreseklaasi;4;1;Andreseklaasi;Andreseklaasi;
andreseklaasi;5;1;Andreseklaasi;Andreseklaasi;
andreseklaasi;6;1;Andreseklaasi;Andreseklaasi;
andreseklaasi;7;1;Andreseklaasi;Andreseklaasi;
andreseklaasi;8;1;Andreseklaasi;Andreseklaasi;
andreseklaasi;9;1;Andreseklaasi;Andreseklaasi;
andreseklaasi;10;1;Andreseklaasi;Andreseklaasi;
andreseklaasi;11;1;Andreseklaasi;Andreseklaasi;
andreseklaasi;12;1;Andreseklaasi;Andreseklaasi;
andreseklaasi;13;1;Andreseklaasi;Andreseklaasi;
andreseklaasi;14;1;Andreseklaasi;Andreseklaasi;
andreseklaasi;15;1;Andreseklaasi;Andreseklaasi;
andreseklaasi;16;1;Andreseklaasi;Andreseklaasi;
kassim;1;1;Kassim Textile;Kassim Textile;
kassim;2;1;Kassim Textile;Kassim Textile;
kassim;3;1;Kassim Textile;Kassim Textile;
kassim;4;1;Kassim Textile;Kassim Textile;
kassim;6;1;Kassim Textile;Kassim Textile;
kassim;7;1;Kassim Textile;Kassim Textile;
kassim;8;1;Kassim Textile;Kassim Textile;
kassim;9;1;Kassim Textile;Kassim Textile;
kassim;10;1;Kassim Textile;Kassim Textile;
kassim;11;1;Kassim Textile;Kassim Textile;
kassim;12;1;Kassim Textile;Kassim Textile;
kassim;13;1;Kassim Textile;Kassim Textile;
kassim;14;1;Kassim Textile;Kassim Textile;
fertalvo;1;1;Fertalvo;Fertalvo;
fertalvo;7;1;Fertalvo;Fertalvo;
fertalvo;8;1;Fertalvo;Fertalvo;
fertalvo;9;1;Fertalvo;Fertalvo;
papayiannis;1;1;Default;Default;
papayiannis;5;1;Default;Default;
papayiannis;6;1;Default;Default;
papayiannis;27;1;Default;Default;
papayiannis;43;1;Default;Default;
papayiannis;53;1;Default;Default;
papayiannis;57;1;Default;Default;
papayiannis;58;1;Default;Default;
papayiannis;59;1;Default;Default;
papayiannis;60;1;Default;Default;
papayiannis;61;1;Default;Default;
fender;6;1;Default;Default;
fender;7;1;Default;Default;
fender;8;1;Default;Default;
fender;9;1;Default;Default;
fender;10;1;Default;Default;
marsbelgium;1;1;Default;Default;
marsbelgium;2;1;Default;Default;
papadopoulosvolos;14;1;Default;Default;
roussas;3;1;Default;Default;
roussas;4;1;Default;Default;
roussas;9;1;Default;Default;
roussas;10;1;Default;Default;
roussas;11;1;Default;Default;
roussas;13;1;Default;Default;
roussas;14;1;Default;Default;
roussas;15;1;Default;Default;
roussas;16;1;Default;Default;
roussas;17;1;Default;Default;
roussas;19;1;Default;Default;
roussas;20;1;Default;Default;
lubborn;1;1;Default;Default;
lubborn;2;1;Default;Default;
lubborn;4;1;Default;Default;
lubborn;6;1;Default;Default;
lubborn;7;1;Default;Default;
lubborn;8;1;Default;Default;
lubborn;9;1;Default;Default;
lubborn;10;1;Default;Default;
lubborn;13;1;Default;Default;
lubborn;19;1;Default;Default;
lubborn;20;1;Default;Default;
lubborn;23;1;Default;Default;
lubborn;24;1;Default;Default;
lubborn;25;1;Default;Default;
lubborn;26;1;Default;Default;
lubborn;27;1;Default;Default;
lubborn;28;1;Default;Default;
lubborn;29;1;Default;Default;
lubborn;30;1;Default;Default;
lubborn;31;1;Default;Default;
cocacolasaudiarabia;4;1;Cocacolasaudiarabia;Cocacolasaudiarabia;
cocacolasaudiarabia;5;1;Cocacolasaudiarabia;Cocacolasaudiarabia;
cocacolasaudiarabia;6;1;Cocacolasaudiarabia;Cocacolasaudiarabia;
cocacolasaudiarabia;7;1;Cocacolasaudiarabia;Cocacolasaudiarabia;
cocacolasaudiarabia;10;1;Cocacolasaudiarabia;Cocacolasaudiarabia;
cocacolasaudiarabia;13;1;Cocacolasaudiarabia;Cocacolasaudiarabia;
cocacolasaudiarabia;14;1;Cocacolasaudiarabia;Cocacolasaudiarabia;
cocacolasaudiarabia;16;1;Cocacolasaudiarabia;Cocacolasaudiarabia;
cocacolasaudiarabia;17;1;Cocacolasaudiarabia;Cocacolasaudiarabia;
cocacolasaudiarabia;18;1;Cocacolasaudiarabia;Cocacolasaudiarabia;
cocacolasaudiarabia;19;1;Cocacolasaudiarabia;Cocacolasaudiarabia;
cocacolasaudiarabia;20;1;Cocacolasaudiarabia;Cocacolasaudiarabia;
cocacolasaudiarabia;21;1;Cocacolasaudiarabia;Cocacolasaudiarabia;
cocacolasaudiarabia;40;1;Cocacolasaudiarabia;Cocacolasaudiarabia;
cocacolasaudiarabia;42;1;Cocacolasaudiarabia;Cocacolasaudiarabia;
cocacolasaudiarabia;43;1;Cocacolasaudiarabia;Cocacolasaudiarabia;
cocacolasaudiarabia;45;1;Cocacolasaudiarabia;Cocacolasaudiarabia;
cocacolasaudiarabia;47;1;Cocacolasaudiarabia;Cocacolasaudiarabia;
cocacolasaudiarabia;48;1;Cocacolasaudiarabia;Cocacolasaudiarabia;
cocacolasaudiarabia;49;1;Cocacolasaudiarabia;Cocacolasaudiarabia;
cocacolasaudiarabia;50;1;Cocacolasaudiarabia;Cocacolasaudiarabia;
cocacolasaudiarabia;51;1;Cocacolasaudiarabia;Cocacolasaudiarabia;
cocacolasaudiarabia;52;1;Cocacolasaudiarabia;Cocacolasaudiarabia;
cocacolasaudiarabia;53;1;Cocacolasaudiarabia;Cocacolasaudiarabia;
cocacolasaudiarabia;54;1;Cocacolasaudiarabia;Cocacolasaudiarabia;
cocacolasaudiarabia;55;1;Cocacolasaudiarabia;Cocacolasaudiarabia;
cocacolasaudiarabia;56;1;Cocacolasaudiarabia;Cocacolasaudiarabia;
cocacolasaudiarabia;57;1;Cocacolasaudiarabia;Cocacolasaudiarabia;
cocacolasaudiarabia;58;1;Cocacolasaudiarabia;Cocacolasaudiarabia;
cocacolasaudiarabia;59;1;Cocacolasaudiarabia;Cocacolasaudiarabia;
cocacolasaudiarabia;60;1;Cocacolasaudiarabia;Cocacolasaudiarabia;
cocacolasaudiarabia;61;1;Cocacolasaudiarabia;Cocacolasaudiarabia;
cocacolasaudiarabia;63;1;Cocacolasaudiarabia;Cocacolasaudiarabia;
aspis;1;1;Default;Default;
aspis;2;1;Default;Default;
aspis;3;1;Default;Default;
aspis;4;1;Default;Default;
aspis;7;1;Default;Default;
aspis;8;1;Default;Default;
aspis;9;1;Default;Default;
aspis;10;1;Default;Default;
aspis;12;1;Default;Default;
aspis;14;1;Default;Default;
novapackaging;1;1;Default;Default;
novapackaging;2;1;Default;Default;
novapackaging;3;1;Default;Default;
novapackaging;4;1;Default;Default;
novapackaging;5;1;Default;Default;
novapackaging;6;1;Default;Default;
novapackaging;7;1;Default;Default;
novapackaging;8;1;Default;Default;
novapackaging;9;1;Default;Default;
novapackaging;10;1;Default;Default;
novapackaging;11;1;Default;Default;
novapackaging;12;1;Default;Default;
novapackaging;13;1;Default;Default;
novapackaging;14;1;Default;Default;
novapackaging;15;1;Default;Default;
novapackaging;16;1;Default;Default;
novapackaging;17;1;Default;Default;
novapackaging;18;1;Default;Default;
novapackaging;20;1;Default;Default;
novapackaging;21;1;Default;Default;
plasmapro;1;1;Default;Default;
plasmapro;2;1;Default;Default;
plasmapro;14;1;Default;Default;
plasmapro;15;1;Default;Default;
plasmapro;18;1;Default;Default;
plasmapro;21;1;Default;Default;
tarmeko;2;1;Spoonitehas;Spoonitehas;
tarmeko;5;1;Spoonitehas;Spoonitehas;
tarmeko;8;1;Spoonitehas;Spoonitehas;
tarmeko;11;1;Spoonitehas;Spoonitehas;
tarmeko;16;1;Spoonitehas;Spoonitehas;
tarmeko;21;1;Spoonitehas;Spoonitehas;
tarmeko;22;1;Spoonitehas;Spoonitehas;
aguaplaneta;2;1;Default;Default;
aguaplaneta;3;1;Default;Default;
aguaplaneta;4;1;Default;Default;
aguaplaneta;5;1;Default;Default;
aguaplaneta;7;1;Default;Default;
aguaplaneta;8;1;Default;Default;
aguaplaneta;9;1;Default;Default;
aguaplaneta;10;1;Default;Default;
aguaplaneta;11;1;Default;Default;
aguaplaneta;12;1;Default;Default;
aguaplaneta;13;1;Default;Default;
aguaplaneta;15;1;Default;Default;
aguaplaneta;16;1;Default;Default;
aguaplaneta;17;1;Default;Default;
aguaplaneta;18;1;Default;Default;
aguaplaneta;19;1;Default;Default;
aguaplaneta;20;1;Default;Default;
aguaplaneta;21;1;Default;Default;
aguaplaneta;22;1;Default;Default;
aguaplaneta;23;1;Default;Default;
aguaplaneta;24;1;Default;Default;
aguaplaneta;25;1;Default;Default;
aguaplaneta;26;1;Default;Default;
aguaplaneta;27;1;Default;Default;
aguaplaneta;28;1;Default;Default;
aguaplaneta;29;1;Default;Default;
eza;1;1;Default;Default;
eza;2;1;Default;Default;
eza;6;1;Default;Default;
eza;7;1;Default;Default;
eza;8;1;Default;Default;
cocacolaliberty;3;1;Elmsford;Elmsford;
cocacolaliberty;4;1;Elmsford;Elmsford;
cocacolaliberty;5;1;Elmsford;Elmsford;
cocacolaliberty;6;1;Elmsford;Elmsford;
cocacolaliberty;7;1;Elmsford;Elmsford;
cocacolaliberty;8;1;Elmsford;Elmsford;
cocacolaliberty;9;1;Elmsford;Elmsford;
cocacolaliberty;10;1;Elmsford;Elmsford;
cocacolaliberty;11;1;Elmsford;Elmsford;
cocacolaliberty;12;1;Elmsford;Elmsford;
cocacolaliberty;13;1;Elmsford;Elmsford;
cocacolaliberty;14;1;Elmsford;Elmsford;
cocacolaliberty;15;1;Elmsford;Elmsford;
cocacolaliberty;16;1;Elmsford;Elmsford;
cocacolaliberty;17;1;Elmsford;Elmsford;
cocacolaliberty;18;1;Elmsford;Elmsford;
cocacolaliberty;19;1;Elmsford;Elmsford;
cocacolaliberty;20;1;Elmsford;Elmsford;
cocacolaliberty;21;1;Elmsford;Elmsford;
cocacolaliberty;22;1;Elmsford;Elmsford;
cocacolaliberty;23;1;Elmsford;Elmsford;
cocacolaliberty;24;1;Elmsford;Elmsford;
cocacolaliberty;25;1;Elmsford;Elmsford;
cocacolaliberty;26;1;Elmsford;Elmsford;
cocacolaliberty;27;1;Elmsford;Elmsford;
cocacolaliberty;28;1;Elmsford;Elmsford;
cocacolaliberty;29;1;Elmsford;Elmsford;
cocacolaliberty;30;1;Elmsford;Elmsford;
cocacolaliberty;31;1;Elmsford;Elmsford;
cocacolaliberty;32;1;Elmsford;Elmsford;
cocacolaliberty;33;1;Elmsford;Elmsford;
cocacolaliberty;34;1;Elmsford;Elmsford;
cocacolaliberty;35;1;Elmsford;Elmsford;
cocacolaliberty;36;1;Elmsford;Elmsford;
cocacolaliberty;37;1;Elmsford;Elmsford;
cocacolaliberty;38;1;Elmsford;Elmsford;
cocacolaliberty;39;1;Elmsford;Elmsford;
cocacolaliberty;40;1;Elmsford;Elmsford;
cocacolaliberty;41;1;Elmsford;Elmsford;
cocacolaliberty;42;1;Elmsford;Elmsford;
cocacolaliberty;43;1;Elmsford;Elmsford;
cocacolaliberty;44;1;Elmsford;Elmsford;
cocacolaliberty;45;1;Elmsford;Elmsford;
cocacolaliberty;46;1;Elmsford;Elmsford;
cocacolaliberty;47;1;Elmsford;Elmsford;
cocacolaliberty;48;1;Elmsford;Elmsford;
cocacolaliberty;49;1;Elmsford;Elmsford;
cocacolaliberty;50;1;Elmsford;Elmsford;
cocacolaliberty;51;1;Elmsford;Elmsford;
cocacolaliberty;52;1;Elmsford;Elmsford;
cocacolaliberty;53;1;Elmsford;Elmsford;
cocacolaliberty;54;1;Elmsford;Elmsford;
cocacolaliberty;55;1;Elmsford;Elmsford;
cocacolaliberty;56;1;Elmsford;Elmsford;
cocacolaliberty;57;1;Elmsford;Elmsford;
cocacolaliberty;58;1;Elmsford;Elmsford;
cocacolaliberty;59;1;Elmsford;Elmsford;
cocacolaliberty;60;1;Elmsford;Elmsford;
cocacolaliberty;61;1;Elmsford;Elmsford;
cocacolaliberty;62;1;Elmsford;Elmsford;
cocacolaliberty;63;1;Elmsford;Elmsford;
cocacolaliberty;64;1;Elmsford;Elmsford;
cocacolaliberty;65;1;Elmsford;Elmsford;
cocacolaliberty;66;1;Elmsford;Elmsford;
cocacolaliberty;67;1;Elmsford;Elmsford;
cocacolaliberty;68;1;Elmsford;Elmsford;
cocacolaliberty;69;1;Elmsford;Elmsford;
cocacolaliberty;70;1;Elmsford;Elmsford;
cocacolaliberty;71;1;Elmsford;Elmsford;
cocacolaliberty;72;1;Elmsford;Elmsford;
cocacolaliberty;73;1;Elmsford;Elmsford;
cocacolaliberty;74;1;Elmsford;Elmsford;
cocacolaliberty;75;1;Elmsford;Elmsford;
cocacolaliberty;76;1;Elmsford;Elmsford;
cocacolaliberty;77;1;Elmsford;Elmsford;
cocacolaliberty;78;1;Elmsford;Elmsford;
cocacolaliberty;79;1;Elmsford;Elmsford;
cocacolaliberty;80;1;Elmsford;Elmsford;
cocacolaliberty;81;1;Elmsford;Elmsford;
cocacolaliberty;82;1;Elmsford;Elmsford;
cocacolaliberty;83;1;Elmsford;Elmsford;
cocacolaliberty;84;1;Elmsford;Elmsford;
cocacolaliberty;85;1;Elmsford;Elmsford;
cocacolaliberty;86;1;Elmsford;Elmsford;
cocacolaliberty;87;1;Elmsford;Elmsford;
cocacolaliberty;88;1;Elmsford;Elmsford;
cocacolaliberty;89;1;Elmsford;Elmsford;
cocacolaliberty;90;1;Elmsford;Elmsford;
cocacolaliberty;91;1;Elmsford;Elmsford;
cocacolaliberty;92;1;Elmsford;Elmsford;
cocacolaliberty;93;1;Elmsford;Elmsford;
cocacolaliberty;94;1;Elmsford;Elmsford;
cocacolaliberty;95;1;Elmsford;Elmsford;
cocacolaliberty;96;1;Elmsford;Elmsford;
cocacolaliberty;97;1;Elmsford;Elmsford;
cocacolaliberty;98;1;Elmsford;Elmsford;
cocacolaliberty;99;1;Elmsford;Elmsford;
cocacolaliberty;100;1;Elmsford;Elmsford;
cocacolaliberty;101;1;Elmsford;Elmsford;
cocacolaliberty;102;1;Elmsford;Elmsford;
cocacolaliberty;103;1;Elmsford;Elmsford;
cocacolaliberty;104;1;Elmsford;Elmsford;
cocacolaliberty;105;1;Elmsford;Elmsford;
cocacolaliberty;106;1;Elmsford;Elmsford;
cocacolaliberty;107;1;Elmsford;Elmsford;
cocacolaliberty;108;1;Elmsford;Elmsford;
cocacolaliberty;109;1;Elmsford;Elmsford;
cocacolaliberty;110;1;Elmsford;Elmsford;
cocacolaliberty;111;1;Elmsford;Elmsford;
cocacolaliberty;112;1;Elmsford;Elmsford;
cocacolaliberty;113;1;Elmsford;Elmsford;
cocacolaliberty;114;1;Elmsford;Elmsford;
cocacolaliberty;115;1;Elmsford;Elmsford;
cocacolaliberty;116;1;Elmsford;Elmsford;
cocacolaliberty;117;1;Elmsford;Elmsford;
cocacolaliberty;118;1;Elmsford;Elmsford;
cocacolaliberty;119;1;Elmsford;Elmsford;
cocacolaliberty;120;1;Elmsford;Elmsford;
cocacolaliberty;121;1;Elmsford;Elmsford;
cocacolaliberty;122;1;Elmsford;Elmsford;
cocacolaliberty;123;1;Elmsford;Elmsford;
cocacolaliberty;124;1;Elmsford;Elmsford;
cocacolaliberty;125;1;Elmsford;Elmsford;
cocacolaliberty;126;1;Elmsford;Elmsford;
cocacolaliberty;127;1;Elmsford;Elmsford;
cocacolaliberty;128;1;Elmsford;Elmsford;
cocacolaliberty;129;1;Elmsford;Elmsford;
cocacolaliberty;130;1;Elmsford;Elmsford;
cocacolaliberty;131;1;Elmsford;Elmsford;
cocacolaliberty;132;1;Elmsford;Elmsford;
cocacolaliberty;133;1;Elmsford;Elmsford;
cocacolaliberty;134;1;Elmsford;Elmsford;
cocacolaliberty;135;1;Elmsford;Elmsford;
cocacolaliberty;136;1;Elmsford;Elmsford;
cocacolaliberty;137;1;Elmsford;Elmsford;
cocacolaliberty;138;1;Elmsford;Elmsford;
cocacolaliberty;139;1;Elmsford;Elmsford;
cocacolaliberty;140;1;Elmsford;Elmsford;
cocacolaliberty;141;1;Elmsford;Elmsford;
cocacolaliberty;142;1;Elmsford;Elmsford;
cocacolaliberty;143;1;Elmsford;Elmsford;
cocacolaliberty;144;1;Elmsford;Elmsford;
cocacolaliberty;145;1;Elmsford;Elmsford;
cocacolaliberty;146;1;Elmsford;Elmsford;
cocacolaliberty;147;1;Elmsford;Elmsford;
cocacolaliberty;148;1;Elmsford;Elmsford;
cocacolaliberty;149;1;Elmsford;Elmsford;
cocacolaliberty;150;1;Elmsford;Elmsford;
cocacolaliberty;151;1;Elmsford;Elmsford;
cocacolaliberty;152;1;Elmsford;Elmsford;
cocacolaliberty;153;1;Elmsford;Elmsford;
cocacolaliberty;154;1;Elmsford;Elmsford;
cocacolaliberty;155;1;Elmsford;Elmsford;
cocacolaliberty;156;1;Elmsford;Elmsford;
cocacolaliberty;157;1;Elmsford;Elmsford;
cocacolaliberty;158;1;Elmsford;Elmsford;
cocacolaliberty;159;1;Elmsford;Elmsford;
cocacolaliberty;160;1;Elmsford;Elmsford;
cocacolaliberty;161;1;Elmsford;Elmsford;
cocacolaliberty;162;1;Elmsford;Elmsford;
cocacolaliberty;163;1;Elmsford;Elmsford;
cocacolaliberty;164;1;Elmsford;Elmsford;
cocacolaliberty;165;1;Elmsford;Elmsford;
cocacolaliberty;166;1;Elmsford;Elmsford;
cocacolaliberty;167;1;Elmsford;Elmsford;
cocacolaliberty;168;1;Elmsford;Elmsford;
cocacolaliberty;169;1;Elmsford;Elmsford;
cocacolaliberty;170;1;Elmsford;Elmsford;
cocacolaliberty;171;1;Elmsford;Elmsford;
cocacolaliberty;172;1;Elmsford;Elmsford;
cocacolaliberty;173;1;Elmsford;Elmsford;
cocacolaliberty;174;1;Elmsford;Elmsford;
cocacolaliberty;175;1;Elmsford;Elmsford;
cocacolaliberty;176;1;Elmsford;Elmsford;
cocacolaliberty;177;1;Elmsford;Elmsford;
cocacolaliberty;178;1;Elmsford;Elmsford;
cocacolaliberty;179;1;Elmsford;Elmsford;
cocacolaliberty;180;1;Elmsford;Elmsford;
cocacolaliberty;181;1;Elmsford;Elmsford;
cocacolaliberty;182;1;Elmsford;Elmsford;
cocacolaliberty;183;1;Elmsford;Elmsford;
cocacolaliberty;184;1;Elmsford;Elmsford;
cocacolaliberty;185;1;Elmsford;Elmsford;
cocacolaliberty;186;1;Elmsford;Elmsford;
cocacolaliberty;187;1;Elmsford;Elmsford;
cocacolaliberty;188;1;Elmsford;Elmsford;
cocacolaliberty;189;1;Elmsford;Elmsford;
cocacolaliberty;190;1;Elmsford;Elmsford;
cocacolaliberty;191;1;Elmsford;Elmsford;
cocacolaliberty;192;1;Elmsford;Elmsford;
cocacolaliberty;193;1;Elmsford;Elmsford;
cocacolaliberty;194;1;Elmsford;Elmsford;
cocacolaliberty;195;1;Elmsford;Elmsford;
cocacolaliberty;197;1;Philadelphia;Philadelphia;
cocacolaliberty;198;1;Philadelphia;Philadelphia;
cocacolaliberty;199;1;Philadelphia;Philadelphia;
cocacolaliberty;200;1;Philadelphia;Philadelphia;
cocacolaliberty;201;1;Philadelphia;Philadelphia;
cocacolaliberty;202;1;Philadelphia;Philadelphia;
cocacolaliberty;203;1;Philadelphia;Philadelphia;
cocacolaliberty;204;1;Philadelphia;Philadelphia;
cocacolaliberty;205;1;Philadelphia;Philadelphia;
cocacolaliberty;206;1;Philadelphia;Philadelphia;
cocacolaliberty;207;1;Philadelphia;Philadelphia;
cocacolaliberty;208;1;Philadelphia;Philadelphia;
cocacolaliberty;209;1;Philadelphia;Philadelphia;
cocacolaliberty;210;1;Philadelphia;Philadelphia;
cocacolaliberty;211;1;Philadelphia;Philadelphia;
cocacolaliberty;212;1;Philadelphia;Philadelphia;
cocacolaliberty;213;1;Philadelphia;Philadelphia;
cocacolaliberty;214;1;Philadelphia;Philadelphia;
cocacolaliberty;215;1;Philadelphia;Philadelphia;
cocacolaliberty;216;1;Philadelphia;Philadelphia;
cocacolaliberty;217;1;Philadelphia;Philadelphia;
cocacolaliberty;218;1;Philadelphia;Philadelphia;
cocacolaliberty;219;1;Philadelphia;Philadelphia;
cocacolaliberty;220;1;Philadelphia;Philadelphia;
cocacolaliberty;221;1;Philadelphia;Philadelphia;
cocacolaliberty;222;1;Philadelphia;Philadelphia;
cocacolaliberty;223;1;Philadelphia;Philadelphia;
cocacolaliberty;224;1;Philadelphia;Philadelphia;
cocacolaliberty;225;1;Philadelphia;Philadelphia;
cocacolaliberty;226;1;Philadelphia;Philadelphia;
cocacolaliberty;227;1;Philadelphia;Philadelphia;
cocacolaliberty;228;1;Philadelphia;Philadelphia;
cocacolaliberty;229;1;Philadelphia;Philadelphia;
cocacolaliberty;230;1;Philadelphia;Philadelphia;
cocacolaliberty;231;1;Philadelphia;Philadelphia;
cocacolaliberty;232;1;Philadelphia;Philadelphia;
cocacolaliberty;233;1;Philadelphia;Philadelphia;
cocacolaliberty;234;1;Philadelphia;Philadelphia;
cocacolaliberty;235;1;Philadelphia;Philadelphia;
cocacolaliberty;236;1;Philadelphia;Philadelphia;
cocacolaliberty;237;1;Philadelphia;Philadelphia;
cocacolaliberty;238;1;Philadelphia;Philadelphia;
cocacolaliberty;239;1;Philadelphia;Philadelphia;
cocacolaliberty;240;1;Philadelphia;Philadelphia;
cocacolaliberty;241;1;Philadelphia;Philadelphia;
cocacolaliberty;242;1;Philadelphia;Philadelphia;
cocacolaliberty;243;1;Philadelphia;Philadelphia;
cocacolaliberty;244;1;Philadelphia;Philadelphia;
cocacolaliberty;245;1;Philadelphia;Philadelphia;
cocacolaliberty;246;1;Philadelphia;Philadelphia;
cocacolaliberty;247;1;Philadelphia;Philadelphia;
cocacolaliberty;248;1;Philadelphia;Philadelphia;
cocacolaliberty;249;1;Philadelphia;Philadelphia;
cocacolaliberty;250;1;Philadelphia;Philadelphia;
cocacolaliberty;251;1;Philadelphia;Philadelphia;
cocacolaliberty;252;1;Philadelphia;Philadelphia;
cocacolaliberty;253;1;Philadelphia;Philadelphia;
cocacolaliberty;254;1;Philadelphia;Philadelphia;
cocacolaliberty;255;1;Philadelphia;Philadelphia;
cocacolaliberty;256;1;Philadelphia;Philadelphia;
cocacolaliberty;257;1;Philadelphia;Philadelphia;
cocacolaliberty;258;1;Philadelphia;Philadelphia;
cocacolaliberty;259;1;Philadelphia;Philadelphia;
cocacolaliberty;260;1;Philadelphia;Philadelphia;
cocacolaliberty;261;1;Philadelphia;Philadelphia;
cocacolaliberty;262;1;Philadelphia;Philadelphia;
cocacolaliberty;263;1;Philadelphia;Philadelphia;
cocacolaliberty;264;1;Philadelphia;Philadelphia;
cocacolaliberty;265;1;Philadelphia;Philadelphia;
cocacolaliberty;266;1;Philadelphia;Philadelphia;
cocacolaliberty;267;1;Philadelphia;Philadelphia;
cocacolaliberty;268;1;Philadelphia;Philadelphia;
cocacolaliberty;269;1;Philadelphia;Philadelphia;
cocacolaliberty;270;1;Philadelphia;Philadelphia;
cocacolaliberty;271;1;Philadelphia;Philadelphia;
cocacolaliberty;272;1;Philadelphia;Philadelphia;
cocacolaliberty;273;1;Philadelphia;Philadelphia;
cocacolaliberty;274;1;Elmsford;Elmsford;
cocacolaliberty;281;1;Elmsford;Elmsford;
cocacolaliberty;283;1;Elmsford;Elmsford;
cocacolaliberty;285;1;Elmsford;Elmsford;
cocacolaliberty;292;1;Elmsford;Elmsford;
cocacolaliberty;295;1;Elmsford;Elmsford;
cocacolaliberty;327;1;Elmsford;Elmsford;
cocacolaliberty;328;1;Elmsford;Elmsford;
cocacolaliberty;329;1;Elmsford;Elmsford;
cocacolaliberty;330;1;Elmsford;Elmsford;
cocacolaliberty;331;1;Elmsford;Elmsford;
cocacolaliberty;332;1;Elmsford;Elmsford;
cocacolaliberty;333;1;Elmsford;Elmsford;
cocacolaliberty;334;1;Elmsford;Elmsford;
cocacolaliberty;335;1;Elmsford;Elmsford;
cocacolaliberty;336;1;Elmsford;Elmsford;
cocacolaliberty;337;1;Elmsford;Elmsford;
cocacolaliberty;338;1;Elmsford;Elmsford;
cocacolaliberty;339;1;Elmsford;Elmsford;
cocacolaliberty;340;1;Elmsford;Elmsford;
cocacolaliberty;341;1;Elmsford;Elmsford;
cocacolaliberty;342;1;Elmsford;Elmsford;
cocacolaliberty;343;1;Elmsford;Elmsford;
cocacolaliberty;344;1;Elmsford;Elmsford;
cocacolaliberty;345;1;Elmsford;Elmsford;
cocacolaliberty;360;1;Elmsford;Elmsford;
cocacolaliberty;361;1;Elmsford;Elmsford;
cocacolaliberty;362;1;Elmsford;Elmsford;
cocacolaliberty;363;1;Elmsford;Elmsford;
cocacolaliberty;364;1;Elmsford;Elmsford;
cocacolaliberty;365;1;Elmsford;Elmsford;
cocacolaliberty;366;1;Elmsford;Elmsford;
cocacolaliberty;367;1;Philadelphia;Philadelphia;
cocacolaliberty;368;1;Philadelphia;Philadelphia;
cocacolaliberty;369;1;Philadelphia;Philadelphia;
cocacolaliberty;370;1;Philadelphia;Philadelphia;
cocacolaliberty;371;1;Philadelphia;Philadelphia;
sonoco;1;1;Aldeanueva;Aldeanueva;
sonoco;2;1;Aldeanueva;Aldeanueva;
sonoco;3;1;Aldeanueva;Aldeanueva;
sonoco;4;1;Aldeanueva;Aldeanueva;
sonoco;5;1;Aldeanueva;Aldeanueva;
sonoco;6;1;Aldeanueva;Aldeanueva;
sonoco;7;1;Aldeanueva;Aldeanueva;
sonoco;8;1;Aldeanueva;Aldeanueva;
sonoco;9;1;Aldeanueva;Aldeanueva;
potterandmoore;1;1;Peterborough;Peterborough;
potterandmoore;5;1;Peterborough;Peterborough;
potterandmoore;6;1;Peterborough;Peterborough;
potterandmoore;7;1;Peterborough;Peterborough;
potterandmoore;8;1;Peterborough;Peterborough;
potterandmoore;9;1;Peterborough;Peterborough;
potterandmoore;10;1;Peterborough;Peterborough;
potterandmoore;11;1;Peterborough;Peterborough;
potterandmoore;12;1;Peterborough;Peterborough;
potterandmoore;13;1;Peterborough;Peterborough;
potterandmoore;14;1;Peterborough;Peterborough;
potterandmoore;15;1;Peterborough;Peterborough;
potterandmoore;16;1;Peterborough;Peterborough;
potterandmoore;17;1;Peterborough;Peterborough;
potterandmoore;18;1;Peterborough;Peterborough;
potterandmoore;19;1;Peterborough;Peterborough;
potterandmoore;20;1;Peterborough;Peterborough;
potterandmoore;21;1;Peterborough;Peterborough;
potterandmoore;22;1;Peterborough;Peterborough;
potterandmoore;23;1;Peterborough;Peterborough;
potterandmoore;26;1;Peterborough;Peterborough;
potterandmoore;27;1;Peterborough;Peterborough;
potterandmoore;28;1;Peterborough;Peterborough;
potterandmoore;29;1;Peterborough;Peterborough;
potterandmoore;30;1;Peterborough;Peterborough;
potterandmoore;31;1;Peterborough;Peterborough;
potterandmoore;33;1;Devon;Devon;
potterandmoore;34;1;Devon;Devon;
potterandmoore;35;1;Devon;Devon;
potterandmoore;36;1;Devon;Devon;
potterandmoore;37;1;Devon;Devon;
potterandmoore;38;1;Devon;Devon;
potterandmoore;39;1;Devon;Devon;
potterandmoore;40;1;Devon;Devon;
potterandmoore;41;1;Devon;Devon;
potterandmoore;42;1;Devon;Devon;
potterandmoore;43;1;Devon;Devon;
potterandmoore;44;1;Devon;Devon;
potterandmoore;46;1;Devon;Devon;
potterandmoore;47;1;Devon;Devon;
potterandmoore;48;1;Devon;Devon;
potterandmoore;49;1;Peterborough;Peterborough;
potterandmoore;50;1;Peterborough;Peterborough;
potterandmoore;52;1;Peterborough;Peterborough;
potterandmoore;53;1;Peterborough;Peterborough;
potterandmoore;54;1;Peterborough;Peterborough;
potterandmoore;55;1;Peterborough;Peterborough;
potterandmoore;56;1;Peterborough;Peterborough;
potterandmoore;57;1;Peterborough;Peterborough;
potterandmoore;58;1;Peterborough;Peterborough;
potterandmoore;59;1;Peterborough;Peterborough;
potterandmoore;60;1;Peterborough;Peterborough;
potterandmoore;61;1;Peterborough;Peterborough;
potterandmoore;62;1;Peterborough;Peterborough;
potterandmoore;63;1;Peterborough;Peterborough;
potterandmoore;64;1;Peterborough;Peterborough;
potterandmoore;65;1;Peterborough;Peterborough;
potterandmoore;66;1;Peterborough;Peterborough;
potterandmoore;67;1;Peterborough;Peterborough;
potterandmoore;68;1;Peterborough;Peterborough;
potterandmoore;69;1;Peterborough;Peterborough;
potterandmoore;70;1;Peterborough;Peterborough;
potterandmoore;71;1;Peterborough;Peterborough;
potterandmoore;72;1;Peterborough;Peterborough;
potterandmoore;73;1;Peterborough;Peterborough;
potterandmoore;74;1;Peterborough;Peterborough;
potterandmoore;76;1;Peterborough;Peterborough;
potterandmoore;77;1;Peterborough;Peterborough;
potterandmoore;78;1;Peterborough;Peterborough;
potterandmoore;79;1;Peterborough;Peterborough;
potterandmoore;80;1;Peterborough;Peterborough;
potterandmoore;81;1;Peterborough;Peterborough;
potterandmoore;82;1;Peterborough;Peterborough;
potterandmoore;83;1;Peterborough;Peterborough;
potterandmoore;84;1;Peterborough;Peterborough;
potterandmoore;85;1;Peterborough;Peterborough;
potterandmoore;86;1;Peterborough;Peterborough;
potterandmoore;87;1;Peterborough;Peterborough;
potterandmoore;88;1;Peterborough;Peterborough;
potterandmoore;89;1;Peterborough;Peterborough;
potterandmoore;92;1;Devon;Devon;
potterandmoore;93;1;Devon;Devon;
potterandmoore;95;1;Devon;Devon;
potterandmoore;96;1;Devon;Devon;
potterandmoore;97;1;Devon;Devon;
potterandmoore;99;1;Devon;Devon;
potterandmoore;100;1;Devon;Devon;
potterandmoore;102;1;Devon;Devon;
potterandmoore;103;1;Devon;Devon;
potterandmoore;105;1;Devon;Devon;
potterandmoore;106;1;Devon;Devon;
potterandmoore;107;1;Devon;Devon;
potterandmoore;109;1;Devon;Devon;
potterandmoore;110;1;Devon;Devon;
potterandmoore;111;1;Devon;Devon;
potterandmoore;112;1;Devon;Devon;
potterandmoore;113;1;Devon;Devon;
potterandmoore;114;1;Devon;Devon;
potterandmoore;115;1;Devon;Devon;
potterandmoore;116;1;Devon;Devon;
potterandmoore;118;1;Devon;Devon;
potterandmoore;119;1;Devon;Devon;
potterandmoore;120;1;Devon;Devon;
potterandmoore;123;1;Devon;Devon;
potterandmoore;124;1;Devon;Devon;
potterandmoore;125;1;Devon;Devon;
potterandmoore;126;1;Devon;Devon;
potterandmoore;129;1;Devon;Devon;
potterandmoore;130;1;Devon;Devon;
potterandmoore;133;1;Peterborough;Peterborough;
potterandmoore;134;1;Devon;Devon;
potterandmoore;136;1;Peterborough;Peterborough;
potterandmoore;138;1;Devon;Devon;
potterandmoore;159;1;Devon;Devon;
potterandmoore;161;1;Devon;Devon;
potterandmoore;162;1;Peterborough;Peterborough;
potterandmoore;163;1;Peterborough;Peterborough;
potterandmoore;164;1;Peterborough;Peterborough;
potterandmoore;165;1;Peterborough;Peterborough;
potterandmoore;167;1;Peterborough;Peterborough;
potterandmoore;168;1;Peterborough;Peterborough;
potterandmoore;169;1;Peterborough;Peterborough;
potterandmoore;170;1;Peterborough;Peterborough;
potterandmoore;171;1;Peterborough;Peterborough;
potterandmoore;172;1;Peterborough;Peterborough;
potterandmoore;173;1;Peterborough;Peterborough;
potterandmoore;174;1;Peterborough;Peterborough;
potterandmoore;175;1;Peterborough;Peterborough;
potterandmoore;176;1;Peterborough;Peterborough;
potterandmoore;177;1;Peterborough;Peterborough;
potterandmoore;179;1;Peterborough;Peterborough;
potterandmoore;180;1;Peterborough;Peterborough;
potterandmoore;181;1;Peterborough;Peterborough;
potterandmoore;182;1;Peterborough;Peterborough;
potterandmoore;184;1;Peterborough;Peterborough;
potterandmoore;185;1;Peterborough;Peterborough;
potterandmoore;186;1;Peterborough;Peterborough;
potterandmoore;187;1;Peterborough;Peterborough;
potterandmoore;188;1;Peterborough;Peterborough;
potterandmoore;189;1;Peterborough;Peterborough;
potterandmoore;190;1;Peterborough;Peterborough;
potterandmoore;191;1;Peterborough;Peterborough;
potterandmoore;192;1;Peterborough;Peterborough;
potterandmoore;193;1;Peterborough;Peterborough;
potterandmoore;194;1;Peterborough;Peterborough;
potterandmoore;195;1;Peterborough;Peterborough;
potterandmoore;196;1;Peterborough;Peterborough;
potterandmoore;197;1;Peterborough;Peterborough;
potterandmoore;198;1;Peterborough;Peterborough;
potterandmoore;199;1;Peterborough;Peterborough;
potterandmoore;209;1;Peterborough;Peterborough;
potterandmoore;210;1;Peterborough;Peterborough;
potterandmoore;211;1;Peterborough;Peterborough;
potterandmoore;212;1;Peterborough;Peterborough;
potterandmoore;213;1;Peterborough;Peterborough;
potterandmoore;214;1;Peterborough;Peterborough;
potterandmoore;227;1;Peterborough;Peterborough;
potterandmoore;228;1;Peterborough;Peterborough;
potterandmoore;229;1;Peterborough;Peterborough;
potterandmoore;230;1;Peterborough;Peterborough;
potterandmoore;232;1;Devon;Devon;
potterandmoore;243;1;Devon;Devon;
potterandmoore;247;1;Devon;Devon;
potterandmoore;249;1;Devon;Devon;
potterandmoore;250;1;Devon;Devon;
potterandmoore;252;1;Devon;Devon;
potterandmoore;266;1;Peterborough;Peterborough;
potterandmoore;267;1;Peterborough;Peterborough;
potterandmoore;268;1;Peterborough;Peterborough;
potterandmoore;269;1;Peterborough;Peterborough;
potterandmoore;270;1;Peterborough;Peterborough;
potterandmoore;271;1;Peterborough;Peterborough;
potterandmoore;272;1;Peterborough;Peterborough;
potterandmoore;273;1;Peterborough;Peterborough;
potterandmoore;274;1;Peterborough;Peterborough;
potterandmoore;275;1;Peterborough;Peterborough;
potterandmoore;276;1;Peterborough;Peterborough;
potterandmoore;277;1;Peterborough;Peterborough;
potterandmoore;278;1;Peterborough;Peterborough;
potterandmoore;279;1;Peterborough;Peterborough;
potterandmoore;280;1;Peterborough;Peterborough;
potterandmoore;281;1;Peterborough;Peterborough;
potterandmoore;282;1;Peterborough;Peterborough;
potterandmoore;283;1;Peterborough;Peterborough;
potterandmoore;284;1;Peterborough;Peterborough;
potterandmoore;285;1;Peterborough;Peterborough;
potterandmoore;286;1;Peterborough;Peterborough;
potterandmoore;287;1;Peterborough;Peterborough;
potterandmoore;316;1;Devon;Devon;
potterandmoore;324;1;Devon;Devon;
potterandmoore;371;1;Peterborough;Peterborough;
potterandmoore;380;1;Devon;Devon;
potterandmoore;405;1;Peterborough;Peterborough;
potterandmoore;406;1;Peterborough;Peterborough;
potterandmoore;407;1;Peterborough;Peterborough;
potterandmoore;433;1;Peterborough;Peterborough;
potterandmoore;434;1;Peterborough;Peterborough;
potterandmoore;435;1;Peterborough;Peterborough;
potterandmoore;436;1;Peterborough;Peterborough;
potterandmoore;437;1;Peterborough;Peterborough;
potterandmoore;438;1;Peterborough;Peterborough;
potterandmoore;439;1;Peterborough;Peterborough;
potterandmoore;440;1;Peterborough;Peterborough;
potterandmoore;476;1;Peterborough;Peterborough;
potterandmoore;477;1;Peterborough;Peterborough;
potterandmoore;478;1;Peterborough;Peterborough;
potterandmoore;479;1;Peterborough;Peterborough;
potterandmoore;480;1;Peterborough;Peterborough;
potterandmoore;481;1;Peterborough;Peterborough;
potterandmoore;482;1;Peterborough;Peterborough;
potterandmoore;483;1;Peterborough;Peterborough;
potterandmoore;484;1;Peterborough;Peterborough;
potterandmoore;485;1;Peterborough;Peterborough;
potterandmoore;486;1;Peterborough;Peterborough;
potterandmoore;487;1;Peterborough;Peterborough;
potterandmoore;488;1;Peterborough;Peterborough;
potterandmoore;489;1;Peterborough;Peterborough;
potterandmoore;512;1;Devon;Devon;
potterandmoore;584;1;Peterborough;Peterborough;
potterandmoore;595;1;Peterborough;Peterborough;
potterandmoore;596;1;Peterborough;Peterborough;
potterandmoore;608;1;Devon;Devon;
potterandmoore;619;1;Peterborough;Peterborough;
potterandmoore;667;1;Devon;Devon;
potterandmoore;668;1;Devon;Devon;
potterandmoore;691;1;Peterborough;Peterborough;
potterandmoore;692;1;Peterborough;Peterborough;
potterandmoore;718;1;Peterborough;Peterborough;
potterandmoore;719;1;Peterborough;Peterborough;
potterandmoore;720;1;Peterborough;Peterborough;
potterandmoore;721;1;Peterborough;Peterborough;
potterandmoore;722;1;Peterborough;Peterborough;
potterandmoore;739;1;Devon;Devon;
potterandmoore;740;1;Devon;Devon;
potterandmoore;741;1;Devon;Devon;
potterandmoore;742;1;Peterborough;Peterborough;
potterandmoore;743;1;Peterborough;Peterborough;
potterandmoore;744;1;Peterborough;Peterborough;
potterandmoore;745;1;Peterborough;Peterborough;
potterandmoore;746;1;Peterborough;Peterborough;
potterandmoore;747;1;Peterborough;Peterborough;
potterandmoore;748;1;Peterborough;Peterborough;
potterandmoore;749;1;Peterborough;Peterborough;
potterandmoore;789;1;Devon;Devon;
potterandmoore;801;1;Devon;Devon;
potterandmoore;808;1;Devon;Devon;
potterandmoore;815;1;Devon;Devon;
potterandmoore;863;1;Peterborough;Peterborough;
potterandmoore;864;1;Peterborough;Peterborough;
potterandmoore;865;1;Peterborough;Peterborough;
potterandmoore;866;1;Peterborough;Peterborough;
potterandmoore;880;1;Peterborough;Peterborough;
potterandmoore;881;1;Peterborough;Peterborough;
potterandmoore;893;1;Peterborough;Peterborough;
potterandmoore;894;1;Peterborough;Peterborough;
potterandmoore;896;1;Peterborough;Peterborough;
potterandmoore;898;1;Peterborough;Peterborough;
potterandmoore;899;1;Peterborough;Peterborough;
potterandmoore;900;1;Peterborough;Peterborough;
potterandmoore;901;1;Peterborough;Peterborough;
potterandmoore;902;1;Peterborough;Peterborough;
potterandmoore;903;1;Peterborough;Peterborough;
potterandmoore;904;1;Peterborough;Peterborough;
potterandmoore;905;1;Devon;Devon;
potterandmoore;906;1;Devon;Devon;
potterandmoore;908;1;Devon;Devon;
potterandmoore;910;1;Devon;Devon;
potterandmoore;912;1;Devon;Devon;
potterandmoore;914;1;Peterborough;Peterborough;
potterandmoore;915;1;Peterborough;Peterborough;
potterandmoore;919;1;Devon;Devon;
potterandmoore;920;1;Peterborough;Peterborough;
potterandmoore;921;1;Peterborough;Peterborough;
potterandmoore;922;1;Peterborough;Peterborough;
potterandmoore;923;1;Peterborough;Peterborough;
potterandmoore;924;1;Peterborough;Peterborough;
potterandmoore;925;1;Peterborough;Peterborough;
potterandmoore;927;1;Peterborough;Peterborough;
potterandmoore;929;1;Peterborough;Peterborough;
potterandmoore;930;1;Peterborough;Peterborough;
potterandmoore;931;1;Peterborough;Peterborough;
potterandmoore;932;1;Peterborough;Peterborough;
potterandmoore;937;1;Peterborough;Peterborough;
potterandmoore;938;1;Peterborough;Peterborough;
potterandmoore;939;1;Peterborough;Peterborough;
potterandmoore;940;1;Peterborough;Peterborough;
potterandmoore;941;1;Peterborough;Peterborough;
potterandmoore;942;1;Peterborough;Peterborough;
potterandmoore;943;1;Peterborough;Peterborough;
potterandmoore;944;1;Peterborough;Peterborough;
potterandmoore;945;1;Peterborough;Peterborough;
potterandmoore;946;1;Peterborough;Peterborough;
potterandmoore;947;1;Peterborough;Peterborough;
potterandmoore;948;1;Peterborough;Peterborough;
potterandmoore;949;1;Peterborough;Peterborough;
potterandmoore;950;1;Peterborough;Peterborough;
potterandmoore;951;1;Peterborough;Peterborough;
potterandmoore;952;1;Peterborough;Peterborough;
potterandmoore;953;1;Peterborough;Peterborough;
potterandmoore;954;1;Peterborough;Peterborough;
potterandmoore;955;1;Devon;Devon;
potterandmoore;956;1;Devon;Devon;
potterandmoore;958;1;Devon;Devon;
potterandmoore;959;1;Devon;Devon;
potterandmoore;961;1;Peterborough;Peterborough;
potterandmoore;962;1;Peterborough;Peterborough;
potterandmoore;963;1;Peterborough;Peterborough;
potterandmoore;964;1;Peterborough;Peterborough;
potterandmoore;966;1;Devon;Devon;
potterandmoore;967;1;Devon;Devon;
potterandmoore;968;1;Devon;Devon;
potterandmoore;970;1;Devon;Devon;
potterandmoore;971;1;Devon;Devon;
potterandmoore;974;1;Peterborough;Peterborough;
potterandmoore;977;1;Peterborough;Peterborough;
potterandmoore;979;1;Peterborough;Peterborough;
potterandmoore;980;1;Peterborough;Peterborough;
potterandmoore;981;1;Peterborough;Peterborough;
potterandmoore;982;1;Peterborough;Peterborough;
potterandmoore;983;1;Peterborough;Peterborough;
potterandmoore;984;1;Peterborough;Peterborough;
potterandmoore;985;1;Devon;Devon;
potterandmoore;986;1;Devon;Devon;
potterandmoore;987;1;Devon;Devon;
potterandmoore;988;1;Peterborough;Peterborough;
potterandmoore;989;1;Peterborough;Peterborough;
potterandmoore;990;1;Peterborough;Peterborough;
potterandmoore;991;1;Peterborough;Peterborough;
potterandmoore;992;1;Peterborough;Peterborough;
potterandmoore;994;1;Peterborough;Peterborough;
potterandmoore;997;1;Peterborough;Peterborough;
potterandmoore;998;1;Devon;Devon;
potterandmoore;999;1;Devon;Devon;
potterandmoore;1000;1;Devon;Devon;
potterandmoore;1001;2;Devon, Peterborough;Devon, Peterborough;multi-factory
potterandmoore;1002;2;Devon, Peterborough;Devon, Peterborough;multi-factory
potterandmoore;1003;2;Devon, Peterborough;Devon, Peterborough;multi-factory
potterandmoore;1004;1;Peterborough;Peterborough;
potterandmoore;1006;1;Peterborough;Peterborough;
potterandmoore;1007;1;Peterborough;Peterborough;
potterandmoore;1008;1;Peterborough;Peterborough;
potterandmoore;1009;1;Peterborough;Peterborough;
potterandmoore;1010;1;Peterborough;Peterborough;
potterandmoore;1011;1;Peterborough;Peterborough;
potterandmoore;1012;1;Peterborough;Peterborough;
potterandmoore;1013;1;Peterborough;Peterborough;
potterandmoore;1014;1;Peterborough;Peterborough;
potterandmoore;1015;1;Peterborough;Peterborough;
potterandmoore;1017;1;Peterborough;Peterborough;
potterandmoore;1019;1;Peterborough;Peterborough;
potterandmoore;1020;1;Devon;Devon;
potterandmoore;1021;1;Peterborough;Peterborough;
megararesins;2;1;Default;Default;
megararesins;3;1;Default;Default;
megararesins;5;1;Default;Default;
megararesins;6;1;Default;Default;
eurochartiki;2;1;Paper Converting;Paper Converting;
eurochartiki;7;1;Detergent;Detergent;
eurochartiki;8;1;Detergent;Detergent;
eurochartiki;9;1;Detergent;Detergent;
eurochartiki;10;1;Detergent;Detergent;
eurochartiki;11;1;Detergent;Detergent;
eurochartiki;12;1;Detergent;Detergent;
eurochartiki;13;1;Detergent;Detergent;
eurochartiki;14;1;Detergent;Detergent;
eurochartiki;15;1;Detergent;Detergent;
eurochartiki;16;1;Detergent;Detergent;
eurochartiki;17;1;Detergent;Detergent;
eurochartiki;18;1;Detergent;Detergent;
eurochartiki;20;1;Detergent;Detergent;
eurochartiki;21;1;Detergent;Detergent;
eurochartiki;22;1;Detergent;Detergent;
eurochartiki;23;1;Detergent;Detergent;
eurochartiki;24;1;Detergent;Detergent;
eurochartiki;25;1;Detergent;Detergent;
eurochartiki;26;1;Detergent;Detergent;
eurochartiki;27;1;Detergent;Detergent;
eurochartiki;28;1;Detergent;Detergent;
eurochartiki;29;1;Detergent;Detergent;
eurochartiki;30;1;Detergent;Detergent;
eurochartiki;31;1;Detergent;Detergent;
eurochartiki;32;1;Detergent;Detergent;
eurochartiki;33;1;Detergent;Detergent;
eurochartiki;35;1;Detergent;Detergent;
eurochartiki;43;1;Detergent;Detergent;
eurochartiki;44;1;Detergent;Detergent;
eurochartiki;45;1;Detergent;Detergent;
eurochartiki;46;1;Detergent;Detergent;
eurochartiki;47;1;Paper Converting;Paper Converting;
eurochartiki;49;1;Paper Converting;Paper Converting;
eurochartiki;51;1;Paper Converting;Paper Converting;
eurochartiki;52;1;Paper Converting;Paper Converting;
eurochartiki;55;1;Paper Converting;Paper Converting;
eurochartiki;57;1;Paper Converting;Paper Converting;
eurochartiki;59;1;Paper Converting;Paper Converting;
eurochartiki;61;1;Paper Converting;Paper Converting;
eurochartiki;62;1;Detergent;Detergent;
eurochartiki;63;1;Detergent;Detergent;
eurochartiki;70;1;Detergent;Detergent;
eurochartiki;71;1;Detergent;Detergent;
eurochartiki;72;1;Paper Converting;Paper Converting;
eurochartiki;73;1;Detergent;Detergent;
eurochartiki;74;1;Detergent;Detergent;
eurochartiki;75;1;Detergent;Detergent;
eurochartiki;76;1;Detergent;Detergent;
eurochartiki;77;1;Detergent;Detergent;
eurochartiki;78;1;Detergent;Detergent;
eurochartiki;80;1;Paper Converting;Paper Converting;
eurochartiki;81;1;Detergent;Detergent;
eurochartiki;82;1;Detergent;Detergent;
eurochartiki;83;1;Detergent;Detergent;
eurochartiki;84;1;Detergent;Detergent;
eurochartiki;85;1;Detergent;Detergent;
eurochartiki;86;1;Detergent;Detergent;
eurochartiki;87;1;Detergent;Detergent;
eurochartiki;88;1;Detergent;Detergent;
eurochartiki;89;1;Detergent;Detergent;
eurochartiki;90;1;Detergent;Detergent;
eurochartiki;91;1;Detergent;Detergent;
eurochartiki;92;1;Detergent;Detergent;
eurochartiki;93;1;Detergent;Detergent;
eurochartiki;94;1;Detergent;Detergent;
eurochartiki;95;1;Paper Converting;Paper Converting;
eurochartiki;96;1;Paper Converting;Paper Converting;
eurochartiki;97;1;Paper Converting;Paper Converting;
eurochartiki;98;1;Paper Converting;Paper Converting;
eurochartiki;99;1;Paper Converting;Paper Converting;
eurochartiki;100;1;Paper Converting;Paper Converting;
eurochartiki;101;1;Paper Converting;Paper Converting;
eurochartiki;103;1;Paper Converting;Paper Converting;
eurochartiki;105;1;Paper Converting;Paper Converting;
eurochartiki;106;1;Paper Converting;Paper Converting;
eurochartiki;107;1;Paper Converting;Paper Converting;
eurochartiki;108;1;Paper Converting;Paper Converting;
eurochartiki;109;1;Paper Converting;Paper Converting;
eurochartiki;110;1;Paper Converting;Paper Converting;
eurochartiki;111;1;Paper Converting;Paper Converting;
eurochartiki;112;1;Paper Converting;Paper Converting;
eurochartiki;113;1;Paper Converting;Paper Converting;
eurochartiki;114;1;Paper Converting;Paper Converting;
eurochartiki;118;1;Paper Converting;Paper Converting;
eurochartiki;119;1;Paper Converting;Paper Converting;
eurochartiki;120;1;Paper Converting;Paper Converting;
eurochartiki;121;1;Paper Converting;Paper Converting;
eurochartiki;122;1;Paper Converting;Paper Converting;
eurochartiki;123;1;Paper Converting;Paper Converting;
eurochartiki;124;1;Paper Converting;Paper Converting;
eurochartiki;125;1;Paper Converting;Paper Converting;
eurochartiki;126;1;Paper Converting;Paper Converting;
eurochartiki;127;1;Paper Converting;Paper Converting;
eurochartiki;128;1;Paper Converting;Paper Converting;
eurochartiki;129;1;Detergent;Detergent;
eurochartiki;130;1;Detergent;Detergent;
eurochartiki;131;1;Detergent;Detergent;
eurochartiki;132;1;Detergent;Detergent;
eurochartiki;133;1;Detergent;Detergent;
eurochartiki;134;1;Detergent;Detergent;
eurochartiki;135;1;Detergent;Detergent;
klarvinduer;33;1;Default;Default;
klarvinduer;34;1;Default;Default;
klarvinduer;37;1;Default;Default;
klarvinduer;56;1;Default;Default;
klarvinduer;62;1;Default;Default;
klarvinduer;105;1;Default;Default;
klarvinduer;107;1;Default;Default;
klarvinduer;112;1;Default;Default;
klarvinduer;114;1;Default;Default;
klarvinduer;119;1;Default;Default;
klarvinduer;125;1;Default;Default;
klarvinduer;126;1;Default;Default;
klarvinduer;127;1;Default;Default;
klarvinduer;129;1;Default;Default;
klarvinduer;132;1;Default;Default;
klarvinduer;135;1;Default;Default;
klarvinduer;137;1;Default;Default;
klarvinduer;144;1;Default;Default;
klarvinduer;151;1;Default;Default;
klarvinduer;152;1;Default;Default;
klarvinduer;161;1;Default;Default;
klarvinduer;162;1;Default;Default;
klarvinduer;163;1;Default;Default;
klarvinduer;164;1;Default;Default;
klarvinduer;165;1;Default;Default;
klarvinduer;173;1;Default;Default;
klarvinduer;175;1;Default;Default;
klarvinduer;178;1;Default;Default;
klarvinduer;180;1;Default;Default;
klarvinduer;181;1;Default;Default;
klarvinduer;183;1;Default;Default;
klarvinduer;194;1;Default;Default;
klarvinduer;197;1;Default;Default;
klarvinduer;208;1;Default;Default;
klarvinduer;211;1;Default;Default;
klarvinduer;214;1;Default;Default;
klarvinduer;215;1;Default;Default;
klarvinduer;218;1;Default;Default;
klarvinduer;219;1;Default;Default;
klarvinduer;220;1;Default;Default;
klarvinduer;221;1;Default;Default;
klarvinduer;222;1;Default;Default;
klarvinduer;223;1;Default;Default;
klarvinduer;224;1;Default;Default;
klarvinduer;225;1;Default;Default;
klarvinduer;230;1;Default;Default;
klarvinduer;231;1;Default;Default;
klarvinduer;232;1;Default;Default;
klarvinduer;233;1;Default;Default;
klarvinduer;235;1;Default;Default;
klarvinduer;236;1;Default;Default;
klarvinduer;237;1;Default;Default;
klarvinduer;238;1;Default;Default;
klarvinduer;239;1;Default;Default;
staircraft;1;1;Bayton Road;Bayton Road;
staircraft;7;1;Ansty;Ansty;
staircraft;8;1;Bayton Road;Bayton Road;
staircraft;9;1;Bayton Road;Bayton Road;
staircraft;10;1;Bayton Road;Bayton Road;
staircraft;11;1;Bayton Road;Bayton Road;
staircraft;13;1;Bayton Road;Bayton Road;
staircraft;15;1;Bayton Road;Bayton Road;
staircraft;17;1;Bayton Road;Bayton Road;
staircraft;18;1;Bayton Road;Bayton Road;
staircraft;20;1;Bayton Road;Bayton Road;
staircraft;21;1;Bayton Road;Bayton Road;
staircraft;24;1;Ansty;Ansty;
staircraft;25;1;Ansty;Ansty;
staircraft;26;1;Bayton Road;Bayton Road;
staircraft;28;1;Bayton Road;Bayton Road;
staircraft;29;1;Bayton Road;Bayton Road;
staircraft;30;1;Bayton Road;Bayton Road;
staircraft;31;1;Bayton Road;Bayton Road;
staircraft;32;1;Bayton Road;Bayton Road;
staircraft;33;1;Bayton Road;Bayton Road;
staircraft;34;1;Bayton Road;Bayton Road;
staircraft;35;1;Ansty;Ansty;
staircraft;36;1;Ansty;Ansty;
staircraft;37;1;Ansty;Ansty;
staircraft;38;1;Ansty;Ansty;
staircraft;39;1;Ansty;Ansty;
staircraft;41;1;Bayton Road;Bayton Road;
staircraft;42;1;Bayton Road;Bayton Road;
staircraft;43;1;Bayton Road;Bayton Road;
staircraft;44;1;Bayton Road;Bayton Road;
staircraft;46;1;Bayton Road;Bayton Road;
staircraft;48;1;Bayton Road;Bayton Road;
staircraft;49;1;Bayton Road;Bayton Road;
staircraft;50;1;Bayton Road;Bayton Road;
staircraft;53;1;Bayton Road;Bayton Road;
staircraft;54;1;Bayton Road;Bayton Road;
staircraft;55;1;Ansty;Ansty;
staircraft;56;1;Ibstock Road;Ibstock Road;
staircraft;57;1;Ibstock Road;Ibstock Road;
staircraft;58;1;Ibstock Road;Ibstock Road;
staircraft;59;1;Ibstock Road;Ibstock Road;
staircraft;60;1;Ibstock Road;Ibstock Road;
staircraft;61;1;Ibstock Road;Ibstock Road;
staircraft;62;1;Ibstock Road;Ibstock Road;
staircraft;63;1;Ibstock Road;Ibstock Road;
staircraft;64;1;Bayton Road;Bayton Road;
staircraft;65;1;Bayton Road;Bayton Road;
staircraft;66;1;Bayton Road;Bayton Road;
staircraft;67;1;Ibstock Road;Ibstock Road;
staircraft;68;1;Ibstock Road;Ibstock Road;
staircraft;69;1;Ibstock Road;Ibstock Road;
staircraft;72;1;Ibstock Road;Ibstock Road;
staircraft;73;1;Ansty;Ansty;
staircraft;74;1;Ansty;Ansty;
staircraft;75;1;Bayton Road;Bayton Road;
staircraft;76;1;Ansty;Ansty;
staircraft;78;1;Ibstock Road;Ibstock Road;
staircraft;87;1;Ibstock Road;Ibstock Road;
staircraft;88;1;Ibstock Road;Ibstock Road;
staircraft;89;1;Ibstock Road;Ibstock Road;
staircraft;90;1;Ibstock Road;Ibstock Road;
staircraft;91;1;Ibstock Road;Ibstock Road;
staircraft;92;1;Ibstock Road;Ibstock Road;
staircraft;93;1;Bayton Road;Bayton Road;
staircraft;94;1;Bayton Road;Bayton Road;
staircraft;95;1;Bayton Road;Bayton Road;
staircraft;96;1;Bayton Road;Bayton Road;
staircraft;97;1;Bayton Road;Bayton Road;
staircraft;98;1;Ansty;Ansty;
staircraft;99;1;Ansty;Ansty;
staircraft;100;1;Ansty;Ansty;
supercerame;15;1;Berrechid;Berrechid;
supercerame;17;1;Berrechid;Berrechid;
supercerame;18;1;Casablanca;Casablanca;
supercerame;19;1;Casablanca;Casablanca;
supercerame;22;1;Casablanca;Casablanca;
supercerame;23;1;Casablanca;Casablanca;
supercerame;25;1;Casablanca;Casablanca;
supercerame;27;1;Casablanca;Casablanca;
supercerame;29;1;Casablanca;Casablanca;
supercerame;31;1;Casablanca;Casablanca;
supercerame;34;1;Tetouan;Tetouan;
supercerame;35;1;Tetouan;Tetouan;
supercerame;36;1;Tetouan;Tetouan;
supercerame;38;1;Tetouan;Tetouan;
supercerame;39;1;Tetouan;Tetouan;
supercerame;40;1;Tetouan;Tetouan;
supercerame;43;1;Tetouan;Tetouan;
supercerame;44;1;Tetouan;Tetouan;
supercerame;45;1;Tetouan;Tetouan;
supercerame;48;1;Tetouan;Tetouan;
supercerame;49;1;Tetouan;Tetouan;
supercerame;50;1;Tetouan;Tetouan;
supercerame;51;1;Tetouan;Tetouan;
supercerame;52;1;Tetouan;Tetouan;
supercerame;53;1;Tetouan;Tetouan;
supercerame;54;1;Tetouan;Tetouan;
supercerame;55;1;Tetouan;Tetouan;
supercerame;56;1;Tetouan;Tetouan;
supercerame;57;1;Tetouan;Tetouan;
supercerame;58;1;Tetouan;Tetouan;
supercerame;59;1;Tetouan;Tetouan;
supercerame;60;1;Tetouan;Tetouan;
supercerame;61;1;Tetouan;Tetouan;
supercerame;62;1;Tetouan;Tetouan;
supercerame;64;1;Tetouan;Tetouan;
supercerame;65;1;Tetouan;Tetouan;
supercerame;66;1;Tetouan;Tetouan;
supercerame;67;1;Tetouan;Tetouan;
supercerame;68;1;Tetouan;Tetouan;
supercerame;69;1;Tetouan;Tetouan;
supercerame;70;1;Tetouan;Tetouan;
supercerame;71;1;Tetouan;Tetouan;
supercerame;72;1;Tetouan;Tetouan;
supercerame;73;1;Tetouan;Tetouan;
supercerame;74;1;Tetouan;Tetouan;
supercerame;75;1;Tetouan;Tetouan;
supercerame;76;1;Casablanca;Casablanca;
supercerame;77;1;Casablanca;Casablanca;
supercerame;78;1;Casablanca;Casablanca;
supercerame;79;1;Casablanca;Casablanca;
supercerame;80;1;Casablanca;Casablanca;
supercerame;81;1;Tetouan;Tetouan;
supercerame;82;1;Tetouan;Tetouan;
supercerame;85;1;Tetouan;Tetouan;
supercerame;86;1;Tetouan;Tetouan;
supercerame;87;1;Tetouan;Tetouan;
supercerame;88;1;Tetouan;Tetouan;
supercerame;90;1;Casablanca;Casablanca;
supercerame;91;1;Casablanca;Casablanca;
supercerame;92;1;Casablanca;Casablanca;
supercerame;94;1;Tetouan;Tetouan;
supercerame;95;1;Tetouan;Tetouan;
supercerame;97;1;Tetouan;Tetouan;
supercerame;98;1;Tetouan;Tetouan;
supercerame;99;1;Tetouan;Tetouan;
supercerame;100;1;Tetouan;Tetouan;
supercerame;101;1;Tetouan;Tetouan;
supercerame;102;1;Tetouan;Tetouan;
supercerame;103;1;Tetouan;Tetouan;
supercerame;104;1;Tetouan;Tetouan;
supercerame;106;1;Tetouan;Tetouan;
supercerame;107;1;Casablanca;Casablanca;
supercerame;108;1;Casablanca;Casablanca;
supercerame;109;1;Casablanca;Casablanca;
supercerame;110;1;Casablanca;Casablanca;
supercerame;113;1;Casablanca;Casablanca;
supercerame;114;1;Casablanca;Casablanca;
supercerame;117;1;Casablanca;Casablanca;
supercerame;118;1;Casablanca;Casablanca;
supercerame;119;1;Casablanca;Casablanca;
supercerame;120;1;Casablanca;Casablanca;
supercerame;122;1;Casablanca;Casablanca;
supercerame;123;1;Casablanca;Casablanca;
supercerame;124;1;Casablanca;Casablanca;
supercerame;127;1;Casablanca;Casablanca;
supercerame;128;1;Casablanca;Casablanca;
supercerame;129;1;Casablanca;Casablanca;
supercerame;130;1;Casablanca;Casablanca;
supercerame;131;1;Tetouan;Tetouan;
supercerame;132;1;Tetouan;Tetouan;
supercerame;133;1;Casablanca;Casablanca;
supercerame;134;1;Casablanca;Casablanca;
supercerame;135;1;Casablanca;Casablanca;
supercerame;136;1;Casablanca;Casablanca;
supercerame;137;1;Casablanca;Casablanca;
supercerame;138;1;Casablanca;Casablanca;
supercerame;139;1;Casablanca;Casablanca;
supercerame;140;1;Casablanca;Casablanca;
supercerame;141;1;Casablanca;Casablanca;
supercerame;142;1;Casablanca;Casablanca;
supercerame;143;1;Casablanca;Casablanca;
supercerame;144;1;Casablanca;Casablanca;
supercerame;155;1;Tetouan;Tetouan;
supercerame;156;1;Tetouan;Tetouan;
supercerame;157;1;Tetouan;Tetouan;
supercerame;159;1;Casablanca;Casablanca;
supercerame;169;1;Casablanca;Casablanca;
supercerame;172;1;Casablanca;Casablanca;
supercerame;173;1;Tetouan;Tetouan;
supercerame;174;1;Tetouan;Tetouan;
supercerame;175;1;Tetouan;Tetouan;
supercerame;176;1;Tetouan;Tetouan;
supercerame;177;1;Tetouan;Tetouan;
supercerame;178;1;Tetouan;Tetouan;
supercerame;179;1;Tetouan;Tetouan;
supercerame;181;1;Tetouan;Tetouan;
supercerame;182;1;Tetouan;Tetouan;
supercerame;183;1;Tetouan;Tetouan;
supercerame;184;1;Tetouan;Tetouan;
supercerame;187;1;Tetouan;Tetouan;
supercerame;188;1;Casablanca;Casablanca;
supercerame;189;1;Casablanca;Casablanca;
supercerame;190;1;Casablanca;Casablanca;
supercerame;191;1;Casablanca;Casablanca;
supercerame;192;1;Casablanca;Casablanca;
supercerame;193;1;Casablanca;Casablanca;
supercerame;194;1;Casablanca;Casablanca;
supercerame;195;1;Casablanca;Casablanca;
supercerame;196;1;Casablanca;Casablanca;
supercerame;197;1;Casablanca;Casablanca;
supercerame;198;1;Casablanca;Casablanca;
supercerame;200;1;Casablanca;Casablanca;
supercerame;201;1;Casablanca;Casablanca;
supercerame;203;1;Casablanca;Casablanca;
supercerame;204;1;Casablanca;Casablanca;
supercerame;205;1;Casablanca;Casablanca;
supercerame;206;1;Casablanca;Casablanca;
supercerame;208;1;Casablanca;Casablanca;
supercerame;209;1;Casablanca;Casablanca;
supercerame;210;1;Casablanca;Casablanca;
supercerame;212;1;Casablanca;Casablanca;
supercerame;213;1;Casablanca;Casablanca;
supercerame;216;1;Berrechid;Berrechid;
supercerame;217;1;Berrechid;Berrechid;
supercerame;218;1;Berrechid;Berrechid;
supercerame;220;1;Berrechid;Berrechid;
supercerame;221;1;Berrechid;Berrechid;
supercerame;225;1;Berrechid;Berrechid;
supercerame;227;1;Berrechid;Berrechid;
supercerame;228;1;Berrechid;Berrechid;
supercerame;229;1;Berrechid;Berrechid;
supercerame;235;1;Berrechid;Berrechid;
supercerame;237;1;Berrechid;Berrechid;
supercerame;241;1;Berrechid;Berrechid;
supercerame;242;1;Berrechid;Berrechid;
supercerame;243;1;Berrechid;Berrechid;
supercerame;246;1;Berrechid;Berrechid;
supercerame;247;1;Berrechid;Berrechid;
supercerame;249;1;Berrechid;Berrechid;
supercerame;254;1;Berrechid;Berrechid;
supercerame;255;1;Berrechid;Berrechid;
supercerame;256;1;Berrechid;Berrechid;
supercerame;257;1;Berrechid;Berrechid;
supercerame;258;1;Berrechid;Berrechid;
supercerame;259;1;Berrechid;Berrechid;
supercerame;260;1;Berrechid;Berrechid;
supercerame;261;1;Berrechid;Berrechid;
supercerame;262;1;Berrechid;Berrechid;
supercerame;266;1;Berrechid;Berrechid;
supercerame;267;1;Berrechid;Berrechid;
supercerame;268;1;Berrechid;Berrechid;
supercerame;269;1;Berrechid;Berrechid;
supercerame;270;1;Berrechid;Berrechid;
supercerame;271;1;Berrechid;Berrechid;
supercerame;272;1;Berrechid;Berrechid;
supercerame;273;1;Berrechid;Berrechid;
supercerame;274;1;Berrechid;Berrechid;
supercerame;275;1;Berrechid;Berrechid;
supercerame;276;1;Berrechid;Berrechid;
supercerame;277;1;Berrechid;Berrechid;
supercerame;278;1;Berrechid;Berrechid;
supercerame;280;1;Berrechid;Berrechid;
supercerame;281;1;Berrechid;Berrechid;
supercerame;282;1;Berrechid;Berrechid;
supercerame;283;1;Berrechid;Berrechid;
supercerame;284;1;Berrechid;Berrechid;
supercerame;286;1;Berrechid;Berrechid;
supercerame;287;1;Casablanca;Casablanca;
supercerame;288;1;Casablanca;Casablanca;
supercerame;289;1;Casablanca;Casablanca;
supercerame;290;1;Casablanca;Casablanca;
supercerame;291;1;Casablanca;Casablanca;
supercerame;292;1;Casablanca;Casablanca;
supercerame;293;1;Casablanca;Casablanca;
supercerame;294;1;Casablanca;Casablanca;
supercerame;295;1;Casablanca;Casablanca;
supercerame;296;1;Casablanca;Casablanca;
supercerame;297;1;Casablanca;Casablanca;
supercerame;298;1;Casablanca;Casablanca;
supercerame;299;1;Casablanca;Casablanca;
supercerame;300;1;Casablanca;Casablanca;
supercerame;301;1;Casablanca;Casablanca;
supercerame;302;1;Casablanca;Casablanca;
supercerame;303;1;Casablanca;Casablanca;
supercerame;304;1;Casablanca;Casablanca;
supercerame;305;1;Casablanca;Casablanca;
supercerame;306;1;Casablanca;Casablanca;
supercerame;308;1;Casablanca;Casablanca;
supercerame;309;1;Casablanca;Casablanca;
supercerame;310;1;Casablanca;Casablanca;
supercerame;311;1;Casablanca;Casablanca;
supercerame;312;1;Casablanca;Casablanca;
supercerame;313;1;Casablanca;Casablanca;
supercerame;314;1;Casablanca;Casablanca;
supercerame;315;1;Casablanca;Casablanca;
supercerame;316;1;Casablanca;Casablanca;
supercerame;317;1;Casablanca;Casablanca;
supercerame;318;1;Casablanca;Casablanca;
supercerame;319;1;Casablanca;Casablanca;
supercerame;320;1;Casablanca;Casablanca;
supercerame;322;1;Casablanca;Casablanca;
supercerame;323;1;Tetouan;Tetouan;
supercerame;324;1;Tetouan;Tetouan;
supercerame;325;1;Tetouan;Tetouan;
supercerame;326;1;Tetouan;Tetouan;
supercerame;327;1;Tetouan;Tetouan;
supercerame;328;1;Tetouan;Tetouan;
supercerame;331;1;Berrechid;Berrechid;
supercerame;332;1;Berrechid;Berrechid;
supercerame;333;1;Berrechid;Berrechid;
supercerame;334;1;Berrechid;Berrechid;
supercerame;335;1;Berrechid;Berrechid;
supercerame;336;1;Berrechid;Berrechid;
supercerame;338;1;Berrechid;Berrechid;
supercerame;339;1;Berrechid;Berrechid;
supercerame;340;1;Berrechid;Berrechid;
supercerame;341;1;Berrechid;Berrechid;
supercerame;343;1;Berrechid;Berrechid;
supercerame;344;1;Berrechid;Berrechid;
supercerame;346;1;Casablanca;Casablanca;
supercerame;347;1;Casablanca;Casablanca;
supercerame;348;1;Casablanca;Casablanca;
supercerame;349;1;Casablanca;Casablanca;
supercerame;350;1;Casablanca;Casablanca;
supercerame;357;1;Casablanca;Casablanca;
supercerame;358;1;Casablanca;Casablanca;
supercerame;359;1;Casablanca;Casablanca;
supercerame;360;1;Casablanca;Casablanca;
supercerame;362;1;Casablanca;Casablanca;
supercerame;363;1;Casablanca;Casablanca;
supercerame;364;1;Casablanca;Casablanca;
supercerame;365;1;Casablanca;Casablanca;
supercerame;366;1;Casablanca;Casablanca;
supercerame;367;1;Casablanca;Casablanca;
supercerame;368;1;Casablanca;Casablanca;
supercerame;369;1;Casablanca;Casablanca;
supercerame;370;1;Casablanca;Casablanca;
supercerame;371;1;Casablanca;Casablanca;
supercerame;372;1;Casablanca;Casablanca;
supercerame;373;1;Kenitra;Kenitra;
supercerame;374;1;Kenitra;Kenitra;
supercerame;375;1;Kenitra;Kenitra;
supercerame;376;1;Kenitra;Kenitra;
supercerame;377;1;Kenitra;Kenitra;
supercerame;378;1;Kenitra;Kenitra;
supercerame;379;1;Kenitra;Kenitra;
supercerame;380;1;Kenitra;Kenitra;
supercerame;381;1;Kenitra;Kenitra;
supercerame;382;1;Kenitra;Kenitra;
supercerame;383;1;Kenitra;Kenitra;
supercerame;386;1;Kenitra;Kenitra;
supercerame;387;1;Kenitra;Kenitra;
supercerame;388;1;Kenitra;Kenitra;
supercerame;389;1;Kenitra;Kenitra;
supercerame;390;1;Kenitra;Kenitra;
supercerame;391;1;Kenitra;Kenitra;
supercerame;392;1;Kenitra;Kenitra;
supercerame;393;1;Kenitra;Kenitra;
supercerame;394;1;Kenitra;Kenitra;
supercerame;397;1;Kenitra;Kenitra;
supercerame;399;1;Kenitra;Kenitra;
supercerame;400;1;Kenitra;Kenitra;
supercerame;401;1;Kenitra;Kenitra;
supercerame;402;1;Kenitra;Kenitra;
supercerame;403;1;Kenitra;Kenitra;
supercerame;404;1;Kenitra;Kenitra;
supercerame;406;1;Kenitra;Kenitra;
supercerame;408;1;Kenitra;Kenitra;
supercerame;410;1;Kenitra;Kenitra;
supercerame;411;1;Kenitra;Kenitra;
supercerame;412;1;Kenitra;Kenitra;
supercerame;413;1;Kenitra;Kenitra;
supercerame;414;1;Kenitra;Kenitra;
supercerame;415;1;Kenitra;Kenitra;
supercerame;416;1;Kenitra;Kenitra;
supercerame;417;1;Kenitra;Kenitra;
supercerame;420;1;Kenitra;Kenitra;
supercerame;421;1;Kenitra;Kenitra;
supercerame;422;1;Kenitra;Kenitra;
supercerame;423;1;Kenitra;Kenitra;
supercerame;424;1;Kenitra;Kenitra;
supercerame;425;1;Kenitra;Kenitra;
supercerame;426;1;Kenitra;Kenitra;
supercerame;427;1;Kenitra;Kenitra;
supercerame;428;1;Kenitra;Kenitra;
supercerame;431;1;Kenitra;Kenitra;
supercerame;434;1;Kenitra;Kenitra;
supercerame;447;1;Kenitra;Kenitra;
supercerame;448;1;Kenitra;Kenitra;
supercerame;449;1;Kenitra;Kenitra;
supercerame;461;1;Kenitra;Kenitra;
supercerame;462;1;Kenitra;Kenitra;
supercerame;463;1;Kenitra;Kenitra;
supercerame;464;1;Kenitra;Kenitra;
supercerame;465;1;Kenitra;Kenitra;
supercerame;466;1;Kenitra;Kenitra;
supercerame;467;1;Kenitra;Kenitra;
supercerame;468;1;Kenitra;Kenitra;
supercerame;469;1;Kenitra;Kenitra;
supercerame;470;1;Kenitra;Kenitra;
supercerame;471;1;Kenitra;Kenitra;
supercerame;472;1;Kenitra;Kenitra;
supercerame;473;1;Kenitra;Kenitra;
supercerame;474;1;Kenitra;Kenitra;
supercerame;475;1;Kenitra;Kenitra;
supercerame;476;1;Kenitra;Kenitra;
supercerame;477;1;Kenitra;Kenitra;
supercerame;478;1;Kenitra;Kenitra;
supercerame;479;1;Kenitra;Kenitra;
supercerame;482;1;Kenitra;Kenitra;
supercerame;483;1;Casablanca;Casablanca;
supercerame;484;1;Tetouan;Tetouan;
supercerame;485;1;Tetouan;Tetouan;
supercerame;486;1;Tetouan;Tetouan;
supercerame;488;1;Casablanca;Casablanca;
supercerame;489;1;Kenitra;Kenitra;
supercerame;491;1;Kenitra;Kenitra;
supercerame;492;1;Kenitra;Kenitra;
supercerame;494;1;Kenitra;Kenitra;
supercerame;495;1;Kenitra;Kenitra;
supercerame;496;1;Kenitra;Kenitra;
supercerame;498;1;Kenitra;Kenitra;
supercerame;499;1;Kenitra;Kenitra;
supercerame;500;1;Kenitra;Kenitra;
supercerame;502;1;Kenitra;Kenitra;
supercerame;503;1;Kenitra;Kenitra;
supercerame;504;1;Kenitra;Kenitra;
supercerame;505;1;Kenitra;Kenitra;
supercerame;507;1;Kenitra;Kenitra;
supercerame;508;1;Kenitra;Kenitra;
supercerame;509;1;Kenitra;Kenitra;
supercerame;510;1;Kenitra;Kenitra;
supercerame;511;1;Kenitra;Kenitra;
supercerame;512;1;Kenitra;Kenitra;
supercerame;517;1;Berrechid;Berrechid;
supercerame;518;1;Berrechid;Berrechid;
supercerame;519;1;Berrechid;Berrechid;
supercerame;520;1;Berrechid;Berrechid;
supercerame;521;1;Berrechid;Berrechid;
supercerame;522;1;Berrechid;Berrechid;
supercerame;523;1;Berrechid;Berrechid;
supercerame;524;1;Berrechid;Berrechid;
supercerame;525;1;Berrechid;Berrechid;
supercerame;527;1;Berrechid;Berrechid;
supercerame;528;1;Berrechid;Berrechid;
supercerame;529;1;Berrechid;Berrechid;
supercerame;530;1;Berrechid;Berrechid;
supercerame;531;1;Berrechid;Berrechid;
supercerame;532;1;Berrechid;Berrechid;
supercerame;533;1;Berrechid;Berrechid;
supercerame;534;1;Berrechid;Berrechid;
supercerame;535;1;Berrechid;Berrechid;
supercerame;536;1;Berrechid;Berrechid;
supercerame;537;1;Berrechid;Berrechid;
supercerame;538;1;Berrechid;Berrechid;
supercerame;539;1;Tetouan;Tetouan;
supercerame;540;1;Tetouan;Tetouan;
supercerame;544;1;Tetouan;Tetouan;
supercerame;545;1;Tetouan;Tetouan;
supercerame;546;1;Berrechid;Berrechid;
supercerame;547;1;Tetouan;Tetouan;
supercerame;548;1;Casablanca;Casablanca;
supercerame;549;1;Casablanca;Casablanca;
supercerame;552;1;Casablanca;Casablanca;
supercerame;553;1;Casablanca;Casablanca;
supercerame;554;1;Kenitra;Kenitra;
supercerame;555;1;Tetouan;Tetouan;
supercerame;556;1;Casablanca;Casablanca;
supercerame;557;1;Casablanca;Casablanca;
supercerame;558;1;Tetouan;Tetouan;
supercerame;559;1;Tetouan;Tetouan;
supercerame;560;1;Tetouan;Tetouan;
supercerame;561;1;Tetouan;Tetouan;
supercerame;562;1;Tetouan;Tetouan;
supercerame;563;1;Tetouan;Tetouan;
supercerame;564;1;Tetouan;Tetouan;
supercerame;565;1;Tetouan;Tetouan;
supercerame;568;1;Tetouan;Tetouan;
supercerame;572;1;Casablanca;Casablanca;
supercerame;573;1;Tetouan;Tetouan;
supercerame;574;1;Berrechid;Berrechid;
supercerame;575;1;Casablanca;Casablanca;
supercerame;576;1;Casablanca;Casablanca;
supercerame;577;1;Casablanca;Casablanca;
supercerame;578;1;Casablanca;Casablanca;
supercerame;579;1;Tetouan;Tetouan;
supercerame;580;1;Berrechid;Berrechid;
supercerame;581;1;Berrechid;Berrechid;
supercerame;582;1;Berrechid;Berrechid;
supercerame;583;1;Berrechid;Berrechid;
supercerame;584;1;Berrechid;Berrechid;
supercerame;585;1;Tetouan;Tetouan;
supercerame;586;1;Tetouan;Tetouan;
supercerame;587;1;Tetouan;Tetouan;
supercerame;588;1;Tetouan;Tetouan;
supercerame;589;1;Tetouan;Tetouan;
supercerame;590;1;Tetouan;Tetouan;
supercerame;591;1;Tetouan;Tetouan;
supercerame;592;1;Tetouan;Tetouan;
supercerame;593;1;Tetouan;Tetouan;
supercerame;594;1;Tetouan;Tetouan;
supercerame;595;1;Tetouan;Tetouan;
supercerame;596;1;Tetouan;Tetouan;
supercerame;597;1;Tetouan;Tetouan;
supercerame;598;1;Tetouan;Tetouan;
supercerame;599;1;Tetouan;Tetouan;
supercerame;600;1;Tetouan;Tetouan;
supercerame;601;1;Tetouan;Tetouan;
supercerame;602;1;Tetouan;Tetouan;
supercerame;603;1;Tetouan;Tetouan;
supercerame;604;1;Tetouan;Tetouan;
supercerame;605;1;Tetouan;Tetouan;
supercerame;607;1;Casablanca;Casablanca;
supercerame;609;1;Casablanca;Casablanca;
supercerame;610;1;Kenitra;Kenitra;
supercerame;611;1;Kenitra;Kenitra;
supercerame;612;1;Kenitra;Kenitra;
supercerame;613;1;Kenitra;Kenitra;
supercerame;614;1;Kenitra;Kenitra;
supercerame;615;1;Kenitra;Kenitra;
supercerame;616;1;Kenitra;Kenitra;
supercerame;617;1;Kenitra;Kenitra;
supercerame;618;1;Kenitra;Kenitra;
supercerame;619;1;Kenitra;Kenitra;
supercerame;620;1;Kenitra;Kenitra;
supercerame;621;1;Kenitra;Kenitra;
supercerame;622;1;Kenitra;Kenitra;
supercerame;623;1;Kenitra;Kenitra;
supercerame;624;1;Kenitra;Kenitra;
supercerame;625;1;Kenitra;Kenitra;
supercerame;626;1;Kenitra;Kenitra;
supercerame;627;1;Kenitra;Kenitra;
supercerame;628;1;Kenitra;Kenitra;
supercerame;629;1;Kenitra;Kenitra;
supercerame;630;1;Kenitra;Kenitra;
supercerame;631;1;Kenitra;Kenitra;
supercerame;632;1;Kenitra;Kenitra;
supercerame;633;1;Kenitra;Kenitra;
supercerame;634;1;Kenitra;Kenitra;
supercerame;635;1;Kenitra;Kenitra;
supercerame;636;1;Kenitra;Kenitra;
supercerame;637;1;Kenitra;Kenitra;
supercerame;638;1;Kenitra;Kenitra;
supercerame;639;1;Kenitra;Kenitra;
supercerame;640;1;Kenitra;Kenitra;
supercerame;641;1;Kenitra;Kenitra;
supercerame;642;1;Kenitra;Kenitra;
supercerame;643;1;Kenitra;Kenitra;
supercerame;644;1;Berrechid;Berrechid;
supercerame;645;1;Berrechid;Berrechid;
supercerame;646;1;Kenitra;Kenitra;
supercerame;647;1;Kenitra;Kenitra;
supercerame;648;1;Kenitra;Kenitra;
supercerame;649;1;Kenitra;Kenitra;
supercerame;650;1;Kenitra;Kenitra;
supercerame;651;1;Kenitra;Kenitra;
supercerame;652;1;Kenitra;Kenitra;
supercerame;653;1;Kenitra;Kenitra;
supercerame;655;1;Kenitra;Kenitra;
supercerame;656;1;Kenitra;Kenitra;
supercerame;657;1;Kenitra;Kenitra;
supercerame;658;1;Kenitra;Kenitra;
supercerame;659;1;Kenitra;Kenitra;
supercerame;660;1;Kenitra;Kenitra;
supercerame;661;1;Kenitra;Kenitra;
supercerame;662;1;Kenitra;Kenitra;
supercerame;663;1;Kenitra;Kenitra;
supercerame;664;1;Kenitra;Kenitra;
supercerame;665;1;Kenitra;Kenitra;
supercerame;666;1;Kenitra;Kenitra;
supercerame;667;1;Kenitra;Kenitra;
supercerame;668;1;Kenitra;Kenitra;
supercerame;669;1;Kenitra;Kenitra;
supercerame;670;1;Kenitra;Kenitra;
supercerame;671;1;Kenitra;Kenitra;
supercerame;672;1;Kenitra;Kenitra;
supercerame;673;1;Kenitra;Kenitra;
supercerame;674;1;Kenitra;Kenitra;
supercerame;675;1;Kenitra;Kenitra;
supercerame;676;1;Kenitra;Kenitra;
supercerame;677;1;Kenitra;Kenitra;
supercerame;678;1;Kenitra;Kenitra;
supercerame;679;1;Kenitra;Kenitra;
supercerame;680;1;Kenitra;Kenitra;
supercerame;681;1;Kenitra;Kenitra;
supercerame;682;1;Kenitra;Kenitra;
supercerame;683;1;Kenitra;Kenitra;
supercerame;684;1;Kenitra;Kenitra;
supercerame;685;1;Kenitra;Kenitra;
supercerame;686;1;Kenitra;Kenitra;
supercerame;687;1;Kenitra;Kenitra;
supercerame;688;1;Kenitra;Kenitra;
supercerame;689;1;Kenitra;Kenitra;
supercerame;690;1;Kenitra;Kenitra;
supercerame;691;1;Kenitra;Kenitra;
supercerame;692;1;Kenitra;Kenitra;
supercerame;693;1;Kenitra;Kenitra;
supercerame;694;1;Kenitra;Kenitra;
supercerame;695;1;Kenitra;Kenitra;
supercerame;696;1;Kenitra;Kenitra;
supercerame;699;1;Kenitra;Kenitra;
supercerame;700;1;Berrechid;Berrechid;
supercerame;701;1;Berrechid;Berrechid;
supercerame;702;1;Berrechid;Berrechid;
supercerame;703;1;Berrechid;Berrechid;
supercerame;704;1;Casablanca;Casablanca;
supercerame;705;1;Casablanca;Casablanca;
supercerame;706;1;Casablanca;Casablanca;
supercerame;708;1;Berrechid;Berrechid;
supercerame;709;1;Berrechid;Berrechid;
supercerame;710;1;Casablanca;Casablanca;
supercerame;711;1;Casablanca;Casablanca;
supercerame;712;1;Casablanca;Casablanca;
supercerame;713;1;Casablanca;Casablanca;
supercerame;714;1;Casablanca;Casablanca;
supercerame;715;1;Casablanca;Casablanca;
supercerame;716;1;Casablanca;Casablanca;
supercerame;717;1;Casablanca;Casablanca;
supercerame;718;1;Casablanca;Casablanca;
supercerame;719;1;Casablanca;Casablanca;
supercerame;720;1;Casablanca;Casablanca;
supercerame;721;1;Casablanca;Casablanca;
supercerame;722;1;Casablanca;Casablanca;
supercerame;723;1;Casablanca;Casablanca;
supercerame;724;1;Casablanca;Casablanca;
supercerame;728;1;Kenitra;Kenitra;
supercerame;729;1;Kenitra;Kenitra;
supercerame;732;1;Casablanca;Casablanca;
supercerame;733;1;Casablanca;Casablanca;
supercerame;734;1;Casablanca;Casablanca;
supercerame;735;1;Kenitra;Kenitra;
supercerame;738;1;Berrechid;Berrechid;
supercerame;739;1;Berrechid;Berrechid;
supercerame;742;1;Tetouan;Tetouan;
supercerame;743;1;Berrechid;Berrechid;
supercerame;744;1;Berrechid;Berrechid;
supercerame;746;1;Casablanca;Casablanca;
supercerame;747;1;Kenitra;Kenitra;
supercerame;748;1;Kenitra;Kenitra;
supercerame;749;1;Kenitra;Kenitra;
supercerame;752;1;Berrechid;Berrechid;
supercerame;756;1;Berrechid;Berrechid;
supercerame;760;1;Berrechid;Berrechid;
supercerame;761;1;Kenitra;Kenitra;
supercerame;763;1;Casablanca;Casablanca;
supercerame;764;1;Kenitra;Kenitra;
supercerame;765;1;Casablanca;Casablanca;
supercerame;766;1;Kenitra;Kenitra;
supercerame;767;1;Kenitra;Kenitra;
supercerame;768;1;Kenitra;Kenitra;
supercerame;769;1;Casablanca;Casablanca;
supercerame;770;1;Casablanca;Casablanca;
supercerame;771;1;Kenitra;Kenitra;
supercerame;772;1;Casablanca;Casablanca;
supercerame;773;1;Kenitra;Kenitra;
supercerame;774;1;Tetouan;Tetouan;
supercerame;775;1;Tetouan;Tetouan;
supercerame;776;1;Tetouan;Tetouan;
supercerame;777;1;Tetouan;Tetouan;
supercerame;778;1;Tetouan;Tetouan;
supercerame;779;1;Tetouan;Tetouan;
supercerame;780;1;Tetouan;Tetouan;
supercerame;781;1;Casablanca;Casablanca;
supercerame;782;1;Casablanca;Casablanca;
supercerame;783;1;Casablanca;Casablanca;
supercerame;784;1;Casablanca;Casablanca;
supercerame;785;1;Berrechid;Berrechid;
supercerame;786;1;Berrechid;Berrechid;
supercerame;787;1;Berrechid;Berrechid;
supercerame;788;1;Berrechid;Berrechid;
supercerame;789;1;Berrechid;Berrechid;
supercerame;792;1;Berrechid;Berrechid;
supercerame;793;1;Berrechid;Berrechid;
supercerame;795;1;Berrechid;Berrechid;
supercerame;798;1;Berrechid;Berrechid;
supercerame;799;1;Berrechid;Berrechid;
supercerame;800;1;Berrechid;Berrechid;
supercerame;801;1;Berrechid;Berrechid;
supercerame;802;1;Berrechid;Berrechid;
supercerame;803;1;Berrechid;Berrechid;
supercerame;804;1;Berrechid;Berrechid;
supercerame;805;1;Berrechid;Berrechid;
supercerame;806;1;Casablanca;Casablanca;
supercerame;807;1;Casablanca;Casablanca;
supercerame;808;1;Casablanca;Casablanca;
supercerame;809;1;Casablanca;Casablanca;
supercerame;810;1;Kenitra;Kenitra;
supercerame;811;1;Kenitra;Kenitra;
supercerame;812;1;Kenitra;Kenitra;
supercerame;813;1;Tetouan;Tetouan;
supercerame;814;1;Casablanca;Casablanca;
supercerame;815;1;Casablanca;Casablanca;
supercerame;816;1;Kenitra;Kenitra;
supercerame;817;1;Casablanca;Casablanca;
supercerame;818;1;Casablanca;Casablanca;
supercerame;819;1;Casablanca;Casablanca;
supercerame;820;1;Casablanca;Casablanca;
supercerame;821;1;Casablanca;Casablanca;
supercerame;822;1;Casablanca;Casablanca;
konva;1;1;Konva;Konva;
konva;2;1;Konva;Konva;
konva;3;1;Konva;Konva;
konva;4;1;Konva;Konva;
konva;5;1;Konva;Konva;
konva;6;1;Konva;Konva;
konva;7;1;Konva;Konva;
konva;8;1;Konva;Konva;
konva;9;1;Konva;Konva;
konva;10;1;Konva;Konva;
konva;11;1;Konva;Konva;
konva;12;1;Konva;Konva;
konva;13;1;Konva;Konva;
konva;14;1;Konva;Konva;
konva;15;1;Konva;Konva;
konva;16;1;Konva;Konva;
konva;17;1;Konva;Konva;
konva;18;1;Konva;Konva;
konva;20;1;Konva;Konva;
konva;21;1;Konva;Konva;
konva;22;1;Konva;Konva;
konva;23;1;Konva;Konva;
konva;24;1;Konva;Konva;
konva;25;1;Konva;Konva;
konva;26;1;Konva;Konva;
konva;27;1;Konva;Konva;
konva;28;1;Konva;Konva;
konva;29;1;Konva;Konva;
konva;30;1;Konva;Konva;
konva;31;1;Konva;Konva;
konva;32;1;Konva;Konva;
konva;33;1;Konva;Konva;
konva;34;1;Konva;Konva;
konva;35;1;Konva;Konva;
konva;36;1;Konva;Konva;
konva;37;1;Konva;Konva;
konva;38;1;Konva;Konva;
vitom;1;1;Default;Default;
vitom;2;1;Default;Default;
vitom;13;1;Default;Default;
vitom;17;1;Default;Default;
vitom;22;1;Default;Default;
vitom;25;1;Default;Default;
vitom;26;1;Default;Default;
vitom;28;1;Default;Default;
vitom;29;1;Default;Default;
vitom;47;1;Default;Default;
vitom;51;1;Default;Default;
vitom;52;1;Default;Default;
vitom;53;1;Default;Default;
vitom;54;1;Default;Default;
vitom;59;1;Default;Default;
vitom;62;1;Default;Default;
vitom;67;1;Default;Default;
vitom;69;1;Default;Default;
vitom;72;1;Default;Default;
vitom;73;1;Default;Default;
vitom;74;1;Default;Default;
vitom;79;1;Default;Default;
vitom;80;1;Default;Default;
vitom;81;1;Default;Default;
vitom;88;1;Default;Default;
vitom;91;1;Default;Default;
vitom;95;1;Default;Default;
vitom;96;1;Default;Default;
vitom;97;1;Default;Default;
vitom;102;1;Default;Default;
vitom;103;1;Default;Default;
vitom;104;1;Default;Default;
vitom;105;1;Default;Default;
vitom;106;1;Default;Default;
vitom;108;1;Default;Default;
vitom;109;1;Default;Default;
vitom;110;1;Default;Default;
vitom;111;1;Default;Default;
vitom;113;1;Default;Default;
vitom;114;1;Default;Default;
vitom;115;1;Default;Default;
vitom;116;1;Default;Default;
vitom;117;1;Default;Default;
vitom;118;1;Default;Default;
gecoalgeria;1;1;Gecoalgeria;Gecoalgeria;
gecoalgeria;2;1;Gecoalgeria;Gecoalgeria;
gecoalgeria;3;1;Gecoalgeria;Gecoalgeria;
gecoalgeria;4;1;Gecoalgeria;Gecoalgeria;
gecoalgeria;5;1;Gecoalgeria;Gecoalgeria;
gecoalgeria;6;1;Gecoalgeria;Gecoalgeria;
gecoalgeria;7;1;Gecoalgeria;Gecoalgeria;
gecoalgeria;8;1;Gecoalgeria;Gecoalgeria;
gecoalgeria;9;1;Gecoalgeria;Gecoalgeria;
gecoalgeria;10;1;Gecoalgeria;Gecoalgeria;
gecoalgeria;11;1;Gecoalgeria;Gecoalgeria;
gecoalgeria;12;1;Gecoalgeria;Gecoalgeria;
gecoalgeria;13;1;Gecoalgeria;Gecoalgeria;
gecoalgeria;14;1;Gecoalgeria;Gecoalgeria;
gecoalgeria;15;1;Gecoalgeria;Gecoalgeria;
gecoalgeria;16;1;Gecoalgeria;Gecoalgeria;
gecoalgeria;17;1;Gecoalgeria;Gecoalgeria;
gecoalgeria;18;1;Gecoalgeria;Gecoalgeria;
gecoalgeria;19;1;Gecoalgeria;Gecoalgeria;
gecoalgeria;20;1;Gecoalgeria;Gecoalgeria;
gecoalgeria;21;1;Gecoalgeria;Gecoalgeria;
gecoalgeria;22;1;Gecoalgeria;Gecoalgeria;
gecoalgeria;23;1;Gecoalgeria;Gecoalgeria;
gecoalgeria;24;1;Gecoalgeria;Gecoalgeria;
gecoalgeria;25;1;Gecoalgeria;Gecoalgeria;
gecoalgeria;26;1;Gecoalgeria;Gecoalgeria;
gecoalgeria;27;1;Gecoalgeria;Gecoalgeria;
gecoalgeria;28;1;Gecoalgeria;Gecoalgeria;
gecoalgeria;29;1;Gecoalgeria;Gecoalgeria;
gecoalgeria;30;1;Gecoalgeria;Gecoalgeria;
gecoalgeria;31;1;Gecoalgeria;Gecoalgeria;
gecoalgeria;32;1;Gecoalgeria;Gecoalgeria;
gecoalgeria;33;1;Gecoalgeria;Gecoalgeria;
eestipagar;8;1;Default;Default;
eestipagar;9;1;Default;Default;
eestipagar;11;1;Default;Default;
eestipagar;13;1;Default;Default;
eestipagar;18;1;Default;Default;
eestipagar;19;1;Default;Default;
eestipagar;30;1;Default;Default;
eestipagar;34;1;Default;Default;
eestipagar;40;1;Default;Default;
eestipagar;42;1;Default;Default;
eestipagar;50;1;Default;Default;
eestipagar;52;1;Default;Default;
eestipagar;59;1;Default;Default;
eestipagar;61;1;Default;Default;
eestipagar;62;1;Default;Default;
eestipagar;66;1;Default;Default;
eestipagar;67;1;Default;Default;
eestipagar;72;1;Default;Default;
eestipagar;73;1;Default;Default;
eestipagar;77;1;Default;Default;
eestipagar;78;1;Default;Default;
eestipagar;82;1;Default;Default;
eestipagar;83;1;Default;Default;
eestipagar;84;1;Default;Default;
eestipagar;85;1;Default;Default;
eestipagar;87;1;Default;Default;
eestipagar;88;1;Default;Default;
eestipagar;89;1;Default;Default;
eestipagar;90;1;Default;Default;
eestipagar;92;1;Default;Default;
eestipagar;93;1;Default;Default;
eestipagar;94;1;Default;Default;
eestipagar;95;1;Default;Default;
eestipagar;99;1;Default;Default;
eestipagar;100;1;Default;Default;
eestipagar;101;1;Default;Default;
eestipagar;102;1;Default;Default;
eestipagar;104;1;Default;Default;
eestipagar;105;1;Default;Default;
eestipagar;107;1;Default;Default;
eestipagar;108;1;Default;Default;
eestipagar;109;1;Default;Default;
eestipagar;110;1;Default;Default;
melter;1;1;Default;Default;
melter;2;1;Default;Default;
melter;4;1;Default;Default;
melter;5;1;Default;Default;
melter;6;1;Default;Default;
melter;10;1;Default;Default;
melter;11;1;Default;Default;
melter;12;1;Default;Default;
melter;13;1;Default;Default;
melter;14;1;Default;Default;
melter;18;1;Default;Default;
melter;20;1;Default;Default;
melter;21;1;Default;Default;
melter;22;1;Default;Default;
eurocable;1;1;Eurocable;Eurocable;
eurocable;2;1;Eurocable;Eurocable;
eurocable;3;1;Eurocable;Eurocable;
eurocable;4;1;Eurocable;Eurocable;
eurocable;5;1;Eurocable;Eurocable;
eurocable;6;1;Eurocable;Eurocable;
eurocable;7;1;Eurocable;Eurocable;
eurocable;8;1;Eurocable;Eurocable;
eurocable;9;1;Eurocable;Eurocable;
eurocable;10;1;Eurocable;Eurocable;
eurocable;11;1;Eurocable;Eurocable;
eurocable;12;1;Eurocable;Eurocable;
eurocable;13;1;Eurocable;Eurocable;
eurocable;14;1;Eurocable;Eurocable;
eurocable;15;1;Eurocable;Eurocable;
eurocable;16;1;Eurocable;Eurocable;
eurocable;17;1;Eurocable;Eurocable;
eurocable;18;1;Eurocable;Eurocable;
eurocable;19;1;Eurocable;Eurocable;
eurocable;20;1;Eurocable;Eurocable;
eurocable;21;1;Eurocable;Eurocable;
eurocable;22;1;Eurocable;Eurocable;
eurocable;23;1;Eurocable;Eurocable;
eurocable;24;1;Eurocable;Eurocable;
corinth;1;2;HSAW, LSAW;HSAW, LSAW;multi-factory
corinth;2;2;HSAW, LSAW;HSAW, LSAW;multi-factory
corinth;5;2;HSAW, LSAW;HSAW, LSAW;multi-factory
corinth;6;1;LSAW;LSAW;
corinth;7;1;LSAW;LSAW;
corinth;9;2;HSAW, LSAW;HSAW, LSAW;multi-factory
corinth;12;2;HSAW, LSAW;HSAW, LSAW;multi-factory
corinth;13;2;HSAW, LSAW;HSAW, LSAW;multi-factory
corinth;15;2;HSAW, LSAW;HSAW, LSAW;multi-factory
corinth;17;2;HSAW, LSAW;HSAW, LSAW;multi-factory
corinth;18;2;HSAW, LSAW;HSAW, LSAW;multi-factory
corinth;19;2;HSAW, LSAW;HSAW, LSAW;multi-factory
corinth;20;1;LSAW;LSAW;
corinth;21;1;HFI;HFI;
corinth;22;1;HFI;HFI;
corinth;26;1;HFI;HFI;
corinth;27;1;HFI;HFI;
corinth;28;1;HFI;HFI;
corinth;33;2;HFI, SMS 7 5/8;HFI, SMS 7 5/8;multi-factory
corinth;34;1;HFI;HFI;
corinth;35;1;HFI;HFI;
corinth;36;1;HFI;HFI;
corinth;37;1;HFI;HFI;
corinth;42;1;HFI;HFI;
corinth;43;1;HFI;HFI;
corinth;44;1;HFI;HFI;
corinth;48;2;HSAW, LSAW;HSAW, LSAW;multi-factory
corinth;50;2;HSAW, LSAW;HSAW, LSAW;multi-factory
corinth;52;2;HSAW, LSAW;HSAW, LSAW;multi-factory
corinth;54;2;HSAW, LSAW;HSAW, LSAW;multi-factory
corinth;55;2;HSAW, LSAW;HSAW, LSAW;multi-factory
corinth;64;2;HSAW, LSAW;HSAW, LSAW;multi-factory
corinth;66;2;HSAW, LSAW;HSAW, LSAW;multi-factory
corinth;67;2;HSAW, LSAW;HSAW, LSAW;multi-factory
corinth;68;2;HSAW, LSAW;HSAW, LSAW;multi-factory
corinth;72;1;LSAW;LSAW;
corinth;74;1;LSAW;LSAW;
corinth;75;1;LSAW;LSAW;
corinth;76;2;HSAW, LSAW;HSAW, LSAW;multi-factory
corinth;77;2;HSAW, LSAW;HSAW, LSAW;multi-factory
corinth;78;2;HSAW, LSAW;HSAW, LSAW;multi-factory
corinth;79;2;HSAW, LSAW;HSAW, LSAW;multi-factory
corinth;81;2;HSAW, LSAW;HSAW, LSAW;multi-factory
corinth;83;2;HSAW, LSAW;HSAW, LSAW;multi-factory
corinth;84;2;HSAW, LSAW;HSAW, LSAW;multi-factory
corinth;85;2;HSAW, LSAW;HSAW, LSAW;multi-factory
corinth;86;2;HSAW, LSAW;HSAW, LSAW;multi-factory
corinth;87;1;LSAW;LSAW;
corinth;88;2;HSAW, LSAW;HSAW, LSAW;multi-factory
corinth;89;1;LSAW;LSAW;
corinth;91;2;HSAW, LSAW;HSAW, LSAW;multi-factory
corinth;92;2;HSAW, LSAW;HSAW, LSAW;multi-factory
corinth;93;2;HSAW, LSAW;HSAW, LSAW;multi-factory
corinth;99;1;LSAW;LSAW;
corinth;101;2;HSAW, LSAW;HSAW, LSAW;multi-factory
corinth;102;2;HSAW, LSAW;HSAW, LSAW;multi-factory
corinth;103;2;HSAW, LSAW;HSAW, LSAW;multi-factory
corinth;116;1;LSAW;LSAW;
corinth;127;2;HSAW, LSAW;HSAW, LSAW;multi-factory
corinth;131;2;HSAW, LSAW;HSAW, LSAW;multi-factory
corinth;132;2;HSAW, LSAW;HSAW, LSAW;multi-factory
corinth;138;1;HFI;HFI;
corinth;140;1;LSAW;LSAW;
corinth;141;1;LSAW;LSAW;
corinth;146;1;LSAW;LSAW;
corinth;147;2;TCP100, TCP48;TCP100, TCP48;multi-factory
corinth;148;2;TCP100, TCP48;TCP100, TCP48;multi-factory
corinth;150;2;TCP100, TCP48;TCP100, TCP48;multi-factory
corinth;152;2;TCP100, TCP48;TCP100, TCP48;multi-factory
corinth;155;2;TCP100, TCP48;TCP100, TCP48;multi-factory
corinth;157;2;TCP100, TCP48;TCP100, TCP48;multi-factory
corinth;159;2;TCP100, TCP48;TCP100, TCP48;multi-factory
corinth;160;2;TCP100, TCP48;TCP100, TCP48;multi-factory
corinth;161;2;TCP100, TCP48;TCP100, TCP48;multi-factory
corinth;162;2;TCP100, TCP48;TCP100, TCP48;multi-factory
corinth;163;2;TCP100, TCP48;TCP100, TCP48;multi-factory
corinth;164;2;TCP100, TCP48;TCP100, TCP48;multi-factory
corinth;165;2;TCP100, TCP48;TCP100, TCP48;multi-factory
corinth;166;1;HFI;HFI;
corinth;167;1;HFI;HFI;
corinth;168;1;LSAW;LSAW;
corinth;169;2;HSAW, LSAW;HSAW, LSAW;multi-factory
corinth;170;1;LSAW;LSAW;
corinth;171;1;LSAW;LSAW;
corinth;172;1;LSAW;LSAW;
corinth;173;2;TCP100, TCP48;TCP100, TCP48;multi-factory
corinth;174;1;TLP56;TLP56;
corinth;175;1;TLP56;TLP56;
corinth;176;1;TLP56;TLP56;
corinth;178;1;TLP56;TLP56;
corinth;180;1;TLP56;TLP56;
corinth;184;2;HSAW, LSAW;HSAW, LSAW;multi-factory
corinth;188;2;HSAW, LSAW;HSAW, LSAW;multi-factory
corinth;194;2;HSAW, LSAW;HSAW, LSAW;multi-factory
corinth;195;1;LSAW;LSAW;
corinth;196;2;HSAW, LSAW;HSAW, LSAW;multi-factory
corinth;197;2;HSAW, LSAW;HSAW, LSAW;multi-factory
corinth;198;2;HSAW, LSAW;HSAW, LSAW;multi-factory
corinth;201;2;HSAW, LSAW;HSAW, LSAW;multi-factory
corinth;203;1;SMS 7 5/8;SMS 7 5/8;
corinth;204;1;SMS 7 5/8;SMS 7 5/8;
corinth;205;1;LSAW;LSAW;
corinth;211;1;TLP56;TLP56;
corinth;213;1;HFI;HFI;
corinth;217;1;LSAW;LSAW;
corinth;218;1;LSAW;LSAW;
corinth;219;1;LSAW;LSAW;
corinth;221;2;HSAW, LSAW;HSAW, LSAW;multi-factory
corinth;222;2;HSAW, LSAW;HSAW, LSAW;multi-factory
corinth;223;2;HSAW, LSAW;HSAW, LSAW;multi-factory
corinth;224;2;HSAW, LSAW;HSAW, LSAW;multi-factory
corinth;225;1;HSAW;HSAW;
corinth;227;2;HSAW, LSAW;HSAW, LSAW;multi-factory
corinth;228;1;LSAW;LSAW;
corinth;229;1;LSAW;LSAW;
corinth;230;1;LSAW;LSAW;
corinth;232;1;LSAW;LSAW;
corinth;233;1;LSAW;LSAW;
corinth;235;2;HSAW, LSAW;HSAW, LSAW;multi-factory
corinth;239;1;LSAW;LSAW;
corinth;243;2;HSAW, LSAW;HSAW, LSAW;multi-factory
corinth;246;2;HSAW, LSAW;HSAW, LSAW;multi-factory
corinth;248;2;TCP100, TCP48;TCP100, TCP48;multi-factory
corinth;250;2;HSAW, LSAW;HSAW, LSAW;multi-factory
corinth;251;1;SMS 7 5/8;SMS 7 5/8;
corinth;252;1;LSAW;LSAW;
corinth;253;1;LSAW;LSAW;
corinth;254;1;LSAW;LSAW;
corinth;255;1;LSAW;LSAW;
corinth;257;1;LSAW;LSAW;
corinth;258;1;LSAW;LSAW;
corinth;260;1;LSAW;LSAW;
corinth;261;1;LSAW;LSAW;
corinth;262;1;LSAW;LSAW;
corinth;263;1;LSAW;LSAW;
corinth;264;1;LSAW;LSAW;
corinth;265;1;LSAW;LSAW;
corinth;266;1;LSAW;LSAW;
corinth;269;1;LSAW;LSAW;
corinth;270;1;LSAW;LSAW;
corinth;273;1;LSAW;LSAW;
corinth;274;1;HSAW;HSAW;
corinth;276;1;LSAW;LSAW;
corinth;277;1;LSAW;LSAW;
corinth;279;2;HSAW, LSAW;HSAW, LSAW;multi-factory
corinth;280;2;HSAW, LSAW;HSAW, LSAW;multi-factory
corinth;281;2;HSAW, LSAW;HSAW, LSAW;multi-factory
corinth;284;1;LSAW;LSAW;
corinth;285;1;LSAW;LSAW;
corinth;286;1;LSAW;LSAW;
corinth;287;1;LSAW;LSAW;
corinth;292;2;HSAW, LSAW;HSAW, LSAW;multi-factory
corinth;293;2;HSAW, LSAW;HSAW, LSAW;multi-factory
corinth;294;2;HSAW, LSAW;HSAW, LSAW;multi-factory
corinth;295;2;HSAW, LSAW;HSAW, LSAW;multi-factory
corinth;296;2;HSAW, LSAW;HSAW, LSAW;multi-factory
corinth;297;2;HSAW, LSAW;HSAW, LSAW;multi-factory
corinth;298;1;LSAW;LSAW;
corinth;299;2;HSAW, LSAW;HSAW, LSAW;multi-factory
corinth;300;2;HSAW, LSAW;HSAW, LSAW;multi-factory
corinth;307;2;HSAW, LSAW;HSAW, LSAW;multi-factory
corinth;309;2;HSAW, LSAW;HSAW, LSAW;multi-factory
corinth;310;2;HSAW, LSAW;HSAW, LSAW;multi-factory
corinth;311;1;HSAW;HSAW;
corinth;313;2;HSAW, LSAW;HSAW, LSAW;multi-factory
corinth;315;2;HSAW, LSAW;HSAW, LSAW;multi-factory
corinth;317;2;TCP100, TCP48;TCP100, TCP48;multi-factory
corinth;318;2;TCP100, TCP48;TCP100, TCP48;multi-factory
corinth;320;2;TCP100, TCP48;TCP100, TCP48;multi-factory
corinth;327;1;HSAW;HSAW;
corinth;328;1;HSAW;HSAW;
corinth;330;1;HSAW;HSAW;
corinth;331;1;HSAW;HSAW;
corinth;333;1;HSAW;HSAW;
corinth;335;1;TLP56;TLP56;
corinth;336;1;TLP56;TLP56;
corinth;337;1;TLP56;TLP56;
corinth;339;1;HSAW;HSAW;
corinth;340;1;HFI;HFI;
corinth;342;1;TLP56;TLP56;
corinth;347;1;LSAW;LSAW;
corinth;350;1;HSAW;HSAW;
corinth;352;1;TLP56;TLP56;
corinth;355;1;HSAW;HSAW;
corinth;356;1;HSAW;HSAW;
corinth;357;2;HSAW, LSAW;HSAW, LSAW;multi-factory
corinth;358;1;HSAW;HSAW;
corinth;359;2;TCP100, TCP48;TCP100, TCP48;multi-factory
corinth;373;1;SMS 7 5/8;SMS 7 5/8;
corinth;376;1;TLP56;TLP56;
corinth;385;1;HSAW;HSAW;
corinth;386;1;SMS 7 5/8;SMS 7 5/8;
corinth;389;1;LSAW;LSAW;
corinth;390;1;CWC;CWC;
corinth;391;1;CWC;CWC;
corinth;392;1;CWC;CWC;
corinth;393;1;CWC;CWC;
corinth;401;1;HSAW;HSAW;
corinth;403;1;TLP56;TLP56;
corinth;404;2;TCP100, TCP48;TCP100, TCP48;multi-factory
corinth;405;1;LSAW;LSAW;
corinth;406;1;SMS 7 5/8;SMS 7 5/8;
corinth;412;1;SMS 7 5/8;SMS 7 5/8;
corinth;419;1;HFI;HFI;
corinth;420;1;HFI;HFI;
corinth;423;1;TCL Offline Stripping;TCL Offline Stripping;
corinth;424;1;TCL Offline Stripping;TCL Offline Stripping;
corinth;425;1;TCL Offline Stripping;TCL Offline Stripping;
corinth;426;1;TCL Offline Stripping;TCL Offline Stripping;
corinth;427;1;TCL Offline Stripping;TCL Offline Stripping;
corinth;429;1;TCL Offline Stripping;TCL Offline Stripping;
corinth;430;2;TCP100, TCP48;TCP100, TCP48;multi-factory
corinth;431;1;TCL Offline Stripping;TCL Offline Stripping;
corinth;435;1;LSAW;LSAW;
corinth;436;2;TCP100, TCP48;TCP100, TCP48;multi-factory
corinth;437;2;TCP100, TCP48;TCP100, TCP48;multi-factory
corinth;438;2;TCP100, TCP48;TCP100, TCP48;multi-factory
corinth;441;2;TCP100, TCP48;TCP100, TCP48;multi-factory
corinth;442;1;TCP48;TCP48;
corinth;443;1;HFI;HFI;
corinth;444;1;HFI;HFI;
corinth;453;1;HSAW;HSAW;
corinth;454;1;HSAW;HSAW;
corinth;455;1;HSAW;HSAW;
corinth;460;1;HFI;HFI;
corinth;461;1;HFI;HFI;
corinth;462;1;HFI;HFI;
corinth;464;1;HFI;HFI;
corinth;465;1;LSAW;LSAW;
corinth;469;1;LSAW;LSAW;
corinth;476;1;TCP100;TCP100;
corinth;477;1;LSAW;LSAW;
corinth;478;1;LSAW;LSAW;
corinth;479;1;LSAW;LSAW;
ortalheat;1;1;Ortalheat;Ortalheat;
bergenelarvik;1;1;Bergenelarvik;Bergenelarvik;
bergenelarvik;2;1;Bergenelarvik;Bergenelarvik;
bergenelarvik;3;1;Bergenelarvik;Bergenelarvik;
bergenelarvik;4;1;Bergenelarvik;Bergenelarvik;
bergenelarvik;5;1;Bergenelarvik;Bergenelarvik;
bergenelarvik;6;1;Bergenelarvik;Bergenelarvik;
bergenelarvik;7;1;Bergenelarvik;Bergenelarvik;
bergenelarvik;8;1;Bergenelarvik;Bergenelarvik;
bergenelarvik;9;1;Bergenelarvik;Bergenelarvik;
bergenelarvik;10;1;Bergenelarvik;Bergenelarvik;
bergenelarvik;11;1;Bergenelarvik;Bergenelarvik;
bergenelarvik;12;1;Bergenelarvik;Bergenelarvik;
weberitaly;8;1;Weber;Weber;
weberitaly;13;1;Weber;Weber;
weberitaly;14;1;Weber;Weber;
weberitaly;19;0;;;no stations, no factory - needs a decision
weberitaly;24;1;Weber;Weber;
weberitaly;28;1;Weber;Weber;
weberitaly;29;1;Weber;Weber;
weberitaly;30;1;Weber;Weber;
weberitaly;31;1;Weber;Weber;
weberitaly;32;1;Weber;Weber;
weberitaly;37;1;Weber;Weber;
weberitaly;38;1;Weber;Weber;
weberitaly;39;1;Weber;Weber;
weberitaly;41;1;Weber;Weber;
weberitaly;48;1;Weber;Weber;
weberitaly;49;1;Weber;Weber;
weberitaly;50;1;Weber;Weber;
weberitaly;54;1;Weber;Weber;
weberitaly;55;1;Weber;Weber;
weberitaly;57;1;Weber;Weber;
weberitaly;62;1;Weber;Weber;
weberitaly;63;1;Weber;Weber;
weberitaly;1003;1;Waterproofing;Waterproofing;
weberitaly;1004;1;Waterproofing;Waterproofing;
weberitaly;1005;1;Waterproofing;Waterproofing;
weberitaly;1006;1;Waterproofing;Waterproofing;
weberitaly;1008;1;Waterproofing;Waterproofing;
weberitaly;1010;1;Waterproofing;Waterproofing;
weberitaly;1011;1;Waterproofing;Waterproofing;
weberitaly;1012;1;Waterproofing;Waterproofing;
weberitaly;1013;1;Weber;Weber;
weberitaly;1014;1;Weber;Weber;
weberitaly;1015;1;Weber;Weber;
weberitaly;1016;1;Weber;Weber;
weberitaly;1017;1;Waterproofing;Waterproofing;
weberitaly;1021;1;Waterproofing;Waterproofing;
weberitaly;1022;1;Waterproofing;Waterproofing;
weberitaly;1023;1;Weber;Weber;
weberitaly;1024;1;Weber;Weber;
weberitaly;1025;1;Weber;Weber;
weberitaly;1026;1;Weber;Weber;
weberitaly;1027;1;Waterproofing;Waterproofing;
weberitaly;1028;1;Waterproofing;Waterproofing;
weberitaly;1029;0;;;no stations, no factory - needs a decision
weberitaly;1032;1;Weber;Weber;
weberitaly;1035;1;Weber;Weber;
weberitaly;1036;0;;;no stations, no factory - needs a decision
weberitaly;1037;0;;;no stations, no factory - needs a decision
weberitaly;1038;0;;;no stations, no factory - needs a decision
weberitaly;1039;1;Weber;Weber;
weberitaly;1040;1;Weber;Weber;
weberitaly;1041;1;Weber;Weber;
weberitaly;1042;1;Weber;Weber;
nextleveldecking;1;1;Nextleveldecking;Nextleveldecking;
nextleveldecking;2;1;Nextleveldecking;Nextleveldecking;
nextleveldecking;3;1;Nextleveldecking;Nextleveldecking;
saman;1;1;Default;Default;
saman;2;1;Default;Default;
saman;3;1;Default;Default;
saman;4;1;Default;Default;
saman;5;1;Default;Default;
saman;6;1;Default;Default;
saman;7;1;Default;Default;
saman;8;1;Default;Default;
saman;9;1;Default;Default;
saman;10;1;Default;Default;
saman;11;1;Default;Default;
saman;12;1;Default;Default;
saman;13;1;Default;Default;
kineticsbeauty;1;1;Riga factory;Riga factory;
elbisco;1;1;Chalkida;Chalkida;
elbisco;2;1;Chalkida;Chalkida;
elbisco;3;1;Chalkida;Chalkida;
elbisco;4;1;Chalkida;Chalkida;
elbisco;5;1;Chalkida;Chalkida;
elbisco;6;1;Chalkida;Chalkida;
bostik;2;1;UK-Stafford;UK-Stafford;
bostik;3;1;UK-Stafford;UK-Stafford;
bostik;4;1;UK-Stafford;UK-Stafford;
bostik;5;1;UK-Stafford;UK-Stafford;
bostik;6;1;UK-Stafford;UK-Stafford;
bostik;7;1;UK-Stafford;UK-Stafford;
bostik;8;1;UK-Stafford;UK-Stafford;
bostik;9;1;UK-Stafford;UK-Stafford;
bostik;12;1;UK-Stafford;UK-Stafford;
bostik;13;1;UK-Stafford;UK-Stafford;
bostik;15;1;UK-Stafford;UK-Stafford;
bostik;17;1;UK-Stafford;UK-Stafford;
bostik;18;1;UK-Stafford;UK-Stafford;
bostik;19;1;UK-Stafford;UK-Stafford;
bostik;20;1;UK-Stafford;UK-Stafford;
bostik;21;1;UK-Stafford;UK-Stafford;
bostik;22;1;UK-Stafford;UK-Stafford;
bostik;23;1;UK - Dalton;UK - Dalton;
bostik;25;1;UK - Dalton;UK - Dalton;
bostik;28;1;UK - Dalton;UK - Dalton;
bostik;30;1;UK - Dalton;UK - Dalton;
bostik;39;1;RO - Buftea;RO - Buftea;
bostik;40;1;RO - Buftea;RO - Buftea;
bostik;41;1;RO - Buftea;RO - Buftea;
bostik;42;1;RO - Buftea;RO - Buftea;
bostik;43;1;RO - Buftea;RO - Buftea;
bostik;44;1;RO - Buftea;RO - Buftea;
bostik;46;1;UK-Stafford;UK-Stafford;
bostik;47;1;UK-Stafford;UK-Stafford;
bostik;48;1;UK-Stafford;UK-Stafford;
bostik;49;1;UK-Stafford;UK-Stafford;
bostik;50;1;UK-Stafford;UK-Stafford;
bostik;51;1;UK-Stafford;UK-Stafford;
bostik;52;1;UK-Stafford;UK-Stafford;
bostik;53;1;UK - Dalton;UK - Dalton;
bostik;55;0;;;no stations, no factory - needs a decision
bostik;56;0;;;no stations, no factory - needs a decision
bostik;57;0;;;no stations, no factory - needs a decision
bostik;58;0;;;no stations, no factory - needs a decision
bostik;59;0;;;no stations, no factory - needs a decision
bostik;60;0;;;no stations, no factory - needs a decision
bostik;61;0;;;no stations, no factory - needs a decision
bostik;62;0;;;no stations, no factory - needs a decision
bostik;63;0;;;no stations, no factory - needs a decision
bostik;64;0;;;no stations, no factory - needs a decision
bostik;65;1;US-Paulsboro;US-Paulsboro;
bostik;66;0;;;no stations, no factory - needs a decision
bostik;69;1;US-Louisville;US-Louisville;
bostik;70;1;US-Louisville;US-Louisville;
bostik;71;1;US-Louisville;US-Louisville;
bostik;72;1;US-Louisville;US-Louisville;
bostik;74;1;DK-LIP;DK-LIP;
bostik;75;1;DK-LIP;DK-LIP;
bostik;76;1;DK-LIP;DK-LIP;
bostik;77;1;DK-LIP;DK-LIP;
bostik;78;1;DK-LIP;DK-LIP;
bostik;79;1;DK-LIP;DK-LIP;
bostik;80;1;DK-LIP;DK-LIP;
bostik;81;1;GER-Borgholzhausen;GER-Borgholzhausen;
bostik;82;1;FR-Ribecourt;FR-Ribecourt;
bostik;83;1;DK-LIP;DK-LIP;
bostik;85;1;DK-LIP;DK-LIP;
bostik;86;1;US-Louisville;US-Louisville;
bostik;89;1;JPN-Nara;JPN-Nara;
bostik;90;1;JPN-Nara;JPN-Nara;
bostik;91;1;JPN-Nara;JPN-Nara;
bostik;93;1;JPN-Nara;JPN-Nara;
bostik;94;1;JPN-Nara;JPN-Nara;
bostik;96;1;JPN-Nara;JPN-Nara;
bostik;97;1;JPN-Nara;JPN-Nara;
bostik;98;1;JPN-Nara;JPN-Nara;
bostik;99;1;JPN-Nara;JPN-Nara;
bostik;100;1;JPN-Nara;JPN-Nara;
bostik;101;1;JPN-Nara;JPN-Nara;
bostik;102;1;JPN-Nara;JPN-Nara;
bostik;104;1;FR-Lemeux;FR-Lemeux;
bostik;105;1;FR-Lemeux;FR-Lemeux;
bostik;106;1;FR-Lemeux;FR-Lemeux;
bostik;107;1;FR-Lemeux;FR-Lemeux;
bostik;108;1;FR-Lemeux;FR-Lemeux;
bostik;109;1;FR-Lemeux;FR-Lemeux;
bostik;110;1;FR-Lemeux;FR-Lemeux;
bostik;111;1;FR-Lemeux;FR-Lemeux;
bostik;112;1;FR-Lemeux;FR-Lemeux;
bostik;113;1;FR-Lemeux;FR-Lemeux;
bostik;114;1;FR-Lemeux;FR-Lemeux;
bostik;115;1;FR-Lemeux;FR-Lemeux;
bostik;116;1;FR-Lemeux;FR-Lemeux;
bostik;117;1;FR-Lemeux;FR-Lemeux;
bostik;118;1;FR-Lemeux;FR-Lemeux;
bostik;119;1;FR-Lemeux;FR-Lemeux;
bostik;120;1;FR-Lemeux;FR-Lemeux;
bostik;121;1;FR-Lemeux;FR-Lemeux;
bostik;123;1;FR-Lemeux;FR-Lemeux;
bostik;124;0;;;no stations, no factory - needs a decision
bostik;125;0;;;no stations, no factory - needs a decision
bostik;126;0;;;no stations, no factory - needs a decision
bostik;127;0;;;no stations, no factory - needs a decision
bostik;128;0;;;no stations, no factory - needs a decision
bostik;129;1;US-Middleton;US-Middleton;
bostik;133;1;US-Middleton;US-Middleton;
bostik;134;1;US-Middleton;US-Middleton;
bostik;135;1;US-Middleton;US-Middleton;
bostik;136;1;US-Middleton;US-Middleton;
bostik;137;1;US-Middleton;US-Middleton;
bostik;138;1;US-Middleton;US-Middleton;
bostik;140;1;US-Middleton;US-Middleton;
bostik;143;1;US-Middleton;US-Middleton;
bostik;144;1;US-Middleton;US-Middleton;
bostik;145;1;US-Middleton;US-Middleton;
bostik;147;1;US-Conyers;US-Conyers;
bostik;148;1;US-Conyers;US-Conyers;
bostik;149;1;US-Conyers;US-Conyers;
bostik;150;1;US-Conyers;US-Conyers;
bostik;151;1;US-Conyers;US-Conyers;
bostik;152;1;US-Conyers;US-Conyers;
bostik;154;1;US-Conyers;US-Conyers;
bostik;155;1;US-Conyers;US-Conyers;
bostik;156;1;US-Conyers;US-Conyers;
bostik;158;1;US-Conyers;US-Conyers;
bostik;159;1;US-Conyers;US-Conyers;
bostik;161;1;US-Conyers;US-Conyers;
bostik;162;1;US-Conyers;US-Conyers;
bostik;163;1;US-Conyers;US-Conyers;
bostik;164;1;MY - Seremban;MY - Seremban;
bostik;165;1;FR-Avelin;FR-Avelin;
bostik;166;1;FR-Avelin;FR-Avelin;
bostik;167;1;FR-Avelin;FR-Avelin;
bostik;168;1;FR-Avelin;FR-Avelin;
bostik;169;1;FR-Avelin;FR-Avelin;
bostik;170;1;FR-Avelin;FR-Avelin;
bostik;171;1;FR-Avelin;FR-Avelin;
bostik;173;1;FR-Avelin;FR-Avelin;
bostik;176;1;FR-Avelin;FR-Avelin;
bostik;177;1;FR-Avelin;FR-Avelin;
bostik;178;1;FR-Avelin;FR-Avelin;
bostik;179;1;FR-Avelin;FR-Avelin;
bostik;180;1;FR-Avelin;FR-Avelin;
bostik;181;1;FR-Avelin;FR-Avelin;
bostik;183;1;FR-Avelin;FR-Avelin;
bostik;184;1;FR-Avelin;FR-Avelin;
bostik;185;1;FR-Avelin;FR-Avelin;
bostik;186;1;FR-Avelin;FR-Avelin;
bostik;187;1;FR-Avelin;FR-Avelin;
bostik;188;1;FR-Avelin;FR-Avelin;
bostik;189;1;US-Conyers;US-Conyers;
bostik;190;1;US-Conyers;US-Conyers;
bostik;193;1;MX-Naucalpan;MX-Naucalpan;
bostik;194;1;MX-Naucalpan;MX-Naucalpan;
bostik;196;1;MX-Naucalpan;MX-Naucalpan;
bostik;197;1;MX-Naucalpan;MX-Naucalpan;
bostik;198;1;MX-Naucalpan;MX-Naucalpan;
bostik;201;1;MX-Naucalpan;MX-Naucalpan;
bostik;202;1;MX-Naucalpan;MX-Naucalpan;
bostik;203;1;MX-Naucalpan;MX-Naucalpan;
bostik;205;1;FR-Avelin;FR-Avelin;
bostik;209;1;FR-Avelin;FR-Avelin;
bostik;210;1;UK-Stafford;UK-Stafford;
bostik;211;1;UK-Stafford;UK-Stafford;
bostik;216;1;US-Louisville;US-Louisville;
bostik;217;1;US-Louisville;US-Louisville;
bostik;218;1;BR-São Roque;BR-São Roque;
bostik;219;1;BR-São Roque;BR-São Roque;
bostik;220;1;BR-São Roque;BR-São Roque;
bostik;221;1;BR-São Roque;BR-São Roque;
bostik;222;1;BR-São Roque;BR-São Roque;
bostik;223;1;BR-São Roque;BR-São Roque;
bostik;224;1;US-Conyers;US-Conyers;
bostik;225;1;RO - Buftea;RO - Buftea;
bostik;226;1;FR-Avelin;FR-Avelin;
bostik;227;1;US-Middleton;US-Middleton;
bostik;228;1;US-Middleton;US-Middleton;
bostik;229;1;US-Conyers;US-Conyers;
bostik;231;3;UK - Dalton, UK - Leicester, UK-Stafford;UK - Dalton, UK - Leicester, UK-Stafford;multi-factory
bostik;233;1;UK-Stafford;UK-Stafford;
bostik;234;1;UK-Stafford;UK-Stafford;
bostik;235;1;UK-Stafford;UK-Stafford;
bostik;238;1;UK-Stafford;UK-Stafford;
bostik;240;1;UK-Stafford;UK-Stafford;
bostik;241;1;JPN-Nara;JPN-Nara;
bostik;242;1;JPN-Nara;JPN-Nara;
bostik;243;1;JPN-Nara;JPN-Nara;
bostik;244;1;JPN-Nara;JPN-Nara;
bostik;245;1;JPN-Nara;JPN-Nara;
bostik;246;1;JPN-Nara;JPN-Nara;
bostik;247;1;UK-Stafford;UK-Stafford;
bostik;248;1;UK-Stafford;UK-Stafford;
bostik;249;1;DK-LIP;DK-LIP;
bostik;252;1;UK-Stafford;UK-Stafford;
bostik;253;1;MX-Naucalpan;MX-Naucalpan;
bostik;257;1;MX-Naucalpan;MX-Naucalpan;
bostik;259;1;FR-Ribecourt;FR-Ribecourt;
bostik;260;1;UK-Stafford;UK-Stafford;
bostik;261;1;US-Conyers;US-Conyers;
bostik;262;1;UK-Stafford;UK-Stafford;
bostik;263;1;UK-Stafford;UK-Stafford;
bostik;264;1;UK-Stafford;UK-Stafford;
bostik;267;1;UK-Stafford;UK-Stafford;
bostik;270;2;BR - São José, BR-Araraquara;BR - São José, BR-Araraquara;multi-factory
bostik;271;2;BR - São José, BR-Araraquara;BR - São José, BR-Araraquara;multi-factory
bostik;277;2;BR - São José, BR-Araraquara;BR - São José, BR-Araraquara;multi-factory
bostik;278;2;BR - São José, BR-Araraquara;BR - São José, BR-Araraquara;multi-factory
bostik;279;2;BR - São José, BR-Araraquara;BR - São José, BR-Araraquara;multi-factory
bostik;280;1;BR - São José;BR - São José;
bostik;281;1;BR - São José;BR - São José;
bostik;282;2;BR - São José, BR-Araraquara;BR - São José, BR-Araraquara;multi-factory
bostik;283;2;BR - São José, BR-Araraquara;BR - São José, BR-Araraquara;multi-factory
bostik;284;1;BR - São José;BR - São José;
bostik;290;1;BR - São José;BR - São José;
bostik;291;2;BR - São José, BR-Araraquara;BR - São José, BR-Araraquara;multi-factory
bostik;292;2;BR - São José, BR-Araraquara;BR - São José, BR-Araraquara;multi-factory
bostik;295;2;BR - São José, BR-Araraquara;BR - São José, BR-Araraquara;multi-factory
bostik;296;2;BR - São José, BR-Araraquara;BR - São José, BR-Araraquara;multi-factory
bostik;297;1;BR-Araraquara;BR-Araraquara;
bostik;299;1;UK - Leicester;UK - Leicester;
bostik;300;1;UK - Leicester;UK - Leicester;
bostik;301;1;UK - Leicester;UK - Leicester;
bostik;302;1;UK - Leicester;UK - Leicester;
bostik;303;1;UK - Leicester;UK - Leicester;
bostik;304;1;UK - Leicester;UK - Leicester;
bostik;305;1;UK - Leicester;UK - Leicester;
bostik;306;1;FR-Avelin;FR-Avelin;
bostik;307;1;UK - Leicester;UK - Leicester;
bostik;308;1;UK - Leicester;UK - Leicester;
bostik;309;1;UK - Leicester;UK - Leicester;
bostik;310;1;UK - Leicester;UK - Leicester;
bostik;311;1;UK - Leicester;UK - Leicester;
bostik;312;1;UK - Leicester;UK - Leicester;
bostik;313;1;UK - Leicester;UK - Leicester;
bostik;315;1;JPN-Nara;JPN-Nara;
bostik;323;1;BEL-Nazareth;BEL-Nazareth;
bostik;325;1;BEL-Nazareth;BEL-Nazareth;
bostik;326;1;BEL-Nazareth;BEL-Nazareth;
bostik;327;1;GER-Borgholzhausen;GER-Borgholzhausen;
bostik;328;1;UK - Leicester;UK - Leicester;
bostik;329;1;UK - Leicester;UK - Leicester;
bostik;330;1;UK - Leicester;UK - Leicester;
bostik;333;1;FR-Privas;FR-Privas;
bostik;334;1;FR-Privas;FR-Privas;
bostik;335;1;FR-Privas;FR-Privas;
bostik;336;1;FR-Privas;FR-Privas;
bostik;337;1;FR-Privas;FR-Privas;
bostik;338;1;FR-Privas;FR-Privas;
bostik;339;1;FR-Privas;FR-Privas;
bostik;340;1;FR-Privas;FR-Privas;
bostik;341;1;FR-Privas;FR-Privas;
bostik;342;1;FR-Privas;FR-Privas;
bostik;343;1;FR-Privas;FR-Privas;
bostik;344;1;FR-Privas;FR-Privas;
bostik;345;1;FR-Privas;FR-Privas;
bostik;346;1;FR-Privas;FR-Privas;
bostik;347;1;FR-Privas;FR-Privas;
bostik;348;1;FR-Privas;FR-Privas;
bostik;350;1;FR-Privas;FR-Privas;
bostik;352;1;FR-Privas;FR-Privas;
bostik;353;1;FR-Privas;FR-Privas;
bostik;355;1;FR-Privas;FR-Privas;
bostik;356;1;FR-Privas;FR-Privas;
bostik;357;1;FR-Privas;FR-Privas;
bostik;358;1;FR-Privas;FR-Privas;
bostik;359;1;FR-Avelin;FR-Avelin;
bostik;362;1;PH-Tanay;PH-Tanay;
bostik;363;1;PH-Tanay;PH-Tanay;
bostik;364;1;PH-Tanay;PH-Tanay;
bostik;365;1;PH-Tanay;PH-Tanay;
bostik;366;1;PH-Tanay;PH-Tanay;
bostik;367;1;PH-Tanay;PH-Tanay;
bostik;368;1;PH-Tanay;PH-Tanay;
bostik;369;1;FR-Avelin;FR-Avelin;
bostik;370;1;MX-Nuevo Leon;MX-Nuevo Leon;
bostik;371;1;BR - São José;BR - São José;
bostik;372;1;BR - São José;BR - São José;
bostik;374;1;US-Middleton;US-Middleton;
bostik;377;1;FR-Avelin;FR-Avelin;
bostik;378;1;FR-Privas;FR-Privas;
bostik;379;1;FR-Privas;FR-Privas;
bostik;381;1;MX-Nuevo Leon;MX-Nuevo Leon;
bostik;382;1;MX-Nuevo Leon;MX-Nuevo Leon;
bostik;383;1;MX-Nuevo Leon;MX-Nuevo Leon;
bostik;386;1;MX-Nuevo Leon;MX-Nuevo Leon;
bostik;387;1;MX-Nuevo Leon;MX-Nuevo Leon;
bostik;388;1;MX-Nuevo Leon;MX-Nuevo Leon;
bostik;390;1;MX-Nuevo Leon;MX-Nuevo Leon;
bostik;391;1;MX-Nuevo Leon;MX-Nuevo Leon;
bostik;392;1;MX-Nuevo Leon;MX-Nuevo Leon;
bostik;394;1;MX-Nuevo Leon;MX-Nuevo Leon;
bostik;395;1;US-Conyers;US-Conyers;
bostik;398;1;PH-Tanay;PH-Tanay;
bostik;399;1;UK-Stafford;UK-Stafford;
bostik;400;1;PH-Tanay;PH-Tanay;
bostik;401;1;PH-Tanay;PH-Tanay;
bostik;402;1;PH-Tanay;PH-Tanay;
bostik;404;1;US-Louisville;US-Louisville;
bostik;405;1;FR-Privas;FR-Privas;
bostik;406;1;UK-Stafford;UK-Stafford;
bostik;409;1;UK-Stafford;UK-Stafford;
bostik;410;1;UK-Stafford;UK-Stafford;
bostik;411;1;UK-Stafford;UK-Stafford;
bostik;412;1;UK-Stafford;UK-Stafford;
bostik;413;1;UK-Stafford;UK-Stafford;
bostik;414;1;UK-Stafford;UK-Stafford;
bostik;415;1;FR-Privas;FR-Privas;
bostik;416;1;NL-Roosendaal;NL-Roosendaal;
bostik;417;1;NL-Roosendaal;NL-Roosendaal;
bostik;418;1;NL-Roosendaal;NL-Roosendaal;
bostik;419;1;BEL-Nazareth;BEL-Nazareth;
bostik;420;1;BEL-Nazareth;BEL-Nazareth;
bostik;422;1;UK-Stafford;UK-Stafford;
bostik;423;1;MX-Naucalpan;MX-Naucalpan;
bostik;424;1;UK - Leicester;UK - Leicester;
bostik;426;1;US-Conyers;US-Conyers;
bostik;427;1;BEL-Nazareth;BEL-Nazareth;
bostik;429;1;BR-Araraquara;BR-Araraquara;
bostik;430;1;US - Dalton;US - Dalton;
bostik;431;1;US - Dalton;US - Dalton;
bostik;432;1;US - Dalton;US - Dalton;
bostik;433;1;US - Dalton;US - Dalton;
bostik;434;1;US - Dalton;US - Dalton;
bostik;435;1;US - Dalton;US - Dalton;
bostik;436;1;US - Dalton;US - Dalton;
bostik;437;1;US - Dalton;US - Dalton;
bostik;438;1;JPN-Nara;JPN-Nara;
bostik;439;1;US-Louisville;US-Louisville;
bostik;444;1;US-Louisville;US-Louisville;
bostik;445;1;US-Louisville;US-Louisville;
bostik;446;1;US-Louisville;US-Louisville;
bostik;447;1;US-Conyers;US-Conyers;
bostik;448;1;FR-Avelin;FR-Avelin;
bostik;450;1;FR-Privas;FR-Privas;
bostik;452;1;BEL-Nazareth;BEL-Nazareth;
bostik;453;1;BEL-Nazareth;BEL-Nazareth;
bostik;454;1;BEL-Nazareth;BEL-Nazareth;
bostik;455;1;BEL-Nazareth;BEL-Nazareth;
bostik;456;1;BEL-Nazareth;BEL-Nazareth;
bostik;457;1;UK-Stafford;UK-Stafford;
bostik;458;1;US-Middleton;US-Middleton;
bostik;459;1;US-Middleton;US-Middleton;
bostik;460;1;US - Dalton;US - Dalton;
bostik;463;1;RO - Buftea;RO - Buftea;
bostik;464;1;UK-Stafford;UK-Stafford;
bostik;465;1;CN-Shanghai;CN-Shanghai;
bostik;466;1;CN-Shanghai;CN-Shanghai;
bostik;467;1;CN-Shanghai;CN-Shanghai;
bostik;468;1;CN-Shanghai;CN-Shanghai;
bostik;469;1;CN-Shanghai;CN-Shanghai;
bostik;470;1;UK-Stafford;UK-Stafford;
bostik;471;1;US-Middleton;US-Middleton;
bostik;475;1;CN-Guangzhou;CN-Guangzhou;
bostik;476;1;CN-Guangzhou;CN-Guangzhou;
bostik;477;1;CN-Guangzhou;CN-Guangzhou;
bostik;478;1;CN-Guangzhou;CN-Guangzhou;
bostik;479;1;CN-Guangzhou;CN-Guangzhou;
bostik;480;1;CN-Guangzhou;CN-Guangzhou;
bostik;481;1;CN-Guangzhou;CN-Guangzhou;
bostik;482;1;CN-Guangzhou;CN-Guangzhou;
bostik;483;1;CN-Guangzhou;CN-Guangzhou;
bostik;484;1;CN-Guangzhou;CN-Guangzhou;
bostik;485;1;CN-Guangzhou;CN-Guangzhou;
bostik;486;1;CN-Guangzhou;CN-Guangzhou;
bostik;487;1;CN-Guangzhou;CN-Guangzhou;
bostik;488;1;CN-Guangzhou;CN-Guangzhou;
bostik;489;1;CN-Guangzhou;CN-Guangzhou;
bostik;490;1;CN-Guangzhou;CN-Guangzhou;
bostik;491;1;CN-Guangzhou;CN-Guangzhou;
bostik;492;1;CN-Guangzhou;CN-Guangzhou;
bostik;493;1;CN-Guangzhou;CN-Guangzhou;
bostik;494;1;CN-Guangzhou;CN-Guangzhou;
bostik;495;1;CN-Guangzhou;CN-Guangzhou;
bostik;496;1;CN-Guangzhou;CN-Guangzhou;
bostik;497;1;CN-Guangzhou;CN-Guangzhou;
bostik;498;1;CN-Guangzhou;CN-Guangzhou;
bostik;499;1;CN-Guangzhou;CN-Guangzhou;
bostik;500;1;CN-Guangzhou;CN-Guangzhou;
bostik;501;1;CN-Guangzhou;CN-Guangzhou;
bostik;502;1;CN-Guangzhou;CN-Guangzhou;
bostik;503;1;CN-Guangzhou;CN-Guangzhou;
bostik;504;1;CN-Guangzhou;CN-Guangzhou;
bostik;505;1;CN-Guangzhou;CN-Guangzhou;
bostik;506;1;CN-Guangzhou;CN-Guangzhou;
bostik;507;1;CN-Guangzhou;CN-Guangzhou;
bostik;508;1;CN-Guangzhou;CN-Guangzhou;
bostik;509;1;CN-Guangzhou;CN-Guangzhou;
bostik;510;1;CN-Guangzhou;CN-Guangzhou;
bostik;511;1;CN-Guangzhou;CN-Guangzhou;
bostik;512;1;CN-Guangzhou;CN-Guangzhou;
bostik;513;1;CN-Guangzhou;CN-Guangzhou;
bostik;514;1;CN-Guangzhou;CN-Guangzhou;
bostik;515;1;CN-Guangzhou;CN-Guangzhou;
bostik;516;1;CN-Guangzhou;CN-Guangzhou;
bostik;517;1;CN-Guangzhou;CN-Guangzhou;
bostik;518;1;CN-Guangzhou;CN-Guangzhou;
bostik;519;1;CN-Guangzhou;CN-Guangzhou;
bostik;521;1;EGY-Giza;EGY-Giza;
bostik;522;1;EGY-Giza;EGY-Giza;
bostik;523;1;EGY-Giza;EGY-Giza;
bostik;524;1;IR-Arklow;IR-Arklow;
bostik;525;1;IR-Arklow;IR-Arklow;
bostik;526;1;IR-Arklow;IR-Arklow;
bostik;527;1;IR-Arklow;IR-Arklow;
bostik;528;1;IR-Arklow;IR-Arklow;
bostik;529;1;IR-Arklow;IR-Arklow;
bostik;530;1;IR-Arklow;IR-Arklow;
bostik;531;1;IR-Arklow;IR-Arklow;
bostik;532;1;JPN-Nara;JPN-Nara;
bostik;533;1;MX-Nuevo Leon;MX-Nuevo Leon;
bostik;534;1;MX-Nuevo Leon;MX-Nuevo Leon;
bostik;535;1;MX-Nuevo Leon;MX-Nuevo Leon;
bostik;538;1;UK-Stafford;UK-Stafford;
bostik;539;0;;;no stations, no factory - needs a decision
bostik;540;1;FR-Privas;FR-Privas;
bostik;543;1;IR-Arklow;IR-Arklow;
bostik;544;1;BEL-Nazareth;BEL-Nazareth;
bostik;545;1;FR-Avelin;FR-Avelin;
bostik;546;1;FR-Avelin;FR-Avelin;
bostik;547;1;FR-Avelin;FR-Avelin;
bostik;548;1;PH-Tanay;PH-Tanay;
bostik;549;1;IR-Arklow;IR-Arklow;
bostik;550;1;IR-Arklow;IR-Arklow;
bostik;551;1;IR-Arklow;IR-Arklow;
bostik;552;1;UK-Stafford;UK-Stafford;
bostik;553;0;;;no stations, no factory - needs a decision
bostik;554;0;;;no stations, no factory - needs a decision
bostik;555;0;;;no stations, no factory - needs a decision
bostik;556;1;BR-Araraquara;BR-Araraquara;
bostik;558;1;MX-Nuevo Leon;MX-Nuevo Leon;
bostik;560;1;MX-Nuevo Leon;MX-Nuevo Leon;
bostik;561;1;US - Dalton;US - Dalton;
bostik;562;1;UK-Stafford;UK-Stafford;
bostik;563;1;UK-Stafford;UK-Stafford;
bostik;564;1;JPN-Nara;JPN-Nara;
bostik;565;1;FR-Privas;FR-Privas;
bostik;566;1;US-Conyers;US-Conyers;
bostik;567;1;FR-Avelin;FR-Avelin;
bostik;568;1;AU-Thomastown;AU-Thomastown;
bostik;569;1;AU-Thomastown;AU-Thomastown;
bostik;570;1;AU-Thomastown;AU-Thomastown;
bostik;571;1;AU-Thomastown;AU-Thomastown;
bostik;572;1;AU-Thomastown;AU-Thomastown;
bostik;573;1;AU-Thomastown;AU-Thomastown;
bostik;574;1;AU-Thomastown;AU-Thomastown;
bostik;575;1;AU-Thomastown;AU-Thomastown;
bostik;576;1;AU-Thomastown;AU-Thomastown;
bostik;577;1;AU-Thomastown;AU-Thomastown;
bostik;578;1;AU-Thomastown;AU-Thomastown;
bostik;579;1;FR-Avelin;FR-Avelin;
bostik;580;1;FR-Avelin;FR-Avelin;
bostik;581;1;FR-Avelin;FR-Avelin;
bostik;582;1;FR-Avelin;FR-Avelin;
bostik;583;1;FR-Avelin;FR-Avelin;
bostik;584;1;FR-Avelin;FR-Avelin;
bostik;585;1;FR-Avelin;FR-Avelin;
bostik;586;1;US-Middleton;US-Middleton;
bostik;587;1;US-Middleton;US-Middleton;
bostik;588;1;US-Middleton;US-Middleton;
bostik;589;1;US-Middleton;US-Middleton;
bostik;590;1;US-Middleton;US-Middleton;
bostik;591;1;US-Middleton;US-Middleton;
bostik;592;1;US-Middleton;US-Middleton;
bostik;593;1;FR-Avelin;FR-Avelin;
bostik;597;1;US-Middleton;US-Middleton;
bostik;598;1;US-Middleton;US-Middleton;
bostik;599;1;US-Middleton;US-Middleton;
bostik;600;1;US-Middleton;US-Middleton;
bostik;601;1;US-Middleton;US-Middleton;
bostik;602;1;US-Middleton;US-Middleton;
bostik;603;1;US-Middleton;US-Middleton;
bostik;604;1;US-Middleton;US-Middleton;
bostik;605;1;US-Middleton;US-Middleton;
bostik;606;1;US-Middleton;US-Middleton;
bostik;607;1;US-Middleton;US-Middleton;
bostik;608;1;US-Middleton;US-Middleton;
bostik;609;1;US-Middleton;US-Middleton;
bostik;610;1;US-Middleton;US-Middleton;
bostik;611;1;US-Middleton;US-Middleton;
bostik;612;1;US-Middleton;US-Middleton;
bostik;613;1;US-Middleton;US-Middleton;
bostik;614;1;US-Middleton;US-Middleton;
bostik;615;1;US-Middleton;US-Middleton;
bostik;616;1;FR-Avelin;FR-Avelin;
bostik;617;1;US-Louisville;US-Louisville;
bostik;618;1;US-Louisville;US-Louisville;
bostik;619;1;US-Louisville;US-Louisville;
bostik;620;1;US-Louisville;US-Louisville;
bostik;621;1;US-Louisville;US-Louisville;
bostik;622;1;US-Louisville;US-Louisville;
bostik;623;1;US-Louisville;US-Louisville;
bostik;624;1;US-Louisville;US-Louisville;
bostik;625;1;US-Louisville;US-Louisville;
bostik;626;1;US-Louisville;US-Louisville;
bostik;627;1;US-Louisville;US-Louisville;
bostik;628;1;MX-Nuevo Leon;MX-Nuevo Leon;
bostik;629;1;AU-Thomastown;AU-Thomastown;
bostik;630;1;FR-Privas;FR-Privas;
bostik;631;1;UK-Stafford;UK-Stafford;
bostik;632;1;UK-Stafford;UK-Stafford;
bostik;633;1;UK-Stafford;UK-Stafford;
bostik;635;1;UK-Stafford;UK-Stafford;
bostik;636;1;UK-Stafford;UK-Stafford;
bostik;638;1;PH-Tanay;PH-Tanay;
bostik;639;1;FR-Privas;FR-Privas;
bostik;640;1;PH-Tanay;PH-Tanay;
bostik;646;1;PH-Tanay;PH-Tanay;
bostik;647;1;PH-Tanay;PH-Tanay;
bostik;651;1;PH-Tanay;PH-Tanay;
bostik;652;1;PH-Tanay;PH-Tanay;
bostik;653;1;PH-Tanay;PH-Tanay;
bostik;654;1;UK - Leicester;UK - Leicester;
bostik;657;1;PH-Tanay;PH-Tanay;
bostik;658;1;UK - Leicester;UK - Leicester;
bostik;659;1;PH-Tanay;PH-Tanay;
bostik;660;1;PH-Tanay;PH-Tanay;
bostik;662;1;UK-Stafford;UK-Stafford;
bostik;663;1;UK-Stafford;UK-Stafford;
bostik;664;1;UK-Stafford;UK-Stafford;
bostik;665;1;AU-Kings Park;AU-Kings Park;
bostik;666;1;MX-Nuevo Leon;MX-Nuevo Leon;
bostik;667;1;MX-Nuevo Leon;MX-Nuevo Leon;
bostik;668;1;US-Conyers;US-Conyers;
bostik;669;1;PH-Tanay;PH-Tanay;
bostik;670;1;PH-Tanay;PH-Tanay;
bostik;671;1;PH-Tanay;PH-Tanay;
bostik;672;1;PH-Tanay;PH-Tanay;
bostik;673;1;PH-Tanay;PH-Tanay;
bostik;674;1;US-Conyers;US-Conyers;
bostik;675;1;US - Dalton;US - Dalton;
bostik;676;1;US-Middleton;US-Middleton;
bostik;678;1;UK-Stafford;UK-Stafford;
bostik;679;1;US-Middleton;US-Middleton;
bostik;680;1;ZA-Cape Town;ZA-Cape Town;
bostik;681;1;IN-Gujarat;IN-Gujarat;
bostik;682;1;IN-Gujarat;IN-Gujarat;
bostik;683;1;IN-Gujarat;IN-Gujarat;
bostik;684;1;IN-Gujarat;IN-Gujarat;
bostik;685;1;IN-Gujarat;IN-Gujarat;
bostik;686;1;IN-Gujarat;IN-Gujarat;
bostik;687;1;PH-Tanay;PH-Tanay;
oerzen;1;1;Default;Default;
oerzen;2;1;Default;Default;
albane;2;1;Albane;Albane;
albane;3;1;Albane;Albane;
albane;4;1;Albane;Albane;
albane;5;1;Albane;Albane;
albane;6;1;Albane;Albane;
albane;8;1;Albane;Albane;
albane;9;1;Albane;Albane;
albane;10;1;Albane;Albane;
albane;11;1;Albane;Albane;
albane;12;1;Albane;Albane;
albane;13;1;Albane;Albane;
albane;14;1;Albane;Albane;
albane;15;1;Albane;Albane;
albane;16;1;Albane;Albane;
albane;18;1;Albane;Albane;
albane;19;1;Albane;Albane;
albane;20;1;Albane;Albane;
albane;21;1;Albane;Albane;
albane;22;1;Albane;Albane;
albane;23;1;Albane;Albane;
albane;24;1;Albane;Albane;
albane;25;1;Albane;Albane;
albane;26;1;Albane;Albane;
albane;27;1;Albane;Albane;
albane;28;1;Albane;Albane;
albane;29;1;Albane;Albane;
albane;30;1;Albane;Albane;
albane;32;1;Albane;Albane;
albane;33;1;Albane;Albane;
albane;34;1;Albane;Albane;
albane;35;1;Albane;Albane;
albane;36;1;Albane;Albane;
albane;37;1;Albane;Albane;
albane;38;1;Albane;Albane;
albane;40;1;Albane;Albane;
albane;41;1;Albane;Albane;
albane;42;1;Albane;Albane;
albane;43;1;Albane;Albane;
albane;44;1;Albane;Albane;
albane;45;1;Albane;Albane;
albane;46;1;Albane;Albane;
albane;47;1;Albane;Albane;
albane;48;1;Albane;Albane;
albane;49;1;Albane;Albane;
albane;50;1;Albane;Albane;
albane;51;1;Albane;Albane;
albane;52;1;Albane;Albane;
albane;53;1;Albane;Albane;
albane;54;1;Albane;Albane;
albane;55;1;Albane;Albane;
albane;56;1;Albane;Albane;
albane;57;1;Albane;Albane;
albane;58;1;Albane;Albane;
albane;59;1;Albane;Albane;
albane;60;1;Albane;Albane;
albane;61;1;Albane;Albane;
albane;62;1;Albane;Albane;
albane;63;1;Albane;Albane;
albane;66;1;Albane;Albane;
albane;67;1;Albane;Albane;
albane;68;1;Albane;Albane;
albane;69;1;Albane;Albane;
albane;70;1;Albane;Albane;
albane;71;1;Albane;Albane;
albane;72;1;Albane;Albane;
albane;73;1;Albane;Albane;
albane;74;1;Albane;Albane;
albane;75;1;Albane;Albane;
albane;76;1;Albane;Albane;
albane;77;1;Albane;Albane;
albane;78;1;Albane;Albane;
albane;79;1;Albane;Albane;
albane;80;1;Albane;Albane;
albane;81;1;Albane;Albane;
albane;82;1;Albane;Albane;
albane;83;1;Albane;Albane;
albane;84;1;Albane;Albane;
albane;85;1;Albane;Albane;
albane;86;1;Albane;Albane;
albane;87;1;Albane;Albane;
albane;88;1;Albane;Albane;
verdevalle;4;2;Gamma, Vallarta;Gamma, Vallarta;multi-factory
verdevalle;5;2;Gamma, Vallarta;Gamma, Vallarta;multi-factory
verdevalle;6;2;Gamma, Vallarta;Gamma, Vallarta;multi-factory
verdevalle;7;2;Gamma, Vallarta;Gamma, Vallarta;multi-factory
verdevalle;12;2;Gamma, Vallarta;Gamma, Vallarta;multi-factory
verdevalle;13;2;Gamma, Vallarta;Gamma, Vallarta;multi-factory
verdevalle;14;2;Gamma, Vallarta;Gamma, Vallarta;multi-factory
verdevalle;15;2;Gamma, Vallarta;Gamma, Vallarta;multi-factory
verdevalle;16;2;Gamma, Vallarta;Gamma, Vallarta;multi-factory
verdevalle;17;2;Gamma, Vallarta;Gamma, Vallarta;multi-factory
verdevalle;18;2;Gamma, Vallarta;Gamma, Vallarta;multi-factory
verdevalle;19;2;Gamma, Vallarta;Gamma, Vallarta;multi-factory
verdevalle;20;2;Gamma, Vallarta;Gamma, Vallarta;multi-factory
verdevalle;21;2;Gamma, Vallarta;Gamma, Vallarta;multi-factory
verdevalle;22;2;Gamma, Vallarta;Gamma, Vallarta;multi-factory
verdevalle;23;2;Gamma, Vallarta;Gamma, Vallarta;multi-factory
verdevalle;24;2;Gamma, Vallarta;Gamma, Vallarta;multi-factory
verdevalle;25;2;Gamma, Vallarta;Gamma, Vallarta;multi-factory
verdevalle;26;2;Gamma, Vallarta;Gamma, Vallarta;multi-factory
verdevalle;27;2;Gamma, Vallarta;Gamma, Vallarta;multi-factory
verdevalle;28;2;Gamma, Vallarta;Gamma, Vallarta;multi-factory
verdevalle;29;2;Gamma, Vallarta;Gamma, Vallarta;multi-factory
verdevalle;30;2;Gamma, Vallarta;Gamma, Vallarta;multi-factory
verdevalle;31;2;Gamma, Vallarta;Gamma, Vallarta;multi-factory
verdevalle;32;2;Gamma, Vallarta;Gamma, Vallarta;multi-factory
verdevalle;33;2;Gamma, Vallarta;Gamma, Vallarta;multi-factory
verdevalle;34;2;Gamma, Vallarta;Gamma, Vallarta;multi-factory
verdevalle;35;2;Gamma, Vallarta;Gamma, Vallarta;multi-factory
verdevalle;36;2;Gamma, Vallarta;Gamma, Vallarta;multi-factory
verdevalle;37;2;Gamma, Vallarta;Gamma, Vallarta;multi-factory
verdevalle;38;2;Gamma, Vallarta;Gamma, Vallarta;multi-factory
verdevalle;39;2;Gamma, Vallarta;Gamma, Vallarta;multi-factory
verdevalle;40;2;Gamma, Vallarta;Gamma, Vallarta;multi-factory
verdevalle;41;2;Gamma, Vallarta;Gamma, Vallarta;multi-factory
verdevalle;42;2;Gamma, Vallarta;Gamma, Vallarta;multi-factory
verdevalle;43;2;Gamma, Vallarta;Gamma, Vallarta;multi-factory
verdevalle;44;2;Gamma, Vallarta;Gamma, Vallarta;multi-factory
verdevalle;45;2;Gamma, Vallarta;Gamma, Vallarta;multi-factory
verdevalle;46;2;Gamma, Vallarta;Gamma, Vallarta;multi-factory
verdevalle;47;2;Gamma, Vallarta;Gamma, Vallarta;multi-factory
verdevalle;49;2;Gamma, Vallarta;Gamma, Vallarta;multi-factory
verdevalle;50;2;Gamma, Vallarta;Gamma, Vallarta;multi-factory
verdevalle;51;2;Gamma, Vallarta;Gamma, Vallarta;multi-factory
verdevalle;52;2;Gamma, Vallarta;Gamma, Vallarta;multi-factory
verdevalle;53;2;Gamma, Vallarta;Gamma, Vallarta;multi-factory
verdevalle;54;2;Gamma, Vallarta;Gamma, Vallarta;multi-factory
verdevalle;55;1;Gamma;Gamma;
verdevalle;56;1;Gamma;Gamma;
verdevalle;57;1;Gamma;Gamma;
verdevalle;58;1;Gamma;Gamma;
verdevalle;59;1;Gamma;Gamma;
verdevalle;60;1;Gamma;Gamma;
verdevalle;61;1;Gamma;Gamma;
verdevalle;62;1;Gamma;Gamma;
verdevalle;63;1;Gamma;Gamma;
verdevalle;64;1;Gamma;Gamma;
verdevalle;65;1;Gamma;Gamma;
verdevalle;66;1;Gamma;Gamma;
verdevalle;67;1;Gamma;Gamma;
verdevalle;68;1;Gamma;Gamma;
verdevalle;69;1;Gamma;Gamma;
verdevalle;70;1;Gamma;Gamma;
verdevalle;71;1;Gamma;Gamma;
verdevalle;72;1;Gamma;Gamma;
verdevalle;73;1;Gamma;Gamma;
verdevalle;74;1;Gamma;Gamma;
verdevalle;75;1;Gamma;Gamma;
verdevalle;76;1;Gamma;Gamma;
verdevalle;77;1;Gamma;Gamma;
verdevalle;78;1;Gamma;Gamma;
verdevalle;79;1;Gamma;Gamma;
verdevalle;80;1;Gamma;Gamma;
verdevalle;81;1;Gamma;Gamma;
verdevalle;82;1;Gamma;Gamma;
verdevalle;83;1;Gamma;Gamma;
gefsinus;1;1;KRYONERI;KRYONERI;
gefsinus;2;1;KRYONERI;KRYONERI;
gefsinus;3;1;KRYONERI;KRYONERI;
gefsinus;4;1;KRYONERI;KRYONERI;
gefsinus;10;1;KRYONERI;KRYONERI;
gefsinus;11;1;KRYONERI;KRYONERI;
gefsinus;12;1;SALONICA;SALONICA;
gefsinus;13;1;SALONICA;SALONICA;
gefsinus;14;1;SALONICA;SALONICA;
actia;2;1;France;France;
actia;3;1;France;France;
actia;4;1;France;France;
actia;5;1;France;France;
actia;6;1;France;France;
actia;7;1;France;France;
actia;8;1;France;France;
actia;9;1;France;France;
actia;10;1;CIPI ACTIA;CIPI ACTIA;
actia;11;1;CIPI ACTIA;CIPI ACTIA;
actia;12;1;CIPI ACTIA;CIPI ACTIA;
actia;13;1;CIPI ACTIA;CIPI ACTIA;
actia;14;1;CIPI ACTIA;CIPI ACTIA;
actia;15;1;CIPI ACTIA;CIPI ACTIA;
actia;16;1;CIPI ACTIA;CIPI ACTIA;
actia;17;1;CIPI ACTIA;CIPI ACTIA;
actia;18;1;CIPI ACTIA;CIPI ACTIA;
actia;19;1;CIPI ACTIA;CIPI ACTIA;
actia;20;1;CIPI ACTIA;CIPI ACTIA;
actia;21;1;CIPI ACTIA;CIPI ACTIA;
actia;22;1;CIPI ACTIA;CIPI ACTIA;
actia;23;1;CIPI ACTIA;CIPI ACTIA;
actia;24;1;CIPI ACTIA;CIPI ACTIA;
actia;25;1;CIPI ACTIA;CIPI ACTIA;
actia;26;1;CIPI ACTIA;CIPI ACTIA;
actia;27;1;CIPI ACTIA;CIPI ACTIA;
actia;28;1;CIPI ACTIA;CIPI ACTIA;
actia;29;1;CIPI ACTIA;CIPI ACTIA;
actia;30;1;CIPI ACTIA;CIPI ACTIA;
actia;31;1;CIPI ACTIA;CIPI ACTIA;
actia;32;1;CIPI ACTIA;CIPI ACTIA;
actia;33;1;CIPI ACTIA;CIPI ACTIA;
actia;34;1;CIPI ACTIA;CIPI ACTIA;
actia;35;1;CIPI ACTIA;CIPI ACTIA;
actia;36;1;CIPI ACTIA;CIPI ACTIA;
actia;37;1;CIPI ACTIA;CIPI ACTIA;
actia;38;1;CIPI ACTIA;CIPI ACTIA;
actia;39;1;CIPI ACTIA;CIPI ACTIA;
actia;40;1;CIPI ACTIA;CIPI ACTIA;
actia;41;1;CIPI ACTIA;CIPI ACTIA;
actia;42;1;CIPI ACTIA;CIPI ACTIA;
actia;43;1;CIPI ACTIA;CIPI ACTIA;
actia;44;1;CIPI ACTIA;CIPI ACTIA;
actia;45;1;CIPI ACTIA;CIPI ACTIA;
actia;46;1;CIPI ACTIA;CIPI ACTIA;
actia;47;1;CIPI ACTIA;CIPI ACTIA;
actia;48;1;CIPI ACTIA;CIPI ACTIA;
actia;49;1;CIPI ACTIA;CIPI ACTIA;
actia;50;1;CIPI ACTIA;CIPI ACTIA;
actia;51;1;CIPI ACTIA;CIPI ACTIA;
actia;52;1;CIPI ACTIA;CIPI ACTIA;
actia;53;1;CIPI ACTIA;CIPI ACTIA;
actia;54;1;CIPI ACTIA;CIPI ACTIA;
actia;55;1;CIPI ACTIA;CIPI ACTIA;
actia;56;1;CIPI ACTIA;CIPI ACTIA;
actia;57;1;CIPI ACTIA;CIPI ACTIA;
actia;58;1;CIPI ACTIA;CIPI ACTIA;
actia;59;1;CIPI ACTIA;CIPI ACTIA;
actia;60;1;CIPI ACTIA;CIPI ACTIA;
actia;61;1;CIPI ACTIA;CIPI ACTIA;
actia;62;1;CIPI ACTIA;CIPI ACTIA;
actia;63;1;CIPI ACTIA;CIPI ACTIA;
actia;64;1;CIPI ACTIA;CIPI ACTIA;
actia;65;1;CIPI ACTIA;CIPI ACTIA;
actia;66;1;CIPI ACTIA;CIPI ACTIA;
actia;67;1;CIPI ACTIA;CIPI ACTIA;
actia;68;1;CIPI ACTIA;CIPI ACTIA;
actia;69;1;CIPI ACTIA;CIPI ACTIA;
actia;70;1;CIPI ACTIA;CIPI ACTIA;
actia;71;1;CIPI ACTIA;CIPI ACTIA;
actia;72;1;CIPI ACTIA;CIPI ACTIA;
actia;73;1;CIPI ACTIA;CIPI ACTIA;
actia;74;1;CIPI ACTIA;CIPI ACTIA;
actia;75;1;CIPI ACTIA;CIPI ACTIA;
actia;76;1;CIPI ACTIA;CIPI ACTIA;
actia;77;1;CIPI ACTIA;CIPI ACTIA;
actia;78;1;CIPI ACTIA;CIPI ACTIA;
actia;79;1;CIPI ACTIA;CIPI ACTIA;
actia;80;1;CIPI ACTIA;CIPI ACTIA;
actia;81;1;CIPI ACTIA;CIPI ACTIA;
actia;82;1;France;France;
actia;83;1;CIPI ACTIA;CIPI ACTIA;
actia;84;1;CIPI ACTIA;CIPI ACTIA;
actia;85;1;CIPI ACTIA;CIPI ACTIA;
actia;87;1;CIPI ACTIA;CIPI ACTIA;
actia;88;1;CIPI ACTIA;CIPI ACTIA;
actia;89;1;CIPI ACTIA;CIPI ACTIA;
actia;90;1;CIPI ACTIA;CIPI ACTIA;
actia;91;1;CIPI ACTIA;CIPI ACTIA;
actia;92;1;CIPI ACTIA;CIPI ACTIA;
actia;93;1;CIPI ACTIA;CIPI ACTIA;
actia;94;1;CIPI ACTIA;CIPI ACTIA;
actia;95;1;CIPI ACTIA;CIPI ACTIA;
actia;96;1;CIPI ACTIA;CIPI ACTIA;
actia;97;1;CIPI ACTIA;CIPI ACTIA;
actia;98;1;CIPI ACTIA;CIPI ACTIA;
woodlandni;1;1;Woodland NI;Woodland NI;
woodlandni;2;1;Woodland NI;Woodland NI;
woodlandni;3;1;Woodland NI;Woodland NI;
woodlandni;4;1;Woodland NI;Woodland NI;
woodlandni;5;1;Woodland NI;Woodland NI;
woodlandni;6;1;Woodland NI;Woodland NI;
woodlandni;9;1;Woodland NI;Woodland NI;
woodlandni;10;1;Woodland NI;Woodland NI;
woodlandni;11;1;Woodland NI;Woodland NI;
woodlandni;12;1;Woodland NI;Woodland NI;
woodlandni;13;1;Woodland NI;Woodland NI;
woodlandni;14;1;Woodland NI;Woodland NI;
woodlandni;15;0;;;no stations, no factory - needs a decision
woodlandni;16;0;;;no stations, no factory - needs a decision
woodlandni;17;0;;;no stations, no factory - needs a decision
woodlandni;18;0;;;no stations, no factory - needs a decision
woodlandni;19;0;;;no stations, no factory - needs a decision
woodlandni;20;0;;;no stations, no factory - needs a decision
woodlandni;21;1;Woodland NI;Woodland NI;
woodlandni;23;1;Woodland NI;Woodland NI;
woodlandni;24;1;Woodland NI;Woodland NI;
woodlandni;25;1;Woodland NI;Woodland NI;
woodlandni;26;1;Woodland NI;Woodland NI;
woodlandni;27;1;Woodland NI;Woodland NI;
taylors;4;1;Default;Default;
taylors;6;1;Default;Default;
taylors;8;1;Default;Default;
taylors;10;1;Default;Default;
taylors;11;1;Default;Default;
taylors;12;1;Default;Default;
taylors;13;1;Default;Default;
taylors;18;1;Default;Default;
taylors;19;1;Default;Default;
taylors;27;1;Default;Default;
taylors;30;1;Default;Default;
taylors;31;1;Default;Default;
taylors;32;1;Default;Default;
taylors;34;1;Default;Default;
taylors;35;1;Default;Default;
taylors;36;1;Default;Default;
taylors;37;1;Default;Default;
sarten;1;1;Sarten;Sarten;
sarten;2;1;Sarten;Sarten;
sarten;3;1;Sarten;Sarten;
sarten;4;1;Sarten;Sarten;
sarten;5;1;Sarten;Sarten;
sarten;6;1;Sarten;Sarten;
sarten;7;1;Sarten;Sarten;
sarten;8;1;Sarten;Sarten;
sarten;9;1;Sarten;Sarten;
sarten;10;1;Sarten;Sarten;
sarten;11;1;Sarten;Sarten;
sarten;12;1;Sarten;Sarten;
desipak;1;1;San Gimignano;San Gimignano;
fanasa;1;1;Santa Catarina;Santa Catarina;
fanasa;2;1;Santa Catarina;Santa Catarina;
fanasa;3;1;Santa Catarina;Santa Catarina;
fanasa;4;1;Santa Catarina;Santa Catarina;
fanasa;5;1;Santa Catarina;Santa Catarina;
fanasa;6;1;Santa Catarina;Santa Catarina;
fanasa;7;1;Santa Catarina;Santa Catarina;
fanasa;8;1;Santa Catarina;Santa Catarina;
fanasa;9;1;Santa Catarina;Santa Catarina;
fanasa;10;1;Santa Catarina;Santa Catarina;
fanasa;11;1;Santa Catarina;Santa Catarina;
fanasa;12;1;Santa Catarina;Santa Catarina;
fanasa;13;1;Santa Catarina;Santa Catarina;
fanasa;14;1;Santa Catarina;Santa Catarina;
fanasa;15;1;Santa Catarina;Santa Catarina;
fanasa;16;2;Santa Catarina, Zapatas;Santa Catarina, Zapatas;multi-factory
fanasa;17;1;Santa Catarina;Santa Catarina;
fanasa;18;1;Santa Catarina;Santa Catarina;
fanasa;19;1;Santa Catarina;Santa Catarina;
fanasa;20;1;Santa Catarina;Santa Catarina;
fanasa;21;1;Santa Catarina;Santa Catarina;
fanasa;22;1;Santa Catarina;Santa Catarina;
fanasa;23;1;Santa Catarina;Santa Catarina;
fanasa;24;1;Santa Catarina;Santa Catarina;
fanasa;26;1;Santa Catarina;Santa Catarina;
fanasa;27;1;Santa Catarina;Santa Catarina;
fanasa;28;1;Santa Catarina;Santa Catarina;
fanasa;29;1;Santa Catarina;Santa Catarina;
fanasa;30;1;Santa Catarina;Santa Catarina;
fanasa;31;1;Santa Catarina;Santa Catarina;
fanasa;32;1;Santa Catarina;Santa Catarina;
fanasa;33;1;Zapatas;Zapatas;
fanasa;34;1;Santa Catarina;Santa Catarina;
fanasa;35;1;Santa Catarina;Santa Catarina;
fanasa;36;1;Santa Catarina;Santa Catarina;
fanasa;37;1;Santa Catarina;Santa Catarina;
fanasa;38;1;Santa Catarina;Santa Catarina;
fanasa;39;1;Santa Catarina;Santa Catarina;
fanasa;40;1;Santa Catarina;Santa Catarina;
fanasa;41;1;Santa Catarina;Santa Catarina;
fanasa;42;1;Santa Catarina;Santa Catarina;
fanasa;43;1;Santa Catarina;Santa Catarina;
fanasa;47;1;Santa Catarina;Santa Catarina;
fanasa;48;1;Santa Catarina;Santa Catarina;
fanasa;49;1;Santa Catarina;Santa Catarina;
fanasa;50;1;Santa Catarina;Santa Catarina;
fanasa;53;1;Zapatas;Zapatas;
fanasa;55;1;Zapatas;Zapatas;
fanasa;56;1;Zapatas;Zapatas;
fanasa;57;1;Zapatas;Zapatas;
fanasa;58;1;Zapatas;Zapatas;
fanasa;62;1;San Nicolas;San Nicolas;
fanasa;64;1;San Nicolas;San Nicolas;
fanasa;65;1;San Nicolas;San Nicolas;
fanasa;66;1;San Nicolas;San Nicolas;
fanasa;67;1;San Nicolas;San Nicolas;
fanasa;71;1;Santa Catarina;Santa Catarina;
fanasa;72;1;Santa Catarina;Santa Catarina;
fanasa;73;1;Santa Catarina;Santa Catarina;
fanasa;74;1;Santa Catarina;Santa Catarina;
fanasa;75;1;Santa Catarina;Santa Catarina;
fanasa;76;1;Santa Catarina;Santa Catarina;
fanasa;77;1;Santa Catarina;Santa Catarina;
fanasa;78;1;Santa Catarina;Santa Catarina;
fanasa;79;1;Santa Catarina;Santa Catarina;
fanasa;80;1;Santa Catarina;Santa Catarina;
fanasa;81;1;Santa Catarina;Santa Catarina;
fanasa;82;1;Santa Catarina;Santa Catarina;
fanasa;83;1;Santa Catarina;Santa Catarina;
fanasa;84;1;Santa Catarina;Santa Catarina;
fanasa;85;1;Santa Catarina;Santa Catarina;
fanasa;86;1;Santa Catarina;Santa Catarina;
fanasa;87;1;Santa Catarina;Santa Catarina;
fanasa;88;1;Santa Catarina;Santa Catarina;
fanasa;89;1;Santa Catarina;Santa Catarina;
fanasa;90;1;Santa Catarina;Santa Catarina;
fanasa;91;1;Santa Catarina;Santa Catarina;
fanasa;92;1;Santa Catarina;Santa Catarina;
fanasa;93;1;Santa Catarina;Santa Catarina;
fanasa;94;1;Santa Catarina;Santa Catarina;
fanasa;95;1;Santa Catarina;Santa Catarina;
fanasa;96;1;Santa Catarina;Santa Catarina;
fanasa;97;1;Santa Catarina;Santa Catarina;
fanasa;98;1;Querétaro;Querétaro;
fanasa;102;1;Querétaro;Querétaro;
fanasa;104;1;Querétaro;Querétaro;
fanasa;108;1;Querétaro;Querétaro;
fanasa;109;1;Querétaro;Querétaro;
fanasa;114;1;Querétaro;Querétaro;
fanasa;118;1;Querétaro;Querétaro;
fanasa;120;1;San Nicolas;San Nicolas;
fanasa;126;1;Querétaro;Querétaro;
fanasa;129;1;Querétaro;Querétaro;
fanasa;130;1;Querétaro;Querétaro;
fanasa;137;1;Querétaro;Querétaro;
fanasa;138;1;Querétaro;Querétaro;
fanasa;140;1;Querétaro;Querétaro;
fanasa;144;2;Querétaro, Santa Catarina;Querétaro, Santa Catarina;multi-factory
fanasa;145;1;Querétaro;Querétaro;
fanasa;146;1;Querétaro;Querétaro;
fanasa;147;1;Querétaro;Querétaro;
fanasa;149;1;Querétaro;Querétaro;
fanasa;151;1;Querétaro;Querétaro;
fanasa;152;1;Querétaro;Querétaro;
fanasa;153;1;Santa Catarina;Santa Catarina;
fanasa;154;1;Santa Catarina;Santa Catarina;
fanasa;155;1;Santa Catarina;Santa Catarina;
fanasa;157;1;Santa Catarina;Santa Catarina;
fanasa;158;1;Santa Catarina;Santa Catarina;
fanasa;159;1;Santa Catarina;Santa Catarina;
fanasa;160;1;Santa Catarina;Santa Catarina;
fanasa;161;1;Santa Catarina;Santa Catarina;
fanasa;162;1;Santa Catarina;Santa Catarina;
fanasa;163;1;Santa Catarina;Santa Catarina;
fanasa;164;1;Santa Catarina;Santa Catarina;
fanasa;167;1;Santa Catarina;Santa Catarina;
fanasa;168;1;Santa Catarina;Santa Catarina;
fanasa;169;1;Santa Catarina;Santa Catarina;
fanasa;170;1;Santa Catarina;Santa Catarina;
fanasa;171;1;Santa Catarina;Santa Catarina;
fanasa;172;1;Santa Catarina;Santa Catarina;
fanasa;173;1;Santa Catarina;Santa Catarina;
fanasa;176;1;Zapatas;Zapatas;
fanasa;182;1;San Nicolas;San Nicolas;
fanasa;183;1;San Nicolas;San Nicolas;
fanasa;185;1;San Nicolas;San Nicolas;
fanasa;186;1;San Nicolas;San Nicolas;
fanasa;191;1;Querétaro;Querétaro;
fanasa;193;1;Querétaro;Querétaro;
fanasa;203;1;Querétaro;Querétaro;
fanasa;204;1;Querétaro;Querétaro;
fanasa;207;1;Querétaro;Querétaro;
fanasa;209;1;Zapatas;Zapatas;
fanasa;210;1;Zapatas;Zapatas;
fanasa;217;1;Zapatas;Zapatas;
fanasa;218;1;Santa Catarina;Santa Catarina;
fanasa;219;1;Santa Catarina;Santa Catarina;
fanasa;220;1;Santa Catarina;Santa Catarina;
fanasa;221;1;Santa Catarina;Santa Catarina;
fanasa;222;1;Santa Catarina;Santa Catarina;
fanasa;223;1;Santa Catarina;Santa Catarina;
fanasa;224;1;Santa Catarina;Santa Catarina;
fanasa;225;1;Santa Catarina;Santa Catarina;
fanasa;226;2;Santa Catarina, Zapatas;Santa Catarina, Zapatas;multi-factory
fanasa;227;1;Santa Catarina;Santa Catarina;
fanasa;229;1;Santa Catarina;Santa Catarina;
fanasa;230;1;Santa Catarina;Santa Catarina;
fanasa;231;1;Santa Catarina;Santa Catarina;
fanasa;233;1;Santa Catarina;Santa Catarina;
fanasa;237;1;San Nicolas;San Nicolas;
fanasa;239;1;San Nicolas;San Nicolas;
fanasa;243;1;San Nicolas;San Nicolas;
fanasa;245;1;San Nicolas;San Nicolas;
fanasa;247;1;Zapatas;Zapatas;
fanasa;248;1;Santa Catarina;Santa Catarina;
fanasa;249;1;Santa Catarina;Santa Catarina;
fanasa;251;1;Santa Catarina;Santa Catarina;
fanasa;253;1;Santa Catarina;Santa Catarina;
fanasa;255;1;Santa Catarina;Santa Catarina;
fanasa;259;1;Santa Catarina;Santa Catarina;
fanasa;260;1;Santa Catarina;Santa Catarina;
fanasa;262;1;Santa Catarina;Santa Catarina;
fanasa;264;1;Querétaro;Querétaro;
fanasa;265;1;Querétaro;Querétaro;
fanasa;272;1;Querétaro;Querétaro;
fanasa;276;1;Santa Catarina;Santa Catarina;
fanasa;277;1;Santa Catarina;Santa Catarina;
fanasa;278;1;Santa Catarina;Santa Catarina;
fanasa;279;1;Santa Catarina;Santa Catarina;
fanasa;281;1;Santa Catarina;Santa Catarina;
fanasa;282;1;Santa Catarina;Santa Catarina;
fanasa;283;1;Santa Catarina;Santa Catarina;
fanasa;284;1;Santa Catarina;Santa Catarina;
fanasa;287;1;Querétaro;Querétaro;
fanasa;289;1;Querétaro;Querétaro;
fanasa;292;1;Santa Catarina;Santa Catarina;
fanasa;296;1;Santa Catarina;Santa Catarina;
fanasa;297;1;Santa Catarina;Santa Catarina;
fanasa;300;1;Zapatas;Zapatas;
fanasa;302;1;Zapatas;Zapatas;
fanasa;307;1;San Nicolas;San Nicolas;
fanasa;321;1;Querétaro;Querétaro;
fanasa;324;1;Zapatas;Zapatas;
fanasa;325;1;Zapatas;Zapatas;
fanasa;329;1;Querétaro;Querétaro;
fanasa;334;1;San Nicolas;San Nicolas;
fanasa;336;1;San Nicolas;San Nicolas;
fanasa;343;1;Zapatas;Zapatas;
fanasa;346;1;Zapatas;Zapatas;
fanasa;347;1;Zapatas;Zapatas;
fanasa;348;1;Zapatas;Zapatas;
fanasa;354;1;Zapatas;Zapatas;
fanasa;355;1;Zapatas;Zapatas;
fanasa;356;1;Zapatas;Zapatas;
fanasa;362;1;Santa Catarina;Santa Catarina;
fanasa;363;1;Santa Catarina;Santa Catarina;
fanasa;364;1;Santa Catarina;Santa Catarina;
fanasa;369;1;Zapatas;Zapatas;
fanasa;372;1;Zapatas;Zapatas;
fanasa;375;1;San Nicolas;San Nicolas;
fanasa;376;1;San Nicolas;San Nicolas;
fanasa;377;1;San Nicolas;San Nicolas;
fanasa;378;1;San Nicolas;San Nicolas;
fanasa;379;1;San Nicolas;San Nicolas;
fanasa;387;1;Querétaro;Querétaro;
fanasa;389;1;Querétaro;Querétaro;
fanasa;391;1;Querétaro;Querétaro;
fanasa;392;1;San Nicolas;San Nicolas;
fanasa;393;1;San Nicolas;San Nicolas;
fanasa;394;1;San Nicolas;San Nicolas;
fanasa;395;1;Santa Catarina;Santa Catarina;
fanasa;396;1;Santa Catarina;Santa Catarina;
fanasa;397;1;Santa Catarina;Santa Catarina;
fanasa;398;1;Santa Catarina;Santa Catarina;
fanasa;403;1;Santa Catarina;Santa Catarina;
fanasa;404;1;Santa Catarina;Santa Catarina;
fanasa;405;1;Santa Catarina;Santa Catarina;
fanasa;406;1;Santa Catarina;Santa Catarina;
fanasa;407;1;Santa Catarina;Santa Catarina;
fanasa;408;1;Santa Catarina;Santa Catarina;
fanasa;409;1;Santa Catarina;Santa Catarina;
fanasa;410;1;Santa Catarina;Santa Catarina;
fanasa;411;1;Santa Catarina;Santa Catarina;
fanasa;412;1;Santa Catarina;Santa Catarina;
fanasa;413;1;Santa Catarina;Santa Catarina;
fanasa;414;1;Santa Catarina;Santa Catarina;
fanasa;415;1;Santa Catarina;Santa Catarina;
fanasa;416;1;Santa Catarina;Santa Catarina;
fanasa;417;1;Santa Catarina;Santa Catarina;
fanasa;418;1;Santa Catarina;Santa Catarina;
fanasa;419;1;Santa Catarina;Santa Catarina;
fanasa;420;1;Santa Catarina;Santa Catarina;
fanasa;421;1;Santa Catarina;Santa Catarina;
fanasa;422;1;Santa Catarina;Santa Catarina;
fanasa;423;1;Santa Catarina;Santa Catarina;
fanasa;424;1;Santa Catarina;Santa Catarina;
fanasa;425;1;Santa Catarina;Santa Catarina;
fanasa;426;1;Santa Catarina;Santa Catarina;
fanasa;427;1;Santa Catarina;Santa Catarina;
fanasa;428;1;Santa Catarina;Santa Catarina;
fanasa;429;1;Santa Catarina;Santa Catarina;
fanasa;430;1;Santa Catarina;Santa Catarina;
tvilum;2;1;VEST PRODUCTION;VEST PRODUCTION;
tvilum;3;1;VEST PRODUCTION;VEST PRODUCTION;
tvilum;4;1;VEST PRODUCTION;VEST PRODUCTION;
tvilum;6;2;VEST PRODUCTION, ØST PRODUCTION;VEST PRODUCTION, ØST PRODUCTION;multi-factory
tvilum;15;1;VEST PRODUCTION;VEST PRODUCTION;
tvilum;24;1;KJELLERUP ØST;KJELLERUP ØST;
tvilum;25;1;KJELLERUP ØST;KJELLERUP ØST;
tvilum;27;1;KJELLERUP ØST;KJELLERUP ØST;
tvilum;29;1;KJELLERUP ØST;KJELLERUP ØST;
tvilum;30;1;KJELLERUP ØST;KJELLERUP ØST;
tvilum;31;1;KJELLERUP ØST;KJELLERUP ØST;
tvilum;34;1;ØST PRODUCTION;ØST PRODUCTION;
tvilum;37;1;KJELLERUP ØST;KJELLERUP ØST;
tvilum;39;2;KJELLERUP ØST, VEST PRODUCTION;KJELLERUP ØST, VEST PRODUCTION;multi-factory
tvilum;41;1;VEST PRODUCTION;VEST PRODUCTION;
tvilum;44;1;ØST PRODUCTION;ØST PRODUCTION;
tvilum;46;1;ØST PRODUCTION;ØST PRODUCTION;
tvilum;47;1;VEST PRODUCTION;VEST PRODUCTION;
tvilum;48;1;KJELLERUP ØST;KJELLERUP ØST;
tvilum;49;1;KJELLERUP ØST;KJELLERUP ØST;
tvilum;52;2;VEST PRODUCTION, ØST PRODUCTION;VEST PRODUCTION, ØST PRODUCTION;multi-factory
tvilum;53;1;VEST PRODUCTION;VEST PRODUCTION;
tvilum;55;1;VEST PRODUCTION;VEST PRODUCTION;
tvilum;58;1;VEST PRODUCTION;VEST PRODUCTION;
tvilum;59;1;VEST PRODUCTION;VEST PRODUCTION;
tvilum;62;1;VEST PRODUCTION;VEST PRODUCTION;
tvilum;63;1;VEST PRODUCTION;VEST PRODUCTION;
tvilum;64;1;VEST PRODUCTION;VEST PRODUCTION;
tvilum;65;1;VEST PRODUCTION;VEST PRODUCTION;
tvilum;66;1;VEST PRODUCTION;VEST PRODUCTION;
tvilum;67;1;VEST PRODUCTION;VEST PRODUCTION;
tvilum;68;1;VEST PRODUCTION;VEST PRODUCTION;
tvilum;69;1;VEST PRODUCTION;VEST PRODUCTION;
tvilum;70;1;VEST PRODUCTION;VEST PRODUCTION;
tvilum;72;1;VEST PRODUCTION;VEST PRODUCTION;
tvilum;74;1;VEST PRODUCTION;VEST PRODUCTION;
tvilum;75;1;VEST PRODUCTION;VEST PRODUCTION;
tvilum;81;1;ØST PRODUCTION;ØST PRODUCTION;
tvilum;82;1;ØST PRODUCTION;ØST PRODUCTION;
tvilum;85;1;ØST PRODUCTION;ØST PRODUCTION;
tvilum;92;1;ØST PRODUCTION;ØST PRODUCTION;
tvilum;98;1;ØST PRODUCTION;ØST PRODUCTION;
tvilum;99;1;ØST PRODUCTION;ØST PRODUCTION;
tvilum;101;1;ØST PRODUCTION;ØST PRODUCTION;
tvilum;103;1;VEST PRODUCTION;VEST PRODUCTION;
tvilum;104;1;ØST PRODUCTION;ØST PRODUCTION;
tvilum;105;1;ØST PRODUCTION;ØST PRODUCTION;
tvilum;106;1;ØST PRODUCTION;ØST PRODUCTION;
tvilum;109;1;ØST PRODUCTION;ØST PRODUCTION;
tvilum;110;1;ØST PRODUCTION;ØST PRODUCTION;
tvilum;113;1;VEST PRODUCTION;VEST PRODUCTION;
tvilum;114;1;VEST PRODUCTION;VEST PRODUCTION;
tvilum;115;1;VEST PRODUCTION;VEST PRODUCTION;
tvilum;119;1;ØST PRODUCTION;ØST PRODUCTION;
tvilum;120;1;ØST PRODUCTION;ØST PRODUCTION;
tvilum;121;1;ØST PRODUCTION;ØST PRODUCTION;
tvilum;124;1;KJELLERUP ØST;KJELLERUP ØST;
tvilum;125;1;KJELLERUP ØST;KJELLERUP ØST;
tvilum;128;1;KJELLERUP ØST;KJELLERUP ØST;
tvilum;133;1;KJELLERUP ØST;KJELLERUP ØST;
tvilum;134;1;KJELLERUP ØST;KJELLERUP ØST;
tvilum;137;1;KJELLERUP ØST;KJELLERUP ØST;
tvilum;138;1;ØST PRODUCTION;ØST PRODUCTION;
tvilum;140;1;KJELLERUP ØST;KJELLERUP ØST;
tvilum;142;1;ØST PRODUCTION;ØST PRODUCTION;
tvilum;143;1;KJELLERUP ØST;KJELLERUP ØST;
tvilum;145;1;KJELLERUP ØST;KJELLERUP ØST;
tvilum;146;1;ØST PRODUCTION;ØST PRODUCTION;
tvilum;147;1;KJELLERUP ØST;KJELLERUP ØST;
tvilum;150;1;ØST PRODUCTION;ØST PRODUCTION;
tvilum;151;1;ØST PRODUCTION;ØST PRODUCTION;
tvilum;154;1;ØST PRODUCTION;ØST PRODUCTION;
tvilum;155;1;ØST PRODUCTION;ØST PRODUCTION;
tvilum;156;1;ØST PRODUCTION;ØST PRODUCTION;
tvilum;157;1;ØST PRODUCTION;ØST PRODUCTION;
tvilum;158;1;ØST PRODUCTION;ØST PRODUCTION;
tvilum;159;1;ØST PRODUCTION;ØST PRODUCTION;
tvilum;164;1;KJELLERUP ØST;KJELLERUP ØST;
tvilum;165;1;ØST PRODUCTION;ØST PRODUCTION;
tvilum;166;1;ØST PRODUCTION;ØST PRODUCTION;
tvilum;168;1;ØST PRODUCTION;ØST PRODUCTION;
tvilum;169;1;ØST PRODUCTION;ØST PRODUCTION;
tvilum;170;1;ØST PRODUCTION;ØST PRODUCTION;
tvilum;171;1;ØST PRODUCTION;ØST PRODUCTION;
tvilum;172;1;ØST PRODUCTION;ØST PRODUCTION;
tvilum;173;1;ØST PRODUCTION;ØST PRODUCTION;
tvilum;174;1;ØST PRODUCTION;ØST PRODUCTION;
tvilum;175;1;ØST PRODUCTION;ØST PRODUCTION;
tvilum;176;1;ØST PRODUCTION;ØST PRODUCTION;
tvilum;177;1;ØST PRODUCTION;ØST PRODUCTION;
tvilum;178;1;ØST PRODUCTION;ØST PRODUCTION;
tvilum;179;1;ØST PRODUCTION;ØST PRODUCTION;
tvilum;180;1;ØST PRODUCTION;ØST PRODUCTION;
tvilum;181;1;ØST PRODUCTION;ØST PRODUCTION;
tvilum;182;1;ØST PRODUCTION;ØST PRODUCTION;
tvilum;183;1;ØST PRODUCTION;ØST PRODUCTION;
tvilum;184;1;ØST PRODUCTION;ØST PRODUCTION;
tvilum;191;1;ØST PRODUCTION;ØST PRODUCTION;
tvilum;192;1;ØST PRODUCTION;ØST PRODUCTION;
tvilum;195;1;ØST PRODUCTION;ØST PRODUCTION;
tvilum;196;1;ØST PRODUCTION;ØST PRODUCTION;
tvilum;197;1;ØST PRODUCTION;ØST PRODUCTION;
tvilum;198;1;VEST PRODUCTION;VEST PRODUCTION;
tvilum;199;1;ØST PRODUCTION;ØST PRODUCTION;
tvilum;203;1;ØST PRODUCTION;ØST PRODUCTION;
tvilum;210;1;VEST PRODUCTION;VEST PRODUCTION;
tvilum;213;1;KJELLERUP ØST;KJELLERUP ØST;
tvilum;215;1;ØST PRODUCTION;ØST PRODUCTION;
tvilum;216;1;VEST PRODUCTION;VEST PRODUCTION;
tvilum;217;1;KJELLERUP ØST;KJELLERUP ØST;
tvilum;218;1;ØST PRODUCTION;ØST PRODUCTION;
tvilum;222;1;ØST PRODUCTION;ØST PRODUCTION;
tvilum;223;1;ØST PRODUCTION;ØST PRODUCTION;
tvilum;224;1;ØST PRODUCTION;ØST PRODUCTION;
tvilum;225;1;VEST PRODUCTION;VEST PRODUCTION;
tvilum;227;1;VEST PRODUCTION;VEST PRODUCTION;
tvilum;228;1;VEST PRODUCTION;VEST PRODUCTION;
tvilum;229;1;ØST PRODUCTION;ØST PRODUCTION;
tvilum;230;2;KJELLERUP ØST, ØST PRODUCTION;KJELLERUP ØST, ØST PRODUCTION;multi-factory
tvilum;231;1;KJELLERUP ØST;KJELLERUP ØST;
tvilum;232;1;KJELLERUP ØST;KJELLERUP ØST;
tvilum;233;1;VEST PRODUCTION;VEST PRODUCTION;
tvilum;234;1;Tvilum Poland;Tvilum Poland;
tvilum;235;1;Tvilum Poland;Tvilum Poland;
tvilum;236;1;Tvilum Poland;Tvilum Poland;
tvilum;237;1;Tvilum Poland;Tvilum Poland;
tvilum;238;1;Tvilum Poland;Tvilum Poland;
tvilum;239;1;Tvilum Poland;Tvilum Poland;
tvilum;240;1;Tvilum Poland;Tvilum Poland;
tvilum;241;1;Tvilum Poland;Tvilum Poland;
tvilum;242;1;Tvilum Poland;Tvilum Poland;
tvilum;243;1;Tvilum Poland;Tvilum Poland;
tvilum;244;1;Tvilum Poland;Tvilum Poland;
tvilum;245;1;Tvilum Poland;Tvilum Poland;
tvilum;246;1;Tvilum Poland;Tvilum Poland;
tvilum;247;1;Tvilum Poland;Tvilum Poland;
tvilum;248;1;Tvilum Poland;Tvilum Poland;
tvilum;249;1;Tvilum Poland;Tvilum Poland;
tvilum;250;1;Tvilum Poland;Tvilum Poland;
tvilum;251;1;Tvilum Poland;Tvilum Poland;
tvilum;252;1;Tvilum Poland;Tvilum Poland;
tvilum;253;1;Tvilum Poland;Tvilum Poland;
tvilum;254;1;Tvilum Poland;Tvilum Poland;
mentekidis;1;1;Default;Default;
mentekidis;2;1;Default;Default;
mentekidis;3;1;Default;Default;
mentekidis;4;1;Default;Default;
mentekidis;5;1;Default;Default;
mentekidis;6;1;Default;Default;
mentekidis;7;1;Default;Default;
mentekidis;8;1;Default;Default;
mentekidis;9;1;Default;Default;
nomikos;1;1;Aliartos;Aliartos;
nomikos;2;1;Aliartos;Aliartos;
nomikos;3;1;Domokos;Domokos;
nomikos;4;1;Domokos;Domokos;
nomikos;5;1;Domokos;Domokos;
nomikos;6;1;Aliartos;Aliartos;
nomikos;10;1;Aliartos;Aliartos;
nomikos;12;1;Aliartos;Aliartos;
nomikos;13;1;Aliartos;Aliartos;
nomikos;14;1;Aliartos;Aliartos;
nomikos;15;1;Aliartos;Aliartos;
nomikos;16;1;Aliartos;Aliartos;
nomikos;17;1;Aliartos;Aliartos;
nomikos;18;1;Aliartos;Aliartos;
nomikos;19;1;Aliartos;Aliartos;
nomikos;20;1;Aliartos;Aliartos;
nomikos;21;1;Aliartos;Aliartos;
nomikos;22;1;Domokos;Domokos;
nomikos;25;1;Aliartos;Aliartos;
ballymaloefoods;1;1;Default;Default;
ballymaloefoods;2;1;Default;Default;
ballymaloefoods;3;1;Default;Default;
ballymaloefoods;4;1;Default;Default;
ballymaloefoods;5;1;Default;Default;
ballymaloefoods;6;1;Default;Default;
ballymaloefoods;7;1;Default;Default;
ballymaloefoods;8;1;Default;Default;
ballymaloefoods;9;1;Default;Default;
ballymaloefoods;10;1;Default;Default;
ballymaloefoods;11;1;Default;Default;
ballymaloefoods;12;1;Default;Default;
ballymaloefoods;13;1;Default;Default;
ballymaloefoods;14;1;Default;Default;
hbbody;1;1;Hbbody;Hbbody;
tervakoski;1;0;;;no stations, no factory - needs a decision
tervakoski;2;1;Tervakoski;Tervakoski;
tervakoski;3;1;Tervakoski;Tervakoski;
tervakoski;4;1;Tervakoski;Tervakoski;
tervakoski;5;1;Tervakoski;Tervakoski;
tervakoski;6;1;Tervakoski;Tervakoski;
tervakoski;9;1;Tervakoski;Tervakoski;
tervakoski;10;1;Tervakoski;Tervakoski;
tervakoski;11;1;Tervakoski;Tervakoski;
tervakoski;12;1;Tervakoski;Tervakoski;
tervakoski;13;1;Tervakoski;Tervakoski;
tervakoski;14;1;Tervakoski;Tervakoski;
tervakoski;15;1;Tervakoski;Tervakoski;
tervakoski;16;1;Tervakoski;Tervakoski;
tervakoski;17;1;Tervakoski;Tervakoski;
tervakoski;18;1;Tervakoski;Tervakoski;
tervakoski;19;1;Tervakoski;Tervakoski;
tervakoski;20;1;Tervakoski;Tervakoski;
tervakoski;21;1;Tervakoski;Tervakoski;
tervakoski;22;1;Tervakoski;Tervakoski;
tervakoski;23;1;Tervakoski;Tervakoski;
tervakoski;24;1;Tervakoski;Tervakoski;
tervakoski;25;1;Tervakoski;Tervakoski;
tervakoski;26;1;Tervakoski;Tervakoski;
tervakoski;27;1;Tervakoski;Tervakoski;
tervakoski;28;1;Tervakoski;Tervakoski;
tervakoski;29;1;Tervakoski;Tervakoski;
tervakoski;30;1;Tervakoski;Tervakoski;
tervakoski;31;1;Tervakoski;Tervakoski;
tervakoski;32;1;Tervakoski;Tervakoski;
tervakoski;33;1;Tervakoski;Tervakoski;
tervakoski;34;1;Tervakoski;Tervakoski;
tervakoski;35;1;Tervakoski;Tervakoski;
tervakoski;36;1;Tervakoski;Tervakoski;
tervakoski;37;1;Tervakoski;Tervakoski;
tervakoski;38;1;Tervakoski;Tervakoski;
tervakoski;39;1;Tervakoski;Tervakoski;
tervakoski;40;1;Tervakoski;Tervakoski;
tervakoski;41;1;Tervakoski;Tervakoski;
tervakoski;42;1;Tervakoski;Tervakoski;
tervakoski;43;1;Tervakoski;Tervakoski;
tervakoski;44;1;Tervakoski;Tervakoski;
tervakoski;45;1;Tervakoski;Tervakoski;
tervakoski;46;1;Tervakoski;Tervakoski;
tervakoski;47;1;Tervakoski;Tervakoski;
tervakoski;48;1;Tervakoski;Tervakoski;
tervakoski;49;1;Tervakoski;Tervakoski;
tervakoski;50;1;Tervakoski;Tervakoski;
tervakoski;51;1;Tervakoski;Tervakoski;
tervakoski;52;1;Tervakoski;Tervakoski;
tervakoski;53;1;Tervakoski;Tervakoski;
tervakoski;54;1;Tervakoski;Tervakoski;
tervakoski;55;1;Tervakoski;Tervakoski;
tervakoski;56;1;Tervakoski;Tervakoski;
tervakoski;57;1;Tervakoski;Tervakoski;
tervakoski;58;1;Tervakoski;Tervakoski;
tervakoski;59;1;Tervakoski;Tervakoski;
tervakoski;60;1;Tervakoski;Tervakoski;
tervakoski;61;1;Tervakoski;Tervakoski;
tervakoski;64;1;Tervakoski;Tervakoski;
tervakoski;65;1;Tervakoski;Tervakoski;
tervakoski;66;1;Tervakoski;Tervakoski;
tervakoski;67;1;Tervakoski;Tervakoski;
tervakoski;68;1;Tervakoski;Tervakoski;
tervakoski;69;1;Tervakoski;Tervakoski;
tervakoski;70;1;Tervakoski;Tervakoski;
tervakoski;71;1;Tervakoski;Tervakoski;
tervakoski;72;1;Tervakoski;Tervakoski;
tervakoski;73;1;Tervakoski;Tervakoski;
tervakoski;74;1;Tervakoski;Tervakoski;
kilwaughter;1;1;Kilwaughter;Kilwaughter;
kilwaughter;2;1;Kilwaughter;Kilwaughter;
kilwaughter;3;1;Kilwaughter;Kilwaughter;
kilwaughter;4;1;Kilwaughter;Kilwaughter;
kilwaughter;5;1;Kilwaughter;Kilwaughter;
kilwaughter;6;1;Kilwaughter;Kilwaughter;
kilwaughter;7;1;Kilwaughter;Kilwaughter;
kilwaughter;8;1;Kilwaughter;Kilwaughter;
kilwaughter;9;1;Kilwaughter;Kilwaughter;
kilwaughter;10;1;Kilwaughter;Kilwaughter;
kilwaughter;11;1;Kilwaughter;Kilwaughter;
kilwaughter;12;1;Kilwaughter;Kilwaughter;
kilwaughter;13;1;Kilwaughter;Kilwaughter;
kilwaughter;14;1;Kilwaughter;Kilwaughter;
kilwaughter;15;1;Kilwaughter;Kilwaughter;
kilwaughter;16;1;Kilwaughter;Kilwaughter;
kilwaughter;17;1;Kilwaughter;Kilwaughter;
kilwaughter;18;1;Kilwaughter;Kilwaughter;
kilwaughter;19;1;Kilwaughter;Kilwaughter;
kilwaughter;20;1;Kilwaughter;Kilwaughter;
kilwaughter;21;1;Kilwaughter;Kilwaughter;
halcort;1;1;Halcort;Halcort;
halcort;2;1;Halcort;Halcort;
halcort;3;1;Halcort;Halcort;
halcort;4;1;Halcort;Halcort;
halcort;5;1;Halcort;Halcort;
halcort;6;1;Halcort;Halcort;
halcort;7;1;Halcort;Halcort;
cosmoslac;1;1;Default;Default;
cosmoslac;2;1;Default;Default;
cosmoslac;3;1;Default;Default;
cosmoslac;4;1;Default;Default;
cosmoslac;5;1;Default;Default;
cosmoslac;6;1;Default;Default;
cosmoslac;7;1;Default;Default;
cosmoslac;8;1;Default;Default;
maghrebindustries;1;1;Maghreb Industries;Maghreb Industries;
maghrebindustries;2;1;Maghreb Industries;Maghreb Industries;
maghrebindustries;3;1;Maghreb Industries;Maghreb Industries;
maghrebindustries;4;1;Maghreb Industries;Maghreb Industries;
maghrebindustries;6;1;Maghreb Industries;Maghreb Industries;
maghrebindustries;7;1;Maghreb Industries;Maghreb Industries;
maghrebindustries;8;1;Maghreb Industries;Maghreb Industries;
maghrebindustries;9;1;Maghreb Industries;Maghreb Industries;
maghrebindustries;10;1;Maghreb Industries;Maghreb Industries;
maghrebindustries;11;1;Maghreb Industries;Maghreb Industries;
maghrebindustries;12;1;Maghreb Industries;Maghreb Industries;
maghrebindustries;13;1;Maghreb Industries;Maghreb Industries;
maghrebindustries;14;1;Maghreb Industries;Maghreb Industries;
maghrebindustries;15;1;Maghreb Industries;Maghreb Industries;
maghrebindustries;16;1;Maghreb Industries;Maghreb Industries;
maghrebindustries;17;1;Maghreb Industries;Maghreb Industries;
maghrebindustries;18;1;Maghreb Industries;Maghreb Industries;
maghrebindustries;19;1;Maghreb Industries;Maghreb Industries;
maghrebindustries;20;1;Maghreb Industries;Maghreb Industries;
maghrebindustries;21;1;Maghreb Industries;Maghreb Industries;
maghrebindustries;22;1;Maghreb Industries;Maghreb Industries;
maghrebindustries;23;1;Maghreb Industries;Maghreb Industries;
maghrebindustries;24;1;Maghreb Industries;Maghreb Industries;
maghrebindustries;25;1;Maghreb Industries;Maghreb Industries;
maghrebindustries;26;1;Maghreb Industries;Maghreb Industries;
maghrebindustries;27;1;Maghreb Industries;Maghreb Industries;
maghrebindustries;28;1;Maghreb Industries;Maghreb Industries;
maghrebindustries;29;1;Maghreb Industries;Maghreb Industries;
maghrebindustries;30;1;Maghreb Industries;Maghreb Industries;
maghrebindustries;31;1;Maghreb Industries;Maghreb Industries;
maghrebindustries;32;1;Maghreb Industries;Maghreb Industries;
maghrebindustries;33;1;Maghreb Industries;Maghreb Industries;
maghrebindustries;34;1;Maghreb Industries;Maghreb Industries;
maghrebindustries;35;1;Maghreb Industries;Maghreb Industries;
maghrebindustries;36;1;Maghreb Industries;Maghreb Industries;
maghrebindustries;37;1;Maghreb Industries;Maghreb Industries;
maghrebindustries;38;1;Maghreb Industries;Maghreb Industries;
maghrebindustries;39;1;Maghreb Industries;Maghreb Industries;
maghrebindustries;40;1;Maghreb Industries;Maghreb Industries;
maghrebindustries;41;1;Maghreb Industries;Maghreb Industries;
maghrebindustries;42;1;Maghreb Industries;Maghreb Industries;
maghrebindustries;43;1;Maghreb Industries;Maghreb Industries;
maghrebindustries;44;1;Maghreb Industries;Maghreb Industries;
maghrebindustries;45;1;Maghreb Industries;Maghreb Industries;
maghrebindustries;46;1;Maghreb Industries;Maghreb Industries;
maghrebindustries;47;1;Maghreb Industries;Maghreb Industries;
maghrebindustries;48;1;Maghreb Industries;Maghreb Industries;
maghrebindustries;49;1;Maghreb Industries;Maghreb Industries;
maghrebindustries;50;1;Maghreb Industries;Maghreb Industries;
maghrebindustries;51;1;Maghreb Industries;Maghreb Industries;
maghrebindustries;52;1;Maghreb Industries;Maghreb Industries;
maghrebindustries;53;1;Maghreb Industries;Maghreb Industries;
maghrebindustries;54;1;Maghreb Industries;Maghreb Industries;
maghrebindustries;55;1;Maghreb Industries;Maghreb Industries;
maghrebindustries;56;1;Maghreb Industries;Maghreb Industries;
maghrebindustries;57;1;Maghreb Industries;Maghreb Industries;
maghrebindustries;58;1;Maghreb Industries;Maghreb Industries;
maghrebindustries;59;1;Maghreb Industries;Maghreb Industries;
maghrebindustries;60;1;Maghreb Industries;Maghreb Industries;
maghrebindustries;61;1;Maghreb Industries;Maghreb Industries;
maghrebindustries;62;1;Maghreb Industries;Maghreb Industries;
maghrebindustries;63;1;Maghreb Industries;Maghreb Industries;
maghrebindustries;64;1;Maghreb Industries;Maghreb Industries;
maghrebindustries;65;1;Maghreb Industries;Maghreb Industries;
maghrebindustries;66;1;Maghreb Industries;Maghreb Industries;
marsreno;1;1;Default;Default;
marsreno;2;1;Default;Default;
marsreno;3;1;Default;Default;
marsreno;7;1;Default;Default;
marsreno;8;1;Default;Default;
marsreno;9;1;Default;Default;
marsreno;10;1;Default;Default;
marsreno;11;1;Default;Default;
marsreno;12;1;Default;Default;
marsreno;13;1;Default;Default;
marsreno;14;1;Default;Default;
marsreno;15;1;Default;Default;
marsreno;16;1;Default;Default;
marsreno;18;1;Default;Default;
marsreno;19;1;Default;Default;
marsreno;20;1;Default;Default;
marsreno;21;1;Default;Default;
marsreno;22;1;Default;Default;
marsreno;23;1;Default;Default;
marsreno;26;1;Default;Default;
marsreno;27;1;Default;Default;
marsreno;28;1;Default;Default;
marsreno;29;1;Default;Default;
marsreno;30;1;Default;Default;
marsreno;31;1;Default;Default;
marsreno;32;1;Default;Default;
marsreno;33;1;Default;Default;
marsreno;34;1;Default;Default;
marsreno;35;1;Default;Default;
marsreno;36;1;Default;Default;
marsreno;38;1;Default;Default;
marsreno;39;1;Default;Default;
marsreno;40;1;Default;Default;
marsreno;41;1;Default;Default;
marsreno;42;1;Default;Default;
marsreno;43;1;Default;Default;
marsreno;44;1;Default;Default;
marsreno;45;1;Default;Default;
marsreno;46;1;Default;Default;
marsreno;47;1;Default;Default;
marsreno;49;1;Default;Default;
marsreno;53;1;Default;Default;
marsreno;54;1;Default;Default;
marsreno;55;1;Default;Default;
marsreno;56;1;Default;Default;
marsreno;57;1;Default;Default;
marsreno;58;1;Default;Default;
marsreno;59;1;Default;Default;
marsreno;60;1;Default;Default;
marsreno;63;1;Default;Default;
marsreno;64;1;Default;Default;
adampack;1;1;Default;Default;
adampack;2;1;Default;Default;
adampack;3;1;Default;Default;
adampack;4;1;Default;Default;
adampack;5;1;Default;Default;
adampack;6;1;Default;Default;
adampack;7;1;Default;Default;
adampack;8;1;Default;Default;
adampack;9;1;Default;Default;
adampack;10;1;Default;Default;
adampack;13;1;Default;Default;
adampack;15;1;Default;Default;
adampack;16;1;Default;Default;
adampack;18;1;Default;Default;
adampack;19;1;Default;Default;
adampack;20;1;Default;Default;
adampack;21;1;Default;Default;
adampack;22;1;Default;Default;
adampack;23;1;Default;Default;
adampack;24;1;Default;Default;
adampack;25;1;Default;Default;
adampack;26;1;Default;Default;
adampack;28;1;Default;Default;
adampack;34;1;Default;Default;
adampack;35;1;Default;Default;
adampack;38;1;Default;Default;
weberfin;10003;1;Ojakkala;Ojakkala;
weberfin;10005;1;Ojakkala;Ojakkala;
weberfin;10006;1;Ojakkala;Ojakkala;
weberfin;10013;1;Ojakkala;Ojakkala;
weberfin;20002;1;Kiikala KTT;Kiikala KTT;
weberfin;20004;1;Kiikala KTT;Kiikala KTT;
weberfin;20005;1;Kiikala KTT;Kiikala KTT;
weberfin;20006;1;Kiikala KTT;Kiikala KTT;
weberfin;20008;1;Kiikala KTT;Kiikala KTT;
weberfin;20009;1;Kiikala KTT;Kiikala KTT;
weberfin;20010;1;Kiikala KTT;Kiikala KTT;
weberfin;30001;1;Parainen;Parainen;
weberfin;30002;1;Parainen;Parainen;
weberfin;30005;1;Parainen;Parainen;
weberfin;30007;1;Parainen;Parainen;
weberfin;30010;1;Parainen;Parainen;
weberfin;40001;1;Kiikala Kahi;Kiikala Kahi;
weberfin;40002;1;Kiikala Kahi;Kiikala Kahi;
weberfin;40003;1;Kiikala Kahi;Kiikala Kahi;
weberfin;40004;1;Kiikala Kahi;Kiikala Kahi;
weberfin;40005;1;Kiikala Kahi;Kiikala Kahi;
weberfin;40009;1;Kiikala Kahi;Kiikala Kahi;
weberfin;40010;1;Kiikala Kahi;Kiikala Kahi;
weberfin;50001;1;Oulu;Oulu;
weberfin;50002;1;Oulu;Oulu;
weberfin;50003;1;Oulu;Oulu;
weberfin;50013;2;Kiikala KTT, Kiikala Kahi;Kiikala KTT, Kiikala Kahi;multi-factory
weberfin;50016;1;Parainen;Parainen;
weberfin;50018;1;Vantaa;Vantaa;
weberfin;50019;1;Vantaa;Vantaa;
weberfin;50020;1;Vantaa;Vantaa;
weberfin;50021;1;Vantaa;Vantaa;
weberfin;50022;1;Vantaa;Vantaa;
weberfin;50023;1;Parainen;Parainen;
weberfin;50024;1;Kiikala KTT;Kiikala KTT;
weberfin;50030;1;Kiikala KTT;Kiikala KTT;
weberfin;50032;1;Ojakkala;Ojakkala;
weberfin;50047;1;Parainen;Parainen;
weberfin;50053;1;Kiikala Kahi;Kiikala Kahi;
weberfin;50058;1;Kiikala Kahi;Kiikala Kahi;
weberfin;50059;1;Ojakkala;Ojakkala;
weberfin;50060;1;Ojakkala;Ojakkala;
weberfin;50061;1;Ojakkala;Ojakkala;
imprimerieslematin;1;1;Imprimerieslematin;Imprimerieslematin;
imprimerieslematin;2;1;Imprimerieslematin;Imprimerieslematin;
imprimerieslematin;3;1;Imprimerieslematin;Imprimerieslematin;
imprimerieslematin;4;1;Imprimerieslematin;Imprimerieslematin;
imprimerieslematin;5;1;Imprimerieslematin;Imprimerieslematin;
imprimerieslematin;6;1;Imprimerieslematin;Imprimerieslematin;
imprimerieslematin;7;1;Imprimerieslematin;Imprimerieslematin;
imprimerieslematin;8;1;Imprimerieslematin;Imprimerieslematin;
imprimerieslematin;9;1;Imprimerieslematin;Imprimerieslematin;
imprimerieslematin;10;1;Imprimerieslematin;Imprimerieslematin;
imprimerieslematin;11;1;Imprimerieslematin;Imprimerieslematin;
imprimerieslematin;13;1;Imprimerieslematin;Imprimerieslematin;
imprimerieslematin;14;1;Imprimerieslematin;Imprimerieslematin;
imprimerieslematin;15;1;Imprimerieslematin;Imprimerieslematin;
imprimerieslematin;16;1;Imprimerieslematin;Imprimerieslematin;
imprimerieslematin;17;1;Imprimerieslematin;Imprimerieslematin;
imprimerieslematin;18;1;Imprimerieslematin;Imprimerieslematin;
imprimerieslematin;19;1;Imprimerieslematin;Imprimerieslematin;
imprimerieslematin;20;1;Imprimerieslematin;Imprimerieslematin;
imprimerieslematin;21;1;Imprimerieslematin;Imprimerieslematin;
imprimerieslematin;22;1;Imprimerieslematin;Imprimerieslematin;
imprimerieslematin;23;1;Imprimerieslematin;Imprimerieslematin;
imprimerieslematin;25;1;Imprimerieslematin;Imprimerieslematin;
imprimerieslematin;26;1;Imprimerieslematin;Imprimerieslematin;
imprimerieslematin;27;1;Imprimerieslematin;Imprimerieslematin;
imprimerieslematin;28;1;Imprimerieslematin;Imprimerieslematin;
imprimerieslematin;29;1;Imprimerieslematin;Imprimerieslematin;
imprimerieslematin;30;1;Imprimerieslematin;Imprimerieslematin;
imprimerieslematin;31;1;Imprimerieslematin;Imprimerieslematin;
imprimerieslematin;32;1;Imprimerieslematin;Imprimerieslematin;
imprimerieslematin;33;1;Imprimerieslematin;Imprimerieslematin;
imprimerieslematin;34;1;Imprimerieslematin;Imprimerieslematin;
imprimerieslematin;35;1;Imprimerieslematin;Imprimerieslematin;
imprimerieslematin;36;1;Imprimerieslematin;Imprimerieslematin;
imprimerieslematin;37;1;Imprimerieslematin;Imprimerieslematin;
imprimerieslematin;38;1;Imprimerieslematin;Imprimerieslematin;
imprimerieslematin;39;1;Imprimerieslematin;Imprimerieslematin;
imprimerieslematin;40;1;Imprimerieslematin;Imprimerieslematin;
imprimerieslematin;42;1;Imprimerieslematin;Imprimerieslematin;
imprimerieslematin;43;1;Imprimerieslematin;Imprimerieslematin;
imprimerieslematin;44;1;Imprimerieslematin;Imprimerieslematin;
imprimerieslematin;45;1;Imprimerieslematin;Imprimerieslematin;
imprimerieslematin;46;1;Imprimerieslematin;Imprimerieslematin;
imprimerieslematin;47;1;Imprimerieslematin;Imprimerieslematin;
imprimerieslematin;48;1;Imprimerieslematin;Imprimerieslematin;
imprimerieslematin;49;1;Imprimerieslematin;Imprimerieslematin;
imprimerieslematin;50;1;Imprimerieslematin;Imprimerieslematin;
imprimerieslematin;51;1;Imprimerieslematin;Imprimerieslematin;
imprimerieslematin;52;1;Imprimerieslematin;Imprimerieslematin;
imprimerieslematin;53;1;Imprimerieslematin;Imprimerieslematin;
imprimerieslematin;54;1;Imprimerieslematin;Imprimerieslematin;
imprimerieslematin;55;1;Imprimerieslematin;Imprimerieslematin;
imprimerieslematin;56;1;Imprimerieslematin;Imprimerieslematin;
imprimerieslematin;57;1;Imprimerieslematin;Imprimerieslematin;
imprimerieslematin;58;1;Imprimerieslematin;Imprimerieslematin;
imprimerieslematin;59;1;Imprimerieslematin;Imprimerieslematin;
imprimerieslematin;60;1;Imprimerieslematin;Imprimerieslematin;
imprimerieslematin;61;1;Imprimerieslematin;Imprimerieslematin;
imprimerieslematin;62;1;Imprimerieslematin;Imprimerieslematin;
imprimerieslematin;63;1;Imprimerieslematin;Imprimerieslematin;
imprimerieslematin;64;1;Imprimerieslematin;Imprimerieslematin;
imprimerieslematin;65;1;Imprimerieslematin;Imprimerieslematin;
imprimerieslematin;66;1;Imprimerieslematin;Imprimerieslematin;
imprimerieslematin;67;1;Imprimerieslematin;Imprimerieslematin;
imprimerieslematin;68;1;Imprimerieslematin;Imprimerieslematin;
imprimerieslematin;69;1;Imprimerieslematin;Imprimerieslematin;
imprimerieslematin;70;1;Imprimerieslematin;Imprimerieslematin;
imprimerieslematin;71;1;Imprimerieslematin;Imprimerieslematin;
dariskitchen;1;1;Marrickville;Marrickville;
dariskitchen;2;1;Marrickville;Marrickville;
dariskitchen;3;1;Marrickville;Marrickville;
polyfilms;1;1;Polyfilms;Polyfilms;
polyfilms;2;1;Polyfilms;Polyfilms;
polyfilms;3;1;Polyfilms;Polyfilms;
polyfilms;4;1;Polyfilms;Polyfilms;
polyfilms;7;1;Polyfilms;Polyfilms;
polyfilms;8;1;Polyfilms;Polyfilms;
polyfilms;9;1;Polyfilms;Polyfilms;
polyfilms;10;1;Polyfilms;Polyfilms;
polyfilms;11;1;Polyfilms;Polyfilms;
polyfilms;12;1;Polyfilms;Polyfilms;
polyfilms;13;1;Polyfilms;Polyfilms;
polyfilms;14;1;Polyfilms;Polyfilms;
polyfilms;15;1;Polyfilms;Polyfilms;
polyfilms;16;1;Polyfilms;Polyfilms;
polyfilms;17;1;Polyfilms;Polyfilms;
polyfilms;18;1;Polyfilms;Polyfilms;
polyfilms;19;1;Polyfilms;Polyfilms;
polyfilms;20;1;Polyfilms;Polyfilms;
polyfilms;21;1;Polyfilms;Polyfilms;
polyfilms;22;1;Polyfilms;Polyfilms;
polyfilms;23;1;Polyfilms;Polyfilms;
polyfilms;24;1;Polyfilms;Polyfilms;
polyfilms;25;1;Polyfilms;Polyfilms;
polyfilms;26;1;Polyfilms;Polyfilms;
polyfilms;30;1;Polyfilms;Polyfilms;
polyfilms;31;1;Polyfilms;Polyfilms;
polyfilms;32;1;Polyfilms;Polyfilms;
polyfilms;33;1;Polyfilms;Polyfilms;
polyfilms;34;1;Polyfilms;Polyfilms;
polyfilms;35;1;Polyfilms;Polyfilms;
polyfilms;36;1;Polyfilms;Polyfilms;
polyfilms;37;1;Polyfilms;Polyfilms;
polyfilms;38;1;Polyfilms;Polyfilms;
polyfilms;39;1;Polyfilms;Polyfilms;
polyfilms;41;1;Polyfilms;Polyfilms;
polyfilms;42;1;Polyfilms;Polyfilms;
polyfilms;43;1;Polyfilms;Polyfilms;
polyfilms;44;1;Polyfilms;Polyfilms;
polyfilms;45;1;Polyfilms;Polyfilms;
polyfilms;46;1;Polyfilms;Polyfilms;
polyfilms;47;1;Polyfilms;Polyfilms;
polyfilms;48;1;Polyfilms;Polyfilms;
polyfilms;49;1;Polyfilms;Polyfilms;
polyfilms;50;1;Polyfilms;Polyfilms;
polyfilms;51;1;Polyfilms;Polyfilms;
polyfilms;52;1;Polyfilms;Polyfilms;
polyfilms;53;1;Polyfilms;Polyfilms;
polyfilms;54;1;Polyfilms;Polyfilms;
polyfilms;55;1;Polyfilms;Polyfilms;
polyfilms;56;1;Polyfilms;Polyfilms;
polyfilms;57;1;Polyfilms;Polyfilms;
polyfilms;58;1;Polyfilms;Polyfilms;
mjrecycling;1;1;Mjrecycling;Mjrecycling;
mjrecycling;4;1;Mjrecycling;Mjrecycling;
mjrecycling;7;1;Mjrecycling;Mjrecycling;
mjrecycling;9;1;Mjrecycling;Mjrecycling;
marssca;1;1;SCA;SCA;
marssca;2;1;SCA;SCA;
marssca;3;1;SCA;SCA;
marssca;4;1;SCA;SCA;
marssca;5;1;SCA;SCA;
marssca;6;1;SCA;SCA;
marssca;7;1;SCA;SCA;
marssca;8;1;SCA;SCA;
marssca;9;1;SCA;SCA;
marssca;10;1;SCA;SCA;
marssca;11;1;SCA;SCA;
marssca;12;1;SCA;SCA;
marssca;13;1;SCA;SCA;
marssca;14;1;SCA;SCA;
marssca;15;1;SCA;SCA;
marssca;16;1;SCA;SCA;
marssca;17;1;SCA;SCA;
marssca;18;1;SCA;SCA;
marssca;19;1;SCA;SCA;
marssca;20;1;SCA;SCA;
marssca;21;1;SCA;SCA;
marssca;22;1;SCA;SCA;
marssca;23;1;SCA;SCA;
marssca;24;1;SCA;SCA;
marssca;25;1;SCA;SCA;
marssca;26;1;SCA;SCA;
marssca;27;1;SCA;SCA;
marssca;28;1;SCA;SCA;
marssca;29;1;SCA;SCA;
marssca;30;1;SCA;SCA;
marssca;31;1;SCA;SCA;
marssca;32;1;SCA;SCA;
marssca;33;1;SCA;SCA;
marssca;34;1;SCA;SCA;
marssca;35;1;SCA;SCA;
marssca;36;1;SCA;SCA;
marssca;37;1;SCA;SCA;
marssca;38;1;SCA;SCA;
marssca;39;1;SCA;SCA;
marssca;40;1;SCA;SCA;
marssca;41;1;SCA;SCA;
marssca;42;1;SCA;SCA;
marssca;43;1;SCA;SCA;
marssca;44;1;SCA;SCA;
marssca;45;1;SCA;SCA;
marssca;46;1;SCA;SCA;
marssca;47;1;SCA;SCA;
atlastapes;18;1;SLITTING;SLITTING;
atlastapes;19;1;SLITTING;SLITTING;
atlastapes;20;1;SLITTING;SLITTING;
atlastapes;21;1;SLITTING;SLITTING;
atlastapes;22;1;SLITTING;SLITTING;
atlastapes;23;1;SLITTING;SLITTING;
atlastapes;24;1;SLITTING;SLITTING;
atlastapes;25;1;SLITTING;SLITTING;
atlastapes;26;1;SLITTING;SLITTING;
atlastapes;27;1;SLITTING;SLITTING;
atlastapes;28;1;SLITTING;SLITTING;
atlastapes;29;1;SLITTING;SLITTING;
atlastapes;30;1;SLITTING;SLITTING;
atlastapes;32;1;SLITTING;SLITTING;
atlastapes;34;1;SLITTING;SLITTING;
atlastapes;35;1;SLITTING;SLITTING;
atlastapes;36;1;SLITTING;SLITTING;
atlastapes;37;1;SLITTING;SLITTING;
atlastapes;38;1;SLITTING;SLITTING;
atlastapes;39;1;SLITTING;SLITTING;
atlastapes;40;1;SLITTING;SLITTING;
atlastapes;41;1;SLITTING;SLITTING;
atlastapes;42;1;SLITTING;SLITTING;
atlastapes;43;1;SLITTING;SLITTING;
atlastapes;44;1;SLITTING;SLITTING;
atlastapes;46;1;SLITTING;SLITTING;
atlastapes;47;1;SLITTING;SLITTING;
atlastapes;48;1;SLITTING;SLITTING;
atlastapes;51;1;SLITTING;SLITTING;
atlastapes;52;1;SLITTING;SLITTING;
atlastapes;53;1;SLITTING;SLITTING;
atlastapes;54;1;SLITTING;SLITTING;
atlastapes;55;1;SLITTING;SLITTING;
atlastapes;56;1;SLITTING;SLITTING;
atlastapes;57;1;SLITTING;SLITTING;
atlastapes;58;1;SLITTING;SLITTING;
atlastapes;59;1;SLITTING;SLITTING;
atlastapes;60;1;SLITTING;SLITTING;
atlastapes;61;1;SLITTING;SLITTING;
atlastapes;62;1;SLITTING;SLITTING;
atlastapes;63;1;SLITTING;SLITTING;
atlastapes;64;1;SLITTING;SLITTING;
atlastapes;65;1;SLITTING;SLITTING;
atlastapes;66;1;SLITTING;SLITTING;
atlastapes;67;1;SLITTING;SLITTING;
atlastapes;68;1;SLITTING;SLITTING;
atlastapes;69;1;SLITTING;SLITTING;
atlastapes;70;1;SLITTING;SLITTING;
atlastapes;71;1;SLITTING;SLITTING;
atlastapes;72;1;SLITTING;SLITTING;
atlastapes;73;1;SLITTING;SLITTING;
atlastapes;75;1;SLITTING;SLITTING;
atlastapes;76;1;SLITTING;SLITTING;
atlastapes;78;1;SLITTING;SLITTING;
atlastapes;80;1;PPM IT;PPM IT;
atlastapes;81;1;PPM IT;PPM IT;
atlastapes;82;1;PPM IT;PPM IT;
atlastapes;83;1;PPM IT;PPM IT;
atlastapes;84;1;PPM IT;PPM IT;
atlastapes;85;1;PPM IT;PPM IT;
atlastapes;86;1;PPM IT;PPM IT;
atlastapes;87;1;PPM IT;PPM IT;
atlastapes;88;1;PPM IT;PPM IT;
atlastapes;89;1;PPM IT;PPM IT;
atlastapes;90;1;PPM IT;PPM IT;
atlastapes;91;1;PPM IT;PPM IT;
atlastapes;92;1;PPM IT;PPM IT;
atlastapes;93;1;PPM IT;PPM IT;
atlastapes;94;1;PPM IT;PPM IT;
atlastapes;95;1;PPM IT;PPM IT;
atlastapes;96;1;PPM IT;PPM IT;
atlastapes;97;1;PPM IT;PPM IT;
atlastapes;98;1;PPM IT;PPM IT;
atlastapes;99;1;PPM IT;PPM IT;
atlastapes;100;1;PPM IT;PPM IT;
atlastapes;101;1;PPM IT;PPM IT;
atlastapes;102;1;PPM IT;PPM IT;
atlastapes;103;1;PPM IT;PPM IT;
atlastapes;104;1;PPM IT;PPM IT;
atlastapes;105;1;PPM IT;PPM IT;
atlastapes;106;1;PPM IT;PPM IT;
atlastapes;107;1;PPM IT;PPM IT;
atlastapes;108;1;PPM IT;PPM IT;
atlastapes;109;1;PPM IT;PPM IT;
atlastapes;110;1;PPM IT;PPM IT;
atlastapes;111;1;PPM IT;PPM IT;
atlastapes;112;1;PPM IT;PPM IT;
atlastapes;113;1;PPM IT;PPM IT;
atlastapes;114;1;PPM IT;PPM IT;
atlastapes;115;1;PPM IT;PPM IT;
atlastapes;116;1;PPM IT;PPM IT;
atlastapes;117;1;PPM IT;PPM IT;
atlastapes;118;1;PPM IT;PPM IT;
atlastapes;119;1;PPM IT;PPM IT;
atlastapes;120;1;PPM IT;PPM IT;
atlastapes;121;1;PPM IT;PPM IT;
atlastapes;122;1;PPM IT;PPM IT;
atlastapes;123;1;PPM IT;PPM IT;
atlastapes;124;1;PPM IT;PPM IT;
atlastapes;125;1;PPM IT;PPM IT;
atlastapes;126;1;PPM IT;PPM IT;
atlastapes;127;1;PPM IT;PPM IT;
atlastapes;128;1;PPM IT;PPM IT;
atlastapes;129;1;PPM IT;PPM IT;
atlastapes;130;1;PPM IT;PPM IT;
atlastapes;131;1;PPM IT;PPM IT;
atlastapes;132;1;PPM IT;PPM IT;
atlastapes;133;1;PPM IT;PPM IT;
atlastapes;134;1;PPM IT;PPM IT;
atlastapes;135;1;PPM IT;PPM IT;
atlastapes;136;1;PPM IT;PPM IT;
atlastapes;137;1;PPM IT;PPM IT;
atlastapes;138;1;PPM IT;PPM IT;
atlastapes;139;1;PPM IT;PPM IT;
atlastapes;140;1;PPM IT;PPM IT;
atlastapes;141;1;PPM IT;PPM IT;
atlastapes;142;1;PPM IT;PPM IT;
atlastapes;143;1;PPM IT;PPM IT;
atlastapes;144;1;PPM IT;PPM IT;
atlastapes;145;1;PPM IT;PPM IT;
atlastapes;146;1;PPM IT;PPM IT;
atlastapes;147;1;PPM IT;PPM IT;
atlastapes;148;1;PPM IT;PPM IT;
atlastapes;149;1;PPM IT;PPM IT;
atlastapes;150;1;PPM IT;PPM IT;
atlastapes;151;1;PPM IT;PPM IT;
atlastapes;152;1;PPM IT;PPM IT;
atlastapes;153;1;PPM IT;PPM IT;
atlastapes;154;1;PPM IT;PPM IT;
atlastapes;155;1;PPM IT;PPM IT;
atlastapes;157;1;PPM IT;PPM IT;
atlastapes;158;1;PPM IT;PPM IT;
atlastapes;160;1;PPM IT;PPM IT;
atlastapes;162;1;PPM IT;PPM IT;
atlastapes;167;1;PPM IT;PPM IT;
atlastapes;168;1;Trustin Tape;Trustin Tape;
atlastapes;169;1;PPM IT;PPM IT;
atlastapes;170;1;PPM IT;PPM IT;
atlastapes;171;1;PPM IT;PPM IT;
atlastapes;172;1;PPM IT;PPM IT;
atlastapes;173;1;PPM IT;PPM IT;
atlastapes;174;1;SLITTING;SLITTING;
atlastapes;175;1;SLITTING;SLITTING;
atlastapes;176;1;SLITTING;SLITTING;
atlastapes;177;1;SLITTING;SLITTING;
plexistab;3;1;Plexistab;Plexistab;
plexistab;4;1;Plexistab;Plexistab;
plexistab;5;1;Plexistab;Plexistab;
plexistab;6;1;Plexistab;Plexistab;
jungle;4;1;Default;Default;
jungle;5;1;Default;Default;
jungle;11;1;Default;Default;
jungle;12;1;Default;Default;
jungle;13;1;Default;Default;
jungle;15;1;Default;Default;
jungle;16;1;Default;Default;
barclaychemicals;1;1;Barclaychemicals;Barclaychemicals;
barclaychemicals;2;1;Barclaychemicals;Barclaychemicals;
barclaychemicals;3;1;Barclaychemicals;Barclaychemicals;
barclaychemicals;4;1;Barclaychemicals;Barclaychemicals;
barclaychemicals;7;1;Barclaychemicals;Barclaychemicals;
barclaychemicals;8;1;Barclaychemicals;Barclaychemicals;
barclaychemicals;9;1;Barclaychemicals;Barclaychemicals;
barclaychemicals;11;1;Barclaychemicals;Barclaychemicals;
barclaychemicals;12;1;Barclaychemicals;Barclaychemicals;
barclaychemicals;13;1;Barclaychemicals;Barclaychemicals;
barclaychemicals;15;1;Barclaychemicals;Barclaychemicals;
barclaychemicals;16;1;Barclaychemicals;Barclaychemicals;
barclaychemicals;17;1;Barclaychemicals;Barclaychemicals;
barclaychemicals;18;1;Barclaychemicals;Barclaychemicals;
barclaychemicals;19;1;Barclaychemicals;Barclaychemicals;
barclaychemicals;20;1;Barclaychemicals;Barclaychemicals;
barclaychemicals;21;1;Barclaychemicals;Barclaychemicals;
barclaychemicals;22;1;Barclaychemicals;Barclaychemicals;
barclaychemicals;23;1;Barclaychemicals;Barclaychemicals;
barclaychemicals;24;1;Barclaychemicals;Barclaychemicals;
barclaychemicals;25;1;Barclaychemicals;Barclaychemicals;
barclaychemicals;27;1;Barclaychemicals;Barclaychemicals;
barclaychemicals;28;1;Barclaychemicals;Barclaychemicals;
barclaychemicals;29;1;Barclaychemicals;Barclaychemicals;
barclaychemicals;30;1;Barclaychemicals;Barclaychemicals;
barclaychemicals;31;1;Barclaychemicals;Barclaychemicals;
barclaychemicals;32;1;Barclaychemicals;Barclaychemicals;
barclaychemicals;33;1;Barclaychemicals;Barclaychemicals;
barclaychemicals;34;1;Barclaychemicals;Barclaychemicals;
barclaychemicals;35;1;Barclaychemicals;Barclaychemicals;
barclaychemicals;36;1;Barclaychemicals;Barclaychemicals;
grangersinternational;1;1;Grangersinternational;Grangersinternational;
grangersinternational;2;1;Grangersinternational;Grangersinternational;
grangersinternational;4;1;Grangersinternational;Grangersinternational;
grangersinternational;5;1;Grangersinternational;Grangersinternational;
grangersinternational;7;1;Grangersinternational;Grangersinternational;
grangersinternational;8;1;Grangersinternational;Grangersinternational;
grangersinternational;9;1;Grangersinternational;Grangersinternational;
grangersinternational;10;1;Grangersinternational;Grangersinternational;
grangersinternational;11;1;Grangersinternational;Grangersinternational;
grangersinternational;12;1;Grangersinternational;Grangersinternational;
grangersinternational;13;1;Grangersinternational;Grangersinternational;
grangersinternational;14;1;Grangersinternational;Grangersinternational;
grangersinternational;18;1;Grangersinternational;Grangersinternational;
grangersinternational;19;1;Grangersinternational;Grangersinternational;
grangersinternational;20;1;Grangersinternational;Grangersinternational;
grangersinternational;21;1;Grangersinternational;Grangersinternational;
grangersinternational;23;1;Grangersinternational;Grangersinternational;
grangersinternational;24;1;Grangersinternational;Grangersinternational;
grangersinternational;25;1;Grangersinternational;Grangersinternational;
grangersinternational;26;1;Grangersinternational;Grangersinternational;
grangersinternational;27;1;Grangersinternational;Grangersinternational;
grangersinternational;28;1;Grangersinternational;Grangersinternational;
grangersinternational;29;1;Grangersinternational;Grangersinternational;
grangersinternational;30;1;Grangersinternational;Grangersinternational;
grangersinternational;31;1;Grangersinternational;Grangersinternational;
grangersinternational;32;1;Grangersinternational;Grangersinternational;
marssouthafrica;1;1;Default;Default;
marssouthafrica;2;1;Default;Default;
marssouthafrica;3;1;Default;Default;
marssouthafrica;4;1;Default;Default;
marssouthafrica;5;1;Default;Default;
marssouthafrica;6;1;Default;Default;
marssouthafrica;7;1;Default;Default;
marssouthafrica;10;1;Default;Default;
marssouthafrica;11;1;Default;Default;
marssouthafrica;12;1;Default;Default;
marssouthafrica;13;1;Default;Default;
marssouthafrica;16;1;Default;Default;
marssouthafrica;17;1;Default;Default;
ingelec;1;1;Ingelec 1;Ingelec 1;
ingelec;2;1;Ingelec 1;Ingelec 1;
ingelec;3;1;Ingelec 1;Ingelec 1;
ingelec;4;1;Ingelec 1;Ingelec 1;
ingelec;5;1;Ingelec 1;Ingelec 1;
ingelec;6;1;Ingelec 1;Ingelec 1;
ingelec;7;1;Ingelec 1;Ingelec 1;
ingelec;8;1;Ingelec 1;Ingelec 1;
ingelec;9;1;Ingelec 1;Ingelec 1;
ingelec;11;1;Ingelec 1;Ingelec 1;
ingelec;12;1;Ingelec 1;Ingelec 1;
ingelec;13;1;Ingelec 1;Ingelec 1;
ingelec;14;1;Ingelec 1;Ingelec 1;
ingelec;15;1;Ingelec 1;Ingelec 1;
ingelec;16;1;Ingelec 1;Ingelec 1;
ingelec;17;1;Ingelec 1;Ingelec 1;
ingelec;18;1;Ingelec 1;Ingelec 1;
ingelec;19;1;Ingelec 1;Ingelec 1;
ingelec;20;1;Ingelec 1;Ingelec 1;
ingelec;21;1;Ingelec 1;Ingelec 1;
ingelec;22;1;Ingelec 1;Ingelec 1;
ingelec;23;1;Ingelec 1;Ingelec 1;
ingelec;24;1;Ingelec 1;Ingelec 1;
ingelec;25;1;Ingelec 1;Ingelec 1;
ingelec;26;1;Ingelec 1;Ingelec 1;
ingelec;27;1;Ingelec 1;Ingelec 1;
ingelec;28;1;Ingelec 1;Ingelec 1;
ingelec;29;1;Ingelec 1;Ingelec 1;
ingelec;30;1;Ingelec EVM;Ingelec EVM;
ingelec;31;1;Ingelec EVM;Ingelec EVM;
ingelec;32;1;Ingelec EVM;Ingelec EVM;
ingelec;33;1;Ingelec EVM;Ingelec EVM;
ingelec;34;1;Ingelec 3;Ingelec 3;
ingelec;35;1;Ingelec 3;Ingelec 3;
ingelec;36;1;Ingelec 3;Ingelec 3;
ingelec;37;1;Ingelec 3;Ingelec 3;
ingelec;38;1;Ingelec 3;Ingelec 3;
ingelec;39;1;Ingelec 3;Ingelec 3;
ingelec;40;1;Ingelec 3;Ingelec 3;
ingelec;41;1;Ingelec 3;Ingelec 3;
ingelec;42;1;Ingelec 3;Ingelec 3;
ingelec;44;1;Ingelec EVM;Ingelec EVM;
ingelec;45;1;Ingelec EVM;Ingelec EVM;
ingelec;46;1;Ingelec EVM;Ingelec EVM;
ingelec;47;1;Ingelec EVM;Ingelec EVM;
ingelec;48;1;Ingelec EVM;Ingelec EVM;
ingelec;49;1;Ingelec EVM;Ingelec EVM;
ingelec;50;1;Ingelec EVM;Ingelec EVM;
ingelec;51;1;Ingelec EVM;Ingelec EVM;
ingelec;52;1;Ingelec EVM;Ingelec EVM;
ingelec;53;1;Ingelec EVM;Ingelec EVM;
ingelec;54;1;Ingelec EVM;Ingelec EVM;
ingelec;55;1;Ingelec EVM;Ingelec EVM;
ingelec;56;1;Ingelec EVM;Ingelec EVM;
ingelec;57;1;Ingelec EVM;Ingelec EVM;
ingelec;58;1;Ingelec EVM;Ingelec EVM;
ingelec;59;1;Ingelec EVM;Ingelec EVM;
ingelec;60;1;Ingelec EVM;Ingelec EVM;
ingelec;62;1;Ingelec EVM;Ingelec EVM;
ingelec;63;1;Ingelec EVM;Ingelec EVM;
ingelec;65;1;Ingelec EVM;Ingelec EVM;
rolco;1;1;Default;Default;
rolco;2;1;Default;Default;
rolco;3;1;Default;Default;
rolco;6;1;Default;Default;
rolco;7;1;Default;Default;
rolco;8;1;Default;Default;
rolco;9;1;Default;Default;
rolco;10;1;Default;Default;
rolco;11;1;Default;Default;
rolco;12;1;Default;Default;
rolco;13;1;Default;Default;
rolco;14;1;Default;Default;
rolco;15;1;Default;Default;
rolco;16;1;Default;Default;
szucsgabor;1;1;Detki Keksz - Halmajugra;Detki Keksz - Halmajugra;
chala;1;1;Default;Default;
chala;4;1;Default;Default;
chala;9;1;Default;Default;
chala;14;1;Default;Default;
chala;15;1;Default;Default;
chala;18;1;Default;Default;
chala;20;1;Default;Default;
chala;21;1;Default;Default;
chala;23;1;Default;Default;
chala;24;1;Default;Default;
chala;25;1;Default;Default;
chala;33;1;Default;Default;
chala;55;1;Default;Default;
chala;57;1;Default;Default;
chala;58;1;Default;Default;
chala;64;1;Default;Default;
chala;65;1;Default;Default;
chala;70;1;Default;Default;
chala;72;1;Default;Default;
chala;74;1;Default;Default;
chala;75;1;Default;Default;
chala;76;1;Default;Default;
chala;78;1;Default;Default;
chala;79;1;Default;Default;
chala;85;1;Default;Default;
chala;92;1;Default;Default;
chala;102;1;Default;Default;
chala;103;1;Default;Default;
chala;126;1;Default;Default;
chala;132;1;Default;Default;
chala;136;1;Default;Default;
chala;138;1;Default;Default;
chala;144;1;Default;Default;
chala;149;1;Default;Default;
chala;150;1;Default;Default;
chala;151;1;Default;Default;
chala;153;1;Default;Default;
chala;160;1;Default;Default;
chala;161;1;Default;Default;
chala;163;1;Default;Default;
chala;165;1;Default;Default;
chala;166;1;Default;Default;
chala;168;1;Default;Default;
chala;171;1;Default;Default;
chala;174;1;Default;Default;
chala;177;1;Default;Default;
chala;179;1;Default;Default;
chala;180;1;Default;Default;
chala;181;1;Default;Default;
chala;182;1;Default;Default;
chala;184;1;Default;Default;
chala;196;1;Default;Default;
chala;198;1;Default;Default;
chala;200;1;Default;Default;
chala;203;1;Default;Default;
chala;204;1;Default;Default;
chala;209;1;Default;Default;
chala;210;1;Default;Default;
chala;211;1;Default;Default;
chala;213;1;Default;Default;
chala;219;1;Default;Default;
chala;223;1;Default;Default;
chala;224;1;Default;Default;
chala;225;1;Default;Default;
chala;226;1;Default;Default;
chala;227;1;Default;Default;
chala;228;1;Default;Default;
chala;229;1;Default;Default;
chala;230;1;Default;Default;
chala;231;1;Default;Default;
chala;232;1;Default;Default;
chala;233;1;Default;Default;
chala;234;1;Default;Default;
chala;235;1;Default;Default;
chala;237;1;Default;Default;
chala;238;1;Default;Default;
chala;239;1;Default;Default;
chala;241;1;Default;Default;
chala;242;1;Default;Default;
chala;245;1;Default;Default;
chala;246;1;Default;Default;
chala;247;1;Default;Default;
chala;248;1;Default;Default;
chala;249;1;Default;Default;
chala;250;1;Default;Default;
chala;251;1;Default;Default;
chala;252;1;Default;Default;
chala;253;1;Default;Default;
chala;254;1;Default;Default;
chala;255;1;Default;Default;
chala;256;1;Default;Default;
chala;257;1;Default;Default;
chala;258;1;Default;Default;
chala;259;1;Default;Default;
chala;260;1;Default;Default;
chala;261;1;Default;Default;
chala;262;1;Default;Default;
chala;263;1;Default;Default;
chala;266;1;Default;Default;
chala;268;1;Default;Default;
chala;270;1;Default;Default;
chala;271;1;Default;Default;
chala;272;1;Default;Default;
chala;273;1;Default;Default;
chala;276;1;Default;Default;
chala;277;1;Default;Default;
chala;278;1;Default;Default;
chala;279;1;Default;Default;
chala;280;1;Default;Default;
chala;281;1;Default;Default;
chala;282;1;Default;Default;
chala;283;1;Default;Default;
chala;284;1;Default;Default;
chala;285;1;Default;Default;
chala;286;1;Default;Default;
chala;288;1;Default;Default;
chala;290;1;Default;Default;
chala;291;1;Default;Default;
chala;292;1;Default;Default;
chala;293;1;Default;Default;
chala;294;1;Default;Default;
chala;295;1;Default;Default;
chala;296;1;Default;Default;
chala;297;1;Default;Default;
riqueteriechaouia;8;1;Riqueteriechaouia;Riqueteriechaouia;
riqueteriechaouia;9;1;Riqueteriechaouia;Riqueteriechaouia;
riqueteriechaouia;11;1;Riqueteriechaouia;Riqueteriechaouia;
riqueteriechaouia;12;1;Riqueteriechaouia;Riqueteriechaouia;
riqueteriechaouia;13;1;Riqueteriechaouia;Riqueteriechaouia;
riqueteriechaouia;14;1;Riqueteriechaouia;Riqueteriechaouia;
riqueteriechaouia;15;1;Riqueteriechaouia;Riqueteriechaouia;
riqueteriechaouia;16;1;Riqueteriechaouia;Riqueteriechaouia;
riqueteriechaouia;17;1;Riqueteriechaouia;Riqueteriechaouia;
riqueteriechaouia;19;1;Riqueteriechaouia;Riqueteriechaouia;
riqueteriechaouia;20;1;Riqueteriechaouia;Riqueteriechaouia;
riqueteriechaouia;23;1;Riqueteriechaouia;Riqueteriechaouia;
riqueteriechaouia;26;1;Riqueteriechaouia;Riqueteriechaouia;
riqueteriechaouia;36;1;Riqueteriechaouia;Riqueteriechaouia;
riqueteriechaouia;37;1;Riqueteriechaouia;Riqueteriechaouia;
riqueteriechaouia;38;1;Riqueteriechaouia;Riqueteriechaouia;
riqueteriechaouia;39;1;Riqueteriechaouia;Riqueteriechaouia;
riqueteriechaouia;42;1;Riqueteriechaouia;Riqueteriechaouia;
riqueteriechaouia;43;1;Riqueteriechaouia;Riqueteriechaouia;
riqueteriechaouia;44;1;Riqueteriechaouia;Riqueteriechaouia;
riqueteriechaouia;57;1;Riqueteriechaouia;Riqueteriechaouia;
riqueteriechaouia;58;1;Riqueteriechaouia;Riqueteriechaouia;
riqueteriechaouia;59;1;Riqueteriechaouia;Riqueteriechaouia;
riqueteriechaouia;61;1;Riqueteriechaouia;Riqueteriechaouia;
riqueteriechaouia;66;1;Riqueteriechaouia;Riqueteriechaouia;
riqueteriechaouia;71;1;Riqueteriechaouia;Riqueteriechaouia;
riqueteriechaouia;72;1;Riqueteriechaouia;Riqueteriechaouia;
riqueteriechaouia;73;1;Riqueteriechaouia;Riqueteriechaouia;
riqueteriechaouia;74;1;Riqueteriechaouia;Riqueteriechaouia;
riqueteriechaouia;75;1;Riqueteriechaouia;Riqueteriechaouia;
riqueteriechaouia;76;1;Riqueteriechaouia;Riqueteriechaouia;
riqueteriechaouia;77;1;Riqueteriechaouia;Riqueteriechaouia;
riqueteriechaouia;78;1;Riqueteriechaouia;Riqueteriechaouia;
riqueteriechaouia;79;1;Riqueteriechaouia;Riqueteriechaouia;
riqueteriechaouia;80;1;Riqueteriechaouia;Riqueteriechaouia;
riqueteriechaouia;81;1;Riqueteriechaouia;Riqueteriechaouia;
riqueteriechaouia;82;1;Riqueteriechaouia;Riqueteriechaouia;
riqueteriechaouia;83;1;Riqueteriechaouia;Riqueteriechaouia;
riqueteriechaouia;84;1;Riqueteriechaouia;Riqueteriechaouia;
riqueteriechaouia;85;1;Riqueteriechaouia;Riqueteriechaouia;
riqueteriechaouia;87;1;Riqueteriechaouia;Riqueteriechaouia;
riqueteriechaouia;89;1;Riqueteriechaouia;Riqueteriechaouia;
riqueteriechaouia;90;1;Riqueteriechaouia;Riqueteriechaouia;
riqueteriechaouia;91;1;Riqueteriechaouia;Riqueteriechaouia;
riqueteriechaouia;92;1;Riqueteriechaouia;Riqueteriechaouia;
riqueteriechaouia;93;1;Riqueteriechaouia;Riqueteriechaouia;
riqueteriechaouia;95;1;Riqueteriechaouia;Riqueteriechaouia;
riqueteriechaouia;96;1;Riqueteriechaouia;Riqueteriechaouia;
riqueteriechaouia;97;1;Riqueteriechaouia;Riqueteriechaouia;
riqueteriechaouia;99;1;Riqueteriechaouia;Riqueteriechaouia;
riqueteriechaouia;100;1;Riqueteriechaouia;Riqueteriechaouia;
riqueteriechaouia;102;1;Riqueteriechaouia;Riqueteriechaouia;
riqueteriechaouia;103;1;Riqueteriechaouia;Riqueteriechaouia;
riqueteriechaouia;105;1;Riqueteriechaouia;Riqueteriechaouia;
riqueteriechaouia;106;1;Riqueteriechaouia;Riqueteriechaouia;
riqueteriechaouia;107;1;Riqueteriechaouia;Riqueteriechaouia;
riqueteriechaouia;108;1;Riqueteriechaouia;Riqueteriechaouia;
riqueteriechaouia;109;1;Riqueteriechaouia;Riqueteriechaouia;
riqueteriechaouia;110;1;Riqueteriechaouia;Riqueteriechaouia;
riqueteriechaouia;111;1;Riqueteriechaouia;Riqueteriechaouia;
riqueteriechaouia;112;1;Riqueteriechaouia;Riqueteriechaouia;
riqueteriechaouia;113;1;Riqueteriechaouia;Riqueteriechaouia;
riqueteriechaouia;114;1;Riqueteriechaouia;Riqueteriechaouia;
riqueteriechaouia;115;1;Riqueteriechaouia;Riqueteriechaouia;
hellenica;1;1;Hellenica;Hellenica;
hellenica;2;1;Hellenica;Hellenica;
hellenica;4;1;Hellenica;Hellenica;
hellenica;5;1;Hellenica;Hellenica;
hellenica;6;1;Hellenica;Hellenica;
hellenica;7;1;Hellenica;Hellenica;
hellenica;8;1;Hellenica;Hellenica;
hellenica;9;1;Hellenica;Hellenica;
hellenica;10;1;Hellenica;Hellenica;
hellenica;11;1;Hellenica;Hellenica;
hellenica;12;1;Hellenica;Hellenica;
hellenica;13;1;Hellenica;Hellenica;
hellenica;14;1;Hellenica;Hellenica;
hellenica;15;1;Hellenica;Hellenica;
hellenica;16;1;Hellenica;Hellenica;
hellenica;17;1;Hellenica;Hellenica;
hellenica;18;1;Hellenica;Hellenica;
hellenica;19;1;Hellenica;Hellenica;
hellenica;20;1;Hellenica;Hellenica;
hellenica;21;1;Hellenica;Hellenica;
hellenica;22;1;Hellenica;Hellenica;
hellenica;24;1;Hellenica;Hellenica;
hellenica;26;1;Hellenica;Hellenica;
hellenica;27;1;Hellenica;Hellenica;
hellenica;28;1;Hellenica;Hellenica;
hellenica;29;1;Hellenica;Hellenica;
hellenica;32;1;Hellenica;Hellenica;
hellenica;33;1;Hellenica;Hellenica;
hellenica;34;1;Hellenica;Hellenica;
hellenica;35;1;Hellenica;Hellenica;
hellenica;36;1;Hellenica;Hellenica;
hellenica;37;1;Hellenica;Hellenica;
hellenica;40;1;Hellenica;Hellenica;
hellenica;41;1;Hellenica;Hellenica;
hellenica;58;1;Hellenica;Hellenica;
hellenica;67;1;Hellenica;Hellenica;
hellenica;81;1;Hellenica;Hellenica;
hellenica;82;1;Hellenica;Hellenica;
hellenica;83;1;Hellenica;Hellenica;
hellenica;84;1;Hellenica;Hellenica;
hellenica;85;1;Hellenica;Hellenica;
hellenica;86;1;Hellenica;Hellenica;
hellenica;87;1;Hellenica;Hellenica;
hellenica;88;1;Hellenica;Hellenica;
hellenica;89;1;Hellenica;Hellenica;
salus;3;1;Salus;Salus;
urufarma;1;1;Default;Default;
urufarma;2;1;Default;Default;
urufarma;4;1;Default;Default;
urufarma;6;1;Default;Default;
urufarma;7;1;Default;Default;
urufarma;8;1;Default;Default;
urufarma;12;1;Default;Default;
urufarma;14;1;Default;Default;
urufarma;15;1;Default;Default;
urufarma;17;1;Default;Default;
urufarma;19;1;Default;Default;
urufarma;20;1;Default;Default;
urufarma;22;1;Default;Default;
urufarma;23;1;Default;Default;
urufarma;24;1;Default;Default;
urufarma;25;1;Default;Default;
urufarma;27;1;Default;Default;
urufarma;28;1;Default;Default;
urufarma;29;1;Default;Default;
urufarma;30;1;Default;Default;
urufarma;31;1;Default;Default;
urufarma;32;1;Default;Default;
urufarma;33;1;Default;Default;
urufarma;36;1;Default;Default;
urufarma;37;1;Default;Default;
urufarma;38;1;Default;Default;
urufarma;39;1;Default;Default;
urufarma;40;1;Default;Default;
edge;1;1;Edge Autonomy Riga factory;Edge Autonomy Riga factory;
edge;2;1;Edge Autonomy Riga factory;Edge Autonomy Riga factory;
edge;3;1;Edge Autonomy Riga factory;Edge Autonomy Riga factory;
amvrosia;1;1;Amvrosia;Amvrosia;
amvrosia;2;1;Amvrosia;Amvrosia;
amvrosia;3;1;Amvrosia;Amvrosia;
amvrosia;5;1;Amvrosia;Amvrosia;
amvrosia;7;1;Amvrosia;Amvrosia;
amvrosia;8;1;Amvrosia;Amvrosia;
amvrosia;9;1;Amvrosia;Amvrosia;
amvrosia;10;1;Amvrosia;Amvrosia;
amvrosia;11;1;Amvrosia;Amvrosia;
amvrosia;12;1;Amvrosia;Amvrosia;
amvrosia;13;1;Amvrosia;Amvrosia;
PapadopoulosSalonica;1;1;Default;Default;
PapadopoulosSalonica;2;1;Default;Default;
PapadopoulosSalonica;3;1;Default;Default;
PapadopoulosSalonica;4;1;Default;Default;
PapadopoulosSalonica;5;1;Default;Default;
PapadopoulosSalonica;6;1;Default;Default;
PapadopoulosSalonica;7;1;Default;Default;
PapadopoulosSalonica;8;1;Default;Default;
PapadopoulosSalonica;10;1;Default;Default;
PapadopoulosSalonica;11;1;Default;Default;
PapadopoulosSalonica;12;1;Default;Default;
PapadopoulosSalonica;13;1;Default;Default;
PapadopoulosSalonica;15;1;Default;Default;
PapadopoulosSalonica;16;1;Default;Default;
PapadopoulosSalonica;17;1;Default;Default;
PapadopoulosSalonica;19;1;Default;Default;
PapadopoulosSalonica;20;1;Default;Default;
PapadopoulosSalonica;21;1;Default;Default;
PapadopoulosSalonica;22;1;Default;Default;
PapadopoulosSalonica;23;1;Default;Default;
PapadopoulosSalonica;24;1;Default;Default;
PapadopoulosSalonica;25;1;Default;Default;
PapadopoulosSalonica;26;1;Default;Default;
PapadopoulosSalonica;27;1;Default;Default;
PapadopoulosSalonica;28;1;Default;Default;
PapadopoulosSalonica;29;1;Default;Default;
PapadopoulosSalonica;31;1;Default;Default;
PapadopoulosSalonica;32;1;Default;Default;
PapadopoulosSalonica;33;1;Default;Default;
PapadopoulosSalonica;34;1;Default;Default;
PapadopoulosSalonica;35;1;Default;Default;
PapadopoulosSalonica;36;1;Default;Default;
PapadopoulosSalonica;37;1;Default;Default;
PapadopoulosSalonica;38;1;Default;Default;
PapadopoulosSalonica;39;1;Default;Default;
PapadopoulosSalonica;40;1;Default;Default;
PapadopoulosSalonica;41;1;Default;Default;
PapadopoulosSalonica;42;1;Default;Default;
PapadopoulosSalonica;43;1;Default;Default;
PapadopoulosSalonica;44;1;Default;Default;
PapadopoulosSalonica;45;1;Default;Default;
PapadopoulosSalonica;46;1;Default;Default;
PapadopoulosSalonica;47;1;Default;Default;
PapadopoulosSalonica;48;1;Default;Default;
PapadopoulosSalonica;49;1;Default;Default;
PapadopoulosSalonica;51;1;Default;Default;
PapadopoulosSalonica;52;1;Default;Default;
PapadopoulosSalonica;53;1;Default;Default;
PapadopoulosSalonica;54;1;Default;Default;
PapadopoulosSalonica;55;1;Default;Default;
PapadopoulosSalonica;56;1;Default;Default;
PapadopoulosSalonica;57;1;Default;Default;
PapadopoulosSalonica;58;1;Default;Default;
PapadopoulosSalonica;59;1;Default;Default;
PapadopoulosSalonica;60;1;Default;Default;
siefco;1;3;Factory 2, Factory 3, Factory 6;Factory 2, Factory 3, Factory 6;multi-factory
siefco;2;1;Factory 6;Factory 6;
siefco;3;1;Factory 6;Factory 6;
siefco;4;2;Factory 3, Factory 6;Factory 3, Factory 6;multi-factory
siefco;5;1;Factory 2;Factory 2;
siefco;6;1;Factory 2;Factory 2;
siefco;7;1;Factory 2;Factory 2;
siefco;8;2;Factory 2, Factory 3;Factory 2, Factory 3;multi-factory
siefco;9;1;Factory 2;Factory 2;
siefco;10;2;Factory 2, Factory 3;Factory 2, Factory 3;multi-factory
siefco;11;1;Factory 2;Factory 2;
siefco;12;1;Factory 2;Factory 2;
siefco;13;2;Factory 2, Factory 3;Factory 2, Factory 3;multi-factory
siefco;14;1;Factory 4;Factory 4;
siefco;15;2;Factory 4, Factory 7;Factory 4, Factory 7;multi-factory
siefco;16;1;Factory 4;Factory 4;
siefco;17;2;Factory 4, Factory 7;Factory 4, Factory 7;multi-factory
siefco;18;1;Factory 7;Factory 7;
siefco;19;1;Factory 7;Factory 7;
bohndemexico;25;1;Queretaro;Queretaro;
bohndemexico;84;1;Queretaro;Queretaro;
bohndemexico;85;1;Queretaro;Queretaro;
bohndemexico;86;1;Queretaro;Queretaro;
bohndemexico;87;1;Queretaro;Queretaro;
bohndemexico;88;1;Queretaro;Queretaro;
bohndemexico;89;1;Queretaro;Queretaro;
bohndemexico;90;1;Queretaro;Queretaro;
bohndemexico;91;1;Queretaro;Queretaro;
bohndemexico;92;1;Queretaro;Queretaro;
bohndemexico;93;1;Queretaro;Queretaro;
bohndemexico;94;1;Queretaro;Queretaro;
bohndemexico;95;1;Queretaro;Queretaro;
bohndemexico;96;1;Queretaro;Queretaro;
bohndemexico;97;1;Queretaro;Queretaro;
bohndemexico;98;1;Queretaro;Queretaro;
bohndemexico;99;1;Queretaro;Queretaro;
bohndemexico;100;1;Queretaro;Queretaro;
bohndemexico;102;1;Queretaro;Queretaro;
bohndemexico;103;1;Queretaro;Queretaro;
bohndemexico;104;1;Queretaro;Queretaro;
bohndemexico;105;1;Queretaro;Queretaro;
bohndemexico;106;1;Queretaro;Queretaro;
bohndemexico;107;1;Queretaro;Queretaro;
bohndemexico;108;1;Queretaro;Queretaro;
bohndemexico;112;1;Queretaro;Queretaro;
bohndemexico;115;1;Queretaro;Queretaro;
bohndemexico;117;1;Queretaro;Queretaro;
bohndemexico;118;1;Queretaro;Queretaro;
bohndemexico;119;1;Queretaro;Queretaro;
bohndemexico;120;1;Queretaro;Queretaro;
bohndemexico;121;1;Queretaro;Queretaro;
bohndemexico;122;1;Queretaro;Queretaro;
bohndemexico;123;1;Queretaro;Queretaro;
bohndemexico;124;1;Queretaro;Queretaro;
bohndemexico;125;1;Queretaro;Queretaro;
bohndemexico;126;1;Queretaro;Queretaro;
bohndemexico;127;1;Queretaro;Queretaro;
bohndemexico;128;1;Queretaro;Queretaro;
bohndemexico;129;1;Queretaro;Queretaro;
bohndemexico;133;1;Queretaro;Queretaro;
bohndemexico;134;1;Queretaro;Queretaro;
bohndemexico;135;1;Queretaro;Queretaro;
bohndemexico;136;1;Queretaro;Queretaro;
bohndemexico;137;1;Queretaro;Queretaro;
bohndemexico;138;1;Queretaro;Queretaro;
bohndemexico;139;1;Queretaro;Queretaro;
bohndemexico;141;1;Queretaro;Queretaro;
bohndemexico;142;1;Queretaro;Queretaro;
bohndemexico;143;1;Queretaro;Queretaro;
bohndemexico;144;1;Queretaro;Queretaro;
bohndemexico;145;0;;;no stations, no factory - needs a decision
bohndemexico;146;1;Queretaro;Queretaro;
bohndemexico;147;1;Queretaro;Queretaro;
bohndemexico;148;1;Queretaro;Queretaro;
bohndemexico;149;0;;;no stations, no factory - needs a decision
bohndemexico;150;1;Queretaro;Queretaro;
bohndemexico;151;1;Queretaro;Queretaro;
bohndemexico;152;1;Queretaro;Queretaro;
bohndemexico;154;1;Queretaro;Queretaro;
bohndemexico;155;1;Queretaro;Queretaro;
bohndemexico;158;1;Queretaro;Queretaro;
bohndemexico;159;1;Queretaro;Queretaro;
bohndemexico;160;1;Queretaro;Queretaro;
bohndemexico;161;1;Queretaro;Queretaro;
bohndemexico;164;1;Queretaro;Queretaro;
bohndemexico;165;1;Queretaro;Queretaro;
bohndemexico;166;1;Queretaro;Queretaro;
bohndemexico;167;1;Queretaro;Queretaro;
bohndemexico;168;1;Queretaro;Queretaro;
bohndemexico;169;1;Queretaro;Queretaro;
bohndemexico;170;1;Queretaro;Queretaro;
bohndemexico;171;1;Queretaro;Queretaro;
bohndemexico;173;1;Queretaro;Queretaro;
bohndemexico;175;1;Queretaro;Queretaro;
bohndemexico;176;1;Queretaro;Queretaro;
bohndemexico;177;1;Queretaro;Queretaro;
bohndemexico;178;1;Queretaro;Queretaro;
bohndemexico;179;1;Queretaro;Queretaro;
bohndemexico;181;1;Queretaro;Queretaro;
bohndemexico;183;1;Queretaro;Queretaro;
bohndemexico;185;1;Queretaro;Queretaro;
bohndemexico;186;1;Queretaro;Queretaro;
bohndemexico;187;1;Queretaro;Queretaro;
bohndemexico;188;1;Queretaro;Queretaro;
bohndemexico;190;1;Queretaro;Queretaro;
bohndemexico;191;1;Queretaro;Queretaro;
bohndemexico;193;1;Queretaro;Queretaro;
bohndemexico;194;1;Queretaro;Queretaro;
bohndemexico;195;1;Queretaro;Queretaro;
bohndemexico;196;1;Queretaro;Queretaro;
bohndemexico;197;1;Queretaro;Queretaro;
bohndemexico;198;1;Queretaro;Queretaro;
bohndemexico;199;1;Queretaro;Queretaro;
bohndemexico;201;1;Queretaro;Queretaro;
bohndemexico;202;1;Queretaro;Queretaro;
bohndemexico;203;1;Queretaro;Queretaro;
bohndemexico;204;1;Queretaro;Queretaro;
bohndemexico;205;1;Queretaro;Queretaro;
bohndemexico;206;1;Queretaro;Queretaro;
bohndemexico;208;1;Queretaro;Queretaro;
bohndemexico;209;1;Queretaro;Queretaro;
bohndemexico;210;1;Queretaro;Queretaro;
bohndemexico;213;1;Queretaro;Queretaro;
bohndemexico;214;1;Queretaro;Queretaro;
bohndemexico;216;1;Queretaro;Queretaro;
bohndemexico;217;1;Queretaro;Queretaro;
bohndemexico;218;1;Queretaro;Queretaro;
bohndemexico;220;1;Queretaro;Queretaro;
bohndemexico;221;1;Queretaro;Queretaro;
bohndemexico;222;1;Queretaro;Queretaro;
bohndemexico;223;1;Queretaro;Queretaro;
bohndemexico;224;1;Queretaro;Queretaro;
bohndemexico;225;1;Queretaro;Queretaro;
bohndemexico;226;1;Queretaro;Queretaro;
bohndemexico;228;1;Queretaro;Queretaro;
bohndemexico;229;1;Queretaro;Queretaro;
bohndemexico;230;1;Queretaro;Queretaro;
bohndemexico;231;1;Queretaro;Queretaro;
bohndemexico;232;1;Queretaro;Queretaro;
bohndemexico;233;1;Queretaro;Queretaro;
bohndemexico;234;1;Queretaro;Queretaro;
bohndemexico;236;1;Queretaro;Queretaro;
bohndemexico;237;1;Queretaro;Queretaro;
bohndemexico;238;1;Queretaro;Queretaro;
bohndemexico;239;1;Queretaro;Queretaro;
bohndemexico;240;1;Queretaro;Queretaro;
bohndemexico;241;1;Queretaro;Queretaro;
bohndemexico;242;1;Queretaro;Queretaro;
bohndemexico;243;1;Queretaro;Queretaro;
bohndemexico;244;1;Queretaro;Queretaro;
bohndemexico;245;1;Queretaro;Queretaro;
bohndemexico;246;1;Queretaro;Queretaro;
bohndemexico;247;1;Queretaro;Queretaro;
bohndemexico;248;1;Queretaro;Queretaro;
bohndemexico;249;1;Queretaro;Queretaro;
bohndemexico;250;1;Queretaro;Queretaro;
bohndemexico;251;1;Queretaro;Queretaro;
bohndemexico;252;1;Queretaro;Queretaro;
bohndemexico;253;1;Queretaro;Queretaro;
bohndemexico;254;1;Queretaro;Queretaro;
bohndemexico;258;1;Queretaro;Queretaro;
bohndemexico;259;1;Queretaro;Queretaro;
bohndemexico;260;1;Queretaro;Queretaro;
bohndemexico;261;1;Queretaro;Queretaro;
bohndemexico;262;1;Queretaro;Queretaro;
bohndemexico;264;1;Queretaro;Queretaro;
bohndemexico;265;1;Queretaro;Queretaro;
bohndemexico;266;1;Queretaro;Queretaro;
bohndemexico;267;1;Queretaro;Queretaro;
bohndemexico;268;1;Queretaro;Queretaro;
bohndemexico;269;1;Queretaro;Queretaro;
bohndemexico;270;1;Queretaro;Queretaro;
bohndemexico;271;1;Queretaro;Queretaro;
bohndemexico;272;1;Queretaro;Queretaro;
bohndemexico;273;1;Queretaro;Queretaro;
bohndemexico;274;1;Queretaro;Queretaro;
bohndemexico;275;1;Queretaro;Queretaro;
bohndemexico;276;1;Queretaro;Queretaro;
bohndemexico;277;1;Queretaro;Queretaro;
bohndemexico;278;1;Queretaro;Queretaro;
bohndemexico;279;1;Queretaro;Queretaro;
bohndemexico;280;1;Queretaro;Queretaro;
bohndemexico;281;1;Queretaro;Queretaro;
bohndemexico;282;1;Queretaro;Queretaro;
bohndemexico;283;1;Queretaro;Queretaro;
bohndemexico;284;1;Queretaro;Queretaro;
bohndemexico;285;1;Queretaro;Queretaro;
bohndemexico;286;1;Queretaro;Queretaro;
bohndemexico;288;1;Queretaro;Queretaro;
bohndemexico;289;1;Queretaro;Queretaro;
bohndemexico;290;1;Queretaro;Queretaro;
bohndemexico;291;1;Queretaro;Queretaro;
bohndemexico;292;1;Queretaro;Queretaro;
bohndemexico;293;1;Queretaro;Queretaro;
bohndemexico;294;1;Queretaro;Queretaro;
bohndemexico;295;1;Queretaro;Queretaro;
bohndemexico;296;1;Queretaro;Queretaro;
bohndemexico;297;1;Queretaro;Queretaro;
bohndemexico;298;1;Queretaro;Queretaro;
bohndemexico;299;1;Queretaro;Queretaro;
bohndemexico;300;1;Queretaro;Queretaro;
bohndemexico;301;1;Queretaro;Queretaro;
bohndemexico;302;1;Queretaro;Queretaro;
bohndemexico;303;1;Queretaro;Queretaro;
bohndemexico;304;1;Queretaro;Queretaro;
bohndemexico;305;1;Queretaro;Queretaro;
bohndemexico;306;1;Queretaro;Queretaro;
bohndemexico;307;1;Queretaro;Queretaro;
bohndemexico;308;1;Queretaro;Queretaro;
bohndemexico;309;1;Queretaro;Queretaro;
bohndemexico;310;1;Queretaro;Queretaro;
bohndemexico;311;1;Queretaro;Queretaro;
bohndemexico;312;1;Queretaro;Queretaro;
bohndemexico;313;1;Queretaro;Queretaro;
bohndemexico;314;1;Queretaro;Queretaro;
bohndemexico;315;1;Queretaro;Queretaro;
bohndemexico;316;1;Queretaro;Queretaro;
bohndemexico;317;1;Queretaro;Queretaro;
bohndemexico;318;1;Queretaro;Queretaro;
bohndemexico;319;1;Queretaro;Queretaro;
bohndemexico;320;1;Queretaro;Queretaro;
bohndemexico;321;1;Queretaro;Queretaro;
bohndemexico;322;1;Queretaro;Queretaro;
bohndemexico;323;1;Queretaro;Queretaro;
bohndemexico;324;1;Queretaro;Queretaro;
bohndemexico;325;1;Queretaro;Queretaro;
bohndemexico;326;1;Queretaro;Queretaro;
bohndemexico;327;1;Queretaro;Queretaro;
bohndemexico;328;1;Queretaro;Queretaro;
bohndemexico;329;1;Queretaro;Queretaro;
bohndemexico;330;1;Queretaro;Queretaro;
bohndemexico;331;1;Queretaro;Queretaro;
bohndemexico;332;1;Queretaro;Queretaro;
bohndemexico;333;1;Queretaro;Queretaro;
bohndemexico;334;1;Queretaro;Queretaro;
bohndemexico;335;1;Queretaro;Queretaro;
bohndemexico;336;1;Queretaro;Queretaro;
bohndemexico;337;1;Queretaro;Queretaro;
bohndemexico;338;1;Queretaro;Queretaro;
bohndemexico;339;1;Queretaro;Queretaro;
bohndemexico;340;1;Queretaro;Queretaro;
bohndemexico;341;1;Queretaro;Queretaro;
bohndemexico;342;1;Queretaro;Queretaro;
bohndemexico;343;1;Queretaro;Queretaro;
bohndemexico;344;1;Queretaro;Queretaro;
bohndemexico;345;1;Queretaro;Queretaro;
bohndemexico;346;1;Queretaro;Queretaro;
bohndemexico;347;1;Queretaro;Queretaro;
bohndemexico;348;1;Queretaro;Queretaro;
bohndemexico;349;1;Queretaro;Queretaro;
bohndemexico;350;1;Queretaro;Queretaro;
bohndemexico;351;1;Queretaro;Queretaro;
bohndemexico;352;1;Queretaro;Queretaro;
bohndemexico;353;1;Queretaro;Queretaro;
bohndemexico;354;1;Queretaro;Queretaro;
bohndemexico;355;1;Queretaro;Queretaro;
bohndemexico;356;1;Queretaro;Queretaro;
bohndemexico;357;1;Queretaro;Queretaro;
bohndemexico;358;1;Queretaro;Queretaro;
bohndemexico;359;1;Queretaro;Queretaro;
bohndemexico;360;1;Queretaro;Queretaro;
bohndemexico;361;1;Queretaro;Queretaro;
bohndemexico;362;1;Queretaro;Queretaro;
bohndemexico;363;1;Queretaro;Queretaro;
bohndemexico;364;1;Queretaro;Queretaro;
bohndemexico;365;1;Queretaro;Queretaro;
bohndemexico;366;1;Queretaro;Queretaro;
bohndemexico;367;1;Queretaro;Queretaro;
bohndemexico;368;1;Queretaro;Queretaro;
bohndemexico;369;1;Queretaro;Queretaro;
bohndemexico;371;1;Queretaro;Queretaro;
bohndemexico;372;1;Queretaro;Queretaro;
bohndemexico;373;1;Queretaro;Queretaro;
bohndemexico;374;1;Queretaro;Queretaro;
bohndemexico;377;1;Queretaro;Queretaro;
bohndemexico;378;1;Queretaro;Queretaro;
bohndemexico;379;1;Queretaro;Queretaro;
bohndemexico;380;1;Queretaro;Queretaro;
bohndemexico;381;1;Queretaro;Queretaro;
bohndemexico;382;1;Queretaro;Queretaro;
bohndemexico;383;1;Queretaro;Queretaro;
bohndemexico;384;1;Queretaro;Queretaro;
bohndemexico;385;1;Queretaro;Queretaro;
bohndemexico;386;1;Queretaro;Queretaro;
bohndemexico;387;1;Queretaro;Queretaro;
bohndemexico;388;1;Queretaro;Queretaro;
bohndemexico;389;1;Queretaro;Queretaro;
bohndemexico;390;1;Queretaro;Queretaro;
bohndemexico;391;1;Queretaro;Queretaro;
bohndemexico;392;1;Queretaro;Queretaro;
bohndemexico;393;1;Queretaro;Queretaro;
bohndemexico;394;1;Queretaro;Queretaro;
bohndemexico;395;1;Queretaro;Queretaro;
bohndemexico;396;1;Queretaro;Queretaro;
bohndemexico;397;1;Queretaro;Queretaro;
bohndemexico;398;1;Queretaro;Queretaro;
bohndemexico;400;1;Queretaro;Queretaro;
bohndemexico;401;1;Queretaro;Queretaro;
bohndemexico;402;1;Queretaro;Queretaro;
bohndemexico;403;1;Queretaro;Queretaro;
bohndemexico;404;0;;;no stations, no factory - needs a decision
bohndemexico;405;0;;;no stations, no factory - needs a decision
bohndemexico;406;1;Queretaro;Queretaro;
bohndemexico;408;1;Queretaro;Queretaro;
bohndemexico;409;0;;;no stations, no factory - needs a decision
bohndemexico;410;1;Queretaro;Queretaro;
bohndemexico;412;1;Queretaro;Queretaro;
bohndemexico;414;0;;;no stations, no factory - needs a decision
bohndemexico;416;1;Queretaro;Queretaro;
bohndemexico;418;1;Queretaro;Queretaro;
bohndemexico;419;1;Queretaro;Queretaro;
bohndemexico;420;1;Queretaro;Queretaro;
bohndemexico;421;1;Queretaro;Queretaro;
bohndemexico;422;1;Queretaro;Queretaro;
bohndemexico;423;1;Queretaro;Queretaro;
bohndemexico;424;1;Queretaro;Queretaro;
bohndemexico;425;0;;;no stations, no factory - needs a decision
bohndemexico;428;1;Queretaro;Queretaro;
bohndemexico;430;1;Queretaro;Queretaro;
bohndemexico;431;1;Queretaro;Queretaro;
bohndemexico;432;1;Queretaro;Queretaro;
bohndemexico;433;1;Queretaro;Queretaro;
bohndemexico;434;1;Queretaro;Queretaro;
tori;3;1;Default;Default;
tori;4;1;Default;Default;
tori;5;1;Default;Default;
tori;6;1;Default;Default;
tori;7;1;Default;Default;
tori;9;1;Default;Default;
votomos;1;1;Default;Default;
votomos;2;1;Default;Default;
votomos;3;1;Default;Default;
votomos;4;1;Default;Default;
votomos;5;1;Default;Default;
votomos;6;1;Default;Default;
votomos;7;1;Default;Default;
votomos;8;1;Default;Default;
votomos;9;1;Default;Default;
votomos;10;1;Default;Default;
votomos;11;1;Default;Default;
votomos;12;1;Default;Default;
votomos;13;1;Default;Default;
votomos;14;1;Default;Default;
votomos;15;1;Default;Default;
votomos;16;1;Default;Default;
votomos;17;1;Default;Default;
votomos;18;1;Default;Default;
cristella;3;1;Default;Default;
cristella;4;1;Default;Default;
cristella;16;1;Default;Default;
cristella;24;1;Default;Default;
cristella;28;1;Default;Default;
cristella;30;1;Default;Default;
cristella;31;1;Default;Default;
cristella;35;1;Default;Default;
cristella;41;1;Default;Default;
cristella;42;1;Default;Default;
cristella;44;1;Default;Default;
cristella;56;1;Default;Default;
cristella;57;1;Default;Default;
cristella;60;1;Default;Default;
cristella;61;1;Default;Default;
cristella;62;1;Default;Default;
cristella;63;1;Default;Default;
cristella;64;1;Default;Default;
cristella;68;1;Default;Default;
cristella;70;1;Default;Default;
cristella;71;1;Default;Default;
cristella;72;1;Default;Default;
cristella;76;1;Default;Default;
cristella;77;1;Default;Default;
cristella;78;1;Default;Default;
cristella;81;1;Default;Default;
cristella;82;1;Default;Default;
cristella;86;1;Default;Default;
cristella;87;1;Default;Default;
cristella;88;1;Default;Default;
cristella;89;1;Default;Default;
cristella;90;1;Default;Default;
cristella;91;1;Default;Default;
cristella;92;1;Default;Default;
cristella;93;1;Default;Default;
cristella;94;1;Default;Default;
cristella;95;1;Default;Default;
cristella;99;1;Default;Default;
cristella;100;1;Default;Default;
cristella;103;1;Default;Default;
cristella;104;1;Default;Default;
cristella;105;1;Default;Default;
cristella;106;1;Default;Default;
cristella;107;1;Default;Default;
cristella;108;1;Default;Default;
cristella;109;1;Default;Default;
cristella;110;1;Default;Default;
osmoscobomi;1;1;Osmoscobomi;Osmoscobomi;
osmoscobomi;2;1;Osmoscobomi;Osmoscobomi;
osmoscobomi;3;1;Osmoscobomi;Osmoscobomi;
osmoscobomi;4;1;Osmoscobomi;Osmoscobomi;
osmoscobomi;5;1;Osmoscobomi;Osmoscobomi;
osmoscobomi;6;1;Osmoscobomi;Osmoscobomi;
vti;1;1;Default;Default;
uvesa;3;1;Tudela;Tudela;
uvesa;4;1;Tudela;Tudela;
uvesa;5;1;Tudela;Tudela;
uvesa;7;1;Burgos;Burgos;
uvesa;8;1;Burgos;Burgos;
uvesa;14;1;Incubadora;Incubadora;
applevalley;2;1;Default;Default;
applevalley;4;1;Default;Default;
applevalley;5;1;Default;Default;
applevalley;8;1;Default;Default;
applevalley;9;1;Default;Default;
applevalley;13;1;Default;Default;
applevalley;15;1;Default;Default;
applevalley;17;1;Default;Default;
applevalley;18;1;Default;Default;
applevalley;21;1;Default;Default;
applevalley;22;1;Default;Default;
applevalley;23;1;Default;Default;
applevalley;24;1;Default;Default;
applevalley;25;1;Default;Default;
applevalley;26;1;Default;Default;
applevalley;28;1;Default;Default;
applevalley;31;1;Default;Default;
applevalley;32;1;Default;Default;
applevalley;34;1;Default;Default;
applevalley;36;1;Default;Default;
applevalley;38;1;Default;Default;
applevalley;39;1;Default;Default;
applevalley;40;1;Default;Default;
applevalley;42;1;Default;Default;
applevalley;43;1;Default;Default;
applevalley;49;1;Default;Default;
applevalley;52;1;Default;Default;
applevalley;53;1;Default;Default;
applevalley;54;1;Default;Default;
applevalley;55;1;Default;Default;
applevalley;56;1;Default;Default;
applevalley;58;1;Default;Default;
applevalley;59;1;Default;Default;
applevalley;61;1;Default;Default;
applevalley;62;1;Default;Default;
applevalley;63;1;Default;Default;
applevalley;64;1;Default;Default;
applevalley;65;1;Default;Default;
applevalley;66;1;Default;Default;
applevalley;67;1;Default;Default;
applevalley;68;1;Default;Default;
applevalley;69;1;Default;Default;
applevalley;70;1;Default;Default;
applevalley;71;1;Default;Default;
applevalley;72;1;Default;Default;
applevalley;73;1;Default;Default;
applevalley;74;1;Default;Default;
applevalley;77;1;Default;Default;
applevalley;78;1;Default;Default;
applevalley;79;1;Default;Default;
applevalley;80;1;Default;Default;
applevalley;82;1;Default;Default;
applevalley;83;1;Default;Default;
applevalley;84;1;Default;Default;
applevalley;85;1;Default;Default;
applevalley;86;1;Default;Default;
applevalley;87;1;Default;Default;
applevalley;88;1;Default;Default;
applevalley;90;1;Default;Default;
applevalley;91;1;Default;Default;
applevalley;92;1;Default;Default;
applevalley;93;1;Default;Default;
applevalley;96;1;Default;Default;
applevalley;97;1;Default;Default;
applevalley;98;1;Default;Default;
applevalley;99;1;Default;Default;
applevalley;100;1;Default;Default;
applevalley;101;1;Default;Default;
applevalley;102;1;Default;Default;
applevalley;103;1;Default;Default;
applevalley;104;1;Default;Default;
applevalley;105;1;Default;Default;
applevalley;106;1;Default;Default;
applevalley;107;1;Default;Default;
applevalley;108;1;Default;Default;
oulmes;1;1;Bouskoura;Bouskoura;
oulmes;2;1;Bouskoura;Bouskoura;
oulmes;3;1;Bouskoura;Bouskoura;
oulmes;4;1;Bouskoura;Bouskoura;
oulmes;5;1;Bouskoura;Bouskoura;
oulmes;6;1;Bouskoura;Bouskoura;
oulmes;7;1;Agadir;Agadir;
oulmes;8;1;Agadir;Agadir;
oulmes;10;1;Tarmilate;Tarmilate;
oulmes;11;1;Tarmilate;Tarmilate;
oulmes;12;1;Tarmilate;Tarmilate;
oulmes;13;1;Tarmilate;Tarmilate;
oulmes;14;1;Tarmilate;Tarmilate;
oulmes;15;1;Tarmilate;Tarmilate;
oulmes;16;1;Tarmilate;Tarmilate;
oulmes;17;1;Tarmilate;Tarmilate;
oulmes;18;1;Oujda;Oujda;
oulmes;19;1;Oujda;Oujda;
oulmes;20;1;Oujda;Oujda;
oulmes;21;1;Oujda;Oujda;
menguys;1;1;Default;Default;
menguys;2;1;Default;Default;
menguys;3;1;Default;Default;
menguys;4;1;Default;Default;
menguys;5;1;Default;Default;
menguys;6;1;Default;Default;
menguys;7;1;Default;Default;
menguys;8;1;Default;Default;
menguys;9;1;Default;Default;
menguys;10;1;Default;Default;
menguys;11;1;Default;Default;
menguys;12;1;Default;Default;
menguys;13;1;Default;Default;
menguys;14;1;Default;Default;
menguys;15;1;Default;Default;
menguys;16;1;Default;Default;
menguys;17;1;Default;Default;
menguys;19;1;Default;Default;
menguys;20;1;Default;Default;
menguys;21;1;Default;Default;
menguys;22;1;Default;Default;
menguys;23;1;Default;Default;
menguys;24;1;Default;Default;
menguys;25;1;Default;Default;
menguys;26;1;Default;Default;
menguys;27;1;Default;Default;
menguys;28;1;Default;Default;
menguys;29;1;Default;Default;
menguys;30;1;Default;Default;
menguys;31;1;Default;Default;
menguys;32;1;Default;Default;
menguys;33;1;Default;Default;
menguys;34;1;Default;Default;
menguys;35;1;Default;Default;
menguys;36;1;Default;Default;
menguys;37;1;Default;Default;
menguys;38;1;Default;Default;
menguys;39;1;Default;Default;
menguys;40;1;Default;Default;
menguys;41;1;Default;Default;
menguys;42;1;Default;Default;
menguys;43;1;Default;Default;
menguys;44;1;Default;Default;
menguys;46;1;Default;Default;
menguys;47;1;Default;Default;
menguys;48;1;Default;Default;
menguys;49;1;Default;Default;
menguys;51;1;Default;Default;
menguys;52;1;Default;Default;
menguys;53;1;Default;Default;
menguys;54;1;Default;Default;
menguys;55;1;Default;Default;
menguys;56;1;Default;Default;
menguys;57;1;Default;Default;
menguys;58;1;Default;Default;
menguys;60;1;Default;Default;
menguys;61;1;Default;Default;
menguys;62;1;Default;Default;
menguys;64;1;Default;Default;
menguys;65;1;Default;Default;
blpnorthern;1;1;BLP Northern;BLP Northern;
blpnorthern;2;1;BLP Northern;BLP Northern;
blpnorthern;3;1;BLP Northern;BLP Northern;
blpnorthern;5;1;BLP Northern;BLP Northern;
blpnorthern;6;1;BLP Northern;BLP Northern;
blpnorthern;7;1;BLP Northern;BLP Northern;
blpnorthern;8;1;BLP Northern;BLP Northern;
blpnorthern;9;1;BLP Northern;BLP Northern;
blpnorthern;10;1;BLP Northern;BLP Northern;
blpnorthern;11;1;BLP Northern;BLP Northern;
blpnorthern;12;1;BLP Northern;BLP Northern;
blpnorthern;13;1;BLP Northern;BLP Northern;
blpnorthern;14;1;BLP Northern;BLP Northern;
blpnorthern;15;1;BLP Northern;BLP Northern;
blpnorthern;16;1;BLP Northern;BLP Northern;
blpnorthern;17;1;BLP Northern;BLP Northern;
blpnorthern;18;1;BLP Northern;BLP Northern;
blpnorthern;19;1;BLP Northern;BLP Northern;
blpnorthern;20;1;BLP Northern;BLP Northern;
blpnorthern;24;1;BLP Northern;BLP Northern;
blpnorthern;25;1;BLP Northern;BLP Northern;
blpnorthern;29;1;BLP Northern;BLP Northern;
blpnorthern;30;1;BLP Northern;BLP Northern;
unileverg;4;1;unileverg;unileverg;
unileverg;6;1;unileverg;unileverg;
unileverg;8;1;unileverg;unileverg;
unileverg;9;1;unileverg;unileverg;
unileverg;10;1;unileverg;unileverg;
unileverg;11;1;unileverg;unileverg;
unileverg;12;1;unileverg;unileverg;
unileverg;13;1;unileverg;unileverg;
unileverg;14;1;unileverg;unileverg;
unileverg;15;1;unileverg;unileverg;
unileverg;16;1;unileverg;unileverg;
unileverg;17;1;unileverg;unileverg;
unileverg;18;1;unileverg;unileverg;
unileverg;19;1;unileverg;unileverg;
unileverg;20;1;unileverg;unileverg;
unileverg;22;1;unileverg;unileverg;
unileverg;23;1;unileverg;unileverg;
unileverg;24;1;unileverg;unileverg;
unileverg;25;1;unileverg;unileverg;
unileverg;26;1;unileverg;unileverg;
unileverg;28;1;unileverg;unileverg;
unileverg;34;1;unileverg;unileverg;
unileverg;35;1;unileverg;unileverg;
unileverg;36;1;unileverg;unileverg;
unileverg;37;1;unileverg;unileverg;
unileverg;38;1;unileverg;unileverg;
unileverg;39;1;unileverg;unileverg;
unileverg;40;1;unileverg;unileverg;
unileverg;41;1;unileverg;unileverg;
unileverg;42;1;unileverg;unileverg;
unileverg;43;1;unileverg;unileverg;
unileverg;44;1;unileverg;unileverg;
unileverg;45;1;unileverg;unileverg;
lesieurfrance;1;1;Lesieurfrance;Lesieurfrance;
lesieurfrance;2;1;Lesieurfrance;Lesieurfrance;
lesieurfrance;3;1;Lesieurfrance;Lesieurfrance;
lesieurfrance;4;1;Lesieurfrance;Lesieurfrance;
lesieurfrance;5;1;Lesieurfrance;Lesieurfrance;
lesieurfrance;6;1;Lesieurfrance;Lesieurfrance;
lesieurfrance;7;1;Lesieurfrance;Lesieurfrance;
lesieurfrance;8;1;Lesieurfrance;Lesieurfrance;
lesieurfrance;9;1;Lesieurfrance;Lesieurfrance;
lesieurfrance;10;1;Lesieurfrance;Lesieurfrance;
lesieurfrance;11;1;Lesieurfrance;Lesieurfrance;
lesieurfrance;12;1;Lesieurfrance;Lesieurfrance;
lesieurfrance;13;1;Lesieurfrance;Lesieurfrance;
lesieurfrance;14;1;Lesieurfrance;Lesieurfrance;
lesieurfrance;15;1;Lesieurfrance;Lesieurfrance;
lesieurfrance;16;1;Lesieurfrance;Lesieurfrance;
lesieurfrance;17;1;Lesieurfrance;Lesieurfrance;
lesieurfrance;18;1;Lesieurfrance;Lesieurfrance;
lesieurfrance;20;1;Lesieurfrance;Lesieurfrance;
lesieurfrance;21;1;Lesieurfrance;Lesieurfrance;
lesieurfrance;22;1;Lesieurfrance;Lesieurfrance;
lesieurfrance;23;1;Lesieurfrance;Lesieurfrance;
lesieurfrance;24;1;Lesieurfrance;Lesieurfrance;
lesieurfrance;25;1;Lesieurfrance;Lesieurfrance;
lesieurfrance;26;1;Lesieurfrance;Lesieurfrance;
lesieurfrance;27;1;Lesieurfrance;Lesieurfrance;
lesieurfrance;28;1;Lesieurfrance;Lesieurfrance;
lesieurfrance;29;1;Lesieurfrance;Lesieurfrance;
lesieurfrance;30;1;Lesieurfrance;Lesieurfrance;
lesieurfrance;31;1;Lesieurfrance;Lesieurfrance;
lesieurfrance;32;1;Lesieurfrance;Lesieurfrance;
lesieurfrance;33;1;Lesieurfrance;Lesieurfrance;
lesieurfrance;34;1;Lesieurfrance;Lesieurfrance;
lesieurfrance;35;1;Lesieurfrance;Lesieurfrance;
lesieurfrance;36;1;Lesieurfrance;Lesieurfrance;
lesieurfrance;37;1;Lesieurfrance;Lesieurfrance;
lesieurfrance;39;1;Lesieurfrance;Lesieurfrance;
lesieurfrance;40;1;Lesieurfrance;Lesieurfrance;
lesieurfrance;41;1;Lesieurfrance;Lesieurfrance;
lesieurfrance;42;1;Lesieurfrance;Lesieurfrance;
lesieurfrance;43;1;Lesieurfrance;Lesieurfrance;
lesieurfrance;44;1;Lesieurfrance;Lesieurfrance;
lesieurfrance;45;1;Lesieurfrance;Lesieurfrance;
lesieurfrance;47;0;;;no stations, no factory - needs a decision
lesieurfrance;48;1;Lesieurfrance;Lesieurfrance;
lesieurfrance;49;1;Lesieurfrance;Lesieurfrance;
lesieurfrance;50;1;Lesieurfrance;Lesieurfrance;
lesieurfrance;55;1;Lesieurfrance;Lesieurfrance;
lesieurfrance;58;1;Lesieurfrance;Lesieurfrance;
lesieurfrance;59;1;Lesieurfrance;Lesieurfrance;
lesieurfrance;60;1;Lesieurfrance;Lesieurfrance;
sts;1;1;Sts;Sts;
sts;2;1;Sts;Sts;
somafaco1;1;1;Somafaco1;Somafaco1;
somafaco1;2;1;Somafaco1;Somafaco1;
somafaco1;3;1;Somafaco1;Somafaco1;
somafaco1;4;1;Somafaco1;Somafaco1;
somafaco1;5;1;Somafaco1;Somafaco1;
somafaco1;6;1;Somafaco1;Somafaco1;
ericssoneesti;1;1;Estonia;Estonia;
ericssoneesti;2;1;Estonia;Estonia;
ericssoneesti;3;1;Estonia;Estonia;
ericssoneesti;4;1;Estonia;Estonia;
ericssoneesti;5;1;Estonia;Estonia;
ericssoneesti;6;1;Estonia;Estonia;
ericssoneesti;7;1;Estonia;Estonia;
ericssoneesti;8;1;Estonia;Estonia;
ericssoneesti;9;1;Estonia;Estonia;
ericssoneesti;10;1;Estonia;Estonia;
ericssoneesti;11;1;Estonia;Estonia;
ericssoneesti;12;1;Estonia;Estonia;
ericssoneesti;13;1;Estonia;Estonia;
ericssoneesti;14;1;Estonia;Estonia;
ericssoneesti;15;1;Estonia;Estonia;
ericssoneesti;16;1;Estonia;Estonia;
ericssoneesti;17;1;Estonia;Estonia;
ericssoneesti;18;1;Estonia;Estonia;
ericssoneesti;19;1;Estonia;Estonia;
ericssoneesti;20;1;Estonia;Estonia;
ericssoneesti;21;1;Estonia;Estonia;
ericssoneesti;22;1;Estonia;Estonia;
ericssoneesti;23;1;Estonia;Estonia;
ericssoneesti;24;1;Estonia;Estonia;
ericssoneesti;25;1;Estonia;Estonia;
ericssoneesti;26;1;Estonia;Estonia;
ericssoneesti;27;1;Estonia;Estonia;
ericssoneesti;28;1;Estonia;Estonia;
ericssoneesti;29;1;Estonia;Estonia;
ericssoneesti;30;1;Estonia;Estonia;
ericssoneesti;31;1;Estonia;Estonia;
ericssoneesti;32;1;Estonia;Estonia;
ericssoneesti;33;1;Estonia;Estonia;
ericssoneesti;34;1;Estonia;Estonia;
ericssoneesti;35;1;Estonia;Estonia;
ericssoneesti;36;1;Estonia;Estonia;
ericssoneesti;37;1;Estonia;Estonia;
ericssoneesti;38;1;Estonia;Estonia;
ericssoneesti;39;1;Estonia;Estonia;
ericssoneesti;40;1;Estonia;Estonia;
ericssoneesti;41;1;Estonia;Estonia;
ericssoneesti;42;1;Estonia;Estonia;
ericssoneesti;43;1;Estonia;Estonia;
ericssoneesti;44;1;Estonia;Estonia;
ericssoneesti;45;1;Estonia;Estonia;
ericssoneesti;46;1;Estonia;Estonia;
ericssoneesti;47;1;Estonia;Estonia;
ericssoneesti;48;1;Estonia;Estonia;
ericssoneesti;49;1;Estonia;Estonia;
ericssoneesti;50;1;Estonia;Estonia;
ericssoneesti;51;1;Estonia;Estonia;
ericssoneesti;52;1;China;China;
ericssoneesti;53;1;Estonia;Estonia;
premiumbakery;1;1;Premiumbakery;Premiumbakery;
premiumbakery;2;1;Premiumbakery;Premiumbakery;
premiumbakery;3;1;Premiumbakery;Premiumbakery;
premiumbakery;4;1;Premiumbakery;Premiumbakery;
premiumbakery;5;1;Premiumbakery;Premiumbakery;
premiumbakery;6;1;Premiumbakery;Premiumbakery;
premiumbakery;7;1;Premiumbakery;Premiumbakery;
premiumbakery;9;1;Premiumbakery;Premiumbakery;
premiumbakery;12;1;Premiumbakery;Premiumbakery;
premiumbakery;13;1;Premiumbakery;Premiumbakery;
premiumbakery;14;1;Premiumbakery;Premiumbakery;
neotex;1;1;Default;Default;
neotex;2;1;Default;Default;
neotex;3;1;Default;Default;
neotex;4;1;Default;Default;
melissa;1;1;Default;Default;
melissa;2;1;Default;Default;
melissa;3;1;Default;Default;
melissa;5;1;Default;Default;
melissa;6;1;Default;Default;
melissa;9;1;Default;Default;
melissa;10;1;Default;Default;
melissa;11;1;Default;Default;
melissa;12;1;Default;Default;
melissa;13;1;Default;Default;
melissa;14;1;Default;Default;
melissa;15;1;Default;Default;
melissa;16;1;Default;Default;
melissa;17;1;Default;Default;
melissa;18;1;Default;Default;
melissa;20;1;Default;Default;
melissa;23;1;Default;Default;
melissa;25;1;Default;Default;
melissa;27;1;Default;Default;
melissa;30;1;Default;Default;
melissa;31;1;Default;Default;
melissa;32;1;Default;Default;
melissa;33;1;Default;Default;
melissa;34;1;Default;Default;
melissa;35;1;Default;Default;
melissa;36;1;Default;Default;
melissa;37;1;Default;Default;
melissa;38;1;Default;Default;
melissa;39;1;Default;Default;
melissa;40;1;Default;Default;
melissa;41;1;Default;Default;
melissa;42;1;Default;Default;
melissa;43;1;Default;Default;
melissa;44;1;Default;Default;
melissa;45;1;Default;Default;
melissa;46;1;Default;Default;
melissa;48;1;Default;Default;
melissa;50;1;Default;Default;
melissa;51;1;Default;Default;
melissa;52;1;Default;Default;
melissa;53;1;Default;Default;
melissa;59;1;Default;Default;
melissa;62;1;Default;Default;
melissa;68;1;Default;Default;
lamesa;1;1;LAMESA;LAMESA;
lamesa;2;1;LAMESA;LAMESA;
lamesa;3;1;LAMESA;LAMESA;
lamesa;4;1;LAMESA;LAMESA;
lamesa;5;2;LABASA, LAMESA;LABASA, LAMESA;multi-factory
lamesa;6;2;LABASA, LAMESA;LABASA, LAMESA;multi-factory
lamesa;7;2;LABASA, LAMESA;LABASA, LAMESA;multi-factory
lamesa;8;2;LABASA, LAMESA;LABASA, LAMESA;multi-factory
lamesa;9;1;LABASA;LABASA;
lamesa;10;1;LABASA;LABASA;
lamesa;12;2;LABASA, TECNOPOL;LABASA, TECNOPOL;multi-factory
lamesa;13;1;LABASA;LABASA;
lamesa;14;1;KENTWOOD;KENTWOOD;
lamesa;15;1;KENTWOOD;KENTWOOD;
lamesa;16;1;LAMESA;LAMESA;
lamesa;17;1;LAMESA;LAMESA;
lamesa;18;1;LAMESA;LAMESA;
lamesa;19;1;LAMESA;LAMESA;
lamesa;20;1;LAMESA;LAMESA;
lamesa;21;1;LAMESA;LAMESA;
lamesa;22;1;LAMESA;LAMESA;
lamesa;23;1;LAMESA;LAMESA;
lamesa;24;1;LAMESA;LAMESA;
lamesa;25;1;LAMESA;LAMESA;
lamesa;26;1;LAMESA;LAMESA;
juetro;2;1;JUETRO;JUETRO;
juetro;3;1;JUETRO;JUETRO;
juetro;4;1;JUETRO;JUETRO;
juetro;5;1;JUETRO;JUETRO;
juetro;6;1;JUETRO;JUETRO;
juetro;7;1;JUETRO;JUETRO;
juetro;8;1;JUETRO;JUETRO;
juetro;9;1;JUETRO;JUETRO;
juetro;10;1;JUETRO;JUETRO;
juetro;11;1;JUETRO;JUETRO;
juetro;12;1;JUETRO;JUETRO;
juetro;13;1;JUETRO;JUETRO;
juetro;14;1;JUETRO;JUETRO;
juetro;16;1;JUETRO;JUETRO;
juetro;17;1;JUETRO;JUETRO;
juetro;18;1;JUETRO;JUETRO;
juetro;19;1;JUETRO;JUETRO;
juetro;20;1;JUETRO;JUETRO;
juetro;21;1;JUETRO;JUETRO;
juetro;22;1;JUETRO;JUETRO;
juetro;23;1;JUETRO;JUETRO;
juetro;24;1;JUETRO;JUETRO;
juetro;25;1;JUETRO;JUETRO;
juetro;26;1;JUETRO;JUETRO;
juetro;27;1;JUETRO;JUETRO;
juetro;29;1;JUETRO;JUETRO;
juetro;31;1;JUETRO;JUETRO;
juetro;32;1;JUETRO;JUETRO;
juetro;33;1;JUETRO;JUETRO;
juetro;34;1;JUETRO;JUETRO;
juetro;35;1;JUETRO;JUETRO;
juetro;36;1;JUETRO;JUETRO;
juetro;37;1;JUETRO;JUETRO;
juetro;38;1;JUETRO;JUETRO;
juetro;39;1;JUETRO;JUETRO;
juetro;42;1;JUETRO;JUETRO;
juetro;43;1;JUETRO;JUETRO;
juetro;44;1;JUETRO;JUETRO;
juetro;45;1;JUETRO;JUETRO;
juetro;46;1;JUETRO;JUETRO;
juetro;47;1;JUETRO;JUETRO;
juetro;48;1;JUETRO;JUETRO;
juetro;49;1;JUETRO;JUETRO;
juetro;53;1;JUETRO;JUETRO;
juetro;54;1;JUETRO;JUETRO;
juetro;55;1;JUETRO;JUETRO;
juetro;57;1;JUETRO;JUETRO;
juetro;58;1;JUETRO;JUETRO;
juetro;59;1;JUETRO;JUETRO;
avramar;1;1;Fish Feed;Fish Feed;
avramar;2;1;Fish Feed;Fish Feed;
avramar;3;1;Fish Feed;Fish Feed;
avramar;4;1;Fish Feed;Fish Feed;
avramar;8;1;Fish Feed;Fish Feed;
avramar;11;1;Fish Feed;Fish Feed;
avramar;12;1;Fish Feed;Fish Feed;
avramar;13;1;Fish Feed;Fish Feed;
avramar;15;1;Fish Feed;Fish Feed;
avramar;16;1;Fish Feed;Fish Feed;
avramar;17;1;Fish Feed;Fish Feed;
avramar;18;1;Fish Feed;Fish Feed;
avramar;20;1;Fish Feed;Fish Feed;
avramar;21;1;Fish Feed;Fish Feed;
avramar;22;1;Fish Feed;Fish Feed;
avramar;23;1;Fish Feed;Fish Feed;
avramar;24;1;Fish Feed;Fish Feed;
avramar;25;1;Fish Feed;Fish Feed;
avramar;34;1;Fish Feed;Fish Feed;
avramar;35;1;Fish Feed;Fish Feed;
avramar;36;1;Fish Feed;Fish Feed;
avramar;38;1;Fish Feed;Fish Feed;
avramar;39;1;Fish Feed;Fish Feed;
avramar;40;1;Fish Feed;Fish Feed;
avramar;41;1;Fish Feed;Fish Feed;
avramar;43;1;Fish Feed;Fish Feed;
avramar;46;1;Fish Feed;Fish Feed;
avramar;47;1;Fish Feed;Fish Feed;
avramar;49;1;Fish Feed;Fish Feed;
avramar;52;1;Fish Feed;Fish Feed;
avramar;53;1;Fish Feed;Fish Feed;
avramar;54;1;Fish Feed;Fish Feed;
avramar;55;1;Fish Packaging;Fish Packaging;
avramar;56;1;Fish Packaging;Fish Packaging;
avramar;57;1;Fish Feed;Fish Feed;
avramar;58;1;Fish Feed;Fish Feed;
bramidanas;1;1;Bramidan;Bramidan;
bramidanas;2;1;Bramidan;Bramidan;
bramidanas;3;1;Bramidan;Bramidan;
bramidanas;4;1;Bramidan;Bramidan;
bramidanas;5;1;Bramidan;Bramidan;
bramidanas;6;1;Bramidan;Bramidan;
bramidanas;7;1;Bramidan;Bramidan;
bramidanas;8;1;Bramidan;Bramidan;
bramidanas;9;1;Bramidan;Bramidan;
bramidanas;10;1;Bramidan;Bramidan;
bramidanas;11;1;Bramidan;Bramidan;
bramidanas;12;1;Bramidan;Bramidan;
sunnyfield;1;1;Default;Default;
sunnyfield;6;1;Default;Default;
sunnyfield;7;1;Default;Default;
sunnyfield;8;1;Default;Default;
sunnyfield;9;1;Default;Default;
sunnyfield;12;1;Default;Default;
sunnyfield;13;1;Default;Default;
sunnyfield;14;1;Default;Default;
sunnyfield;15;1;Default;Default;
sunnyfield;18;1;Default;Default;
sunnyfield;22;1;Default;Default;
sunnyfield;23;1;Default;Default;
sunnyfield;24;1;Default;Default;
sunnyfield;25;1;Default;Default;
sunnyfield;27;1;Default;Default;
sunnyfield;28;1;Default;Default;
sunnyfield;29;1;Default;Default;
